RESULT_COUNT: 214,PAGE_SIZE: 10000,CURRENT_PAGE: 1,TOTAL_PAGES: 1,API_CALL_CREDITS: 1
TICKER,FIGI_TICKER,FIGI,TITLE,PUBLICATION_DATE,URL,SUMMARY
CMD,CMD:US,BBG000KJP3V7,See what the IHS Markit Score report has to say about Cantel Medical Corp.,2017-10-17 12:06:59 +0000,https://finance.yahoo.com/news/see-ihs-markit-score-report-120659526.html?.tsrc=rss,"The last change in the short interest score occurred more than 1 month ago and implies that there has been little change in sentiment among investors who seek to profit from falling equity prices.  Index (PMI) data, output in the Healthcare sector is rising."
CMD,CMD:US,BBG000KJP3V7,"ETFs with exposure to Cantel Medical Corp. : October 16, 2017",2017-10-16 13:50:07 +0000,http://finance.yahoo.com/r/bf191d5b-1013-3286-8df2-85cfd57f6ee2/etfs-with-exposure-to-cantel-medical-corp-october-16-2017?yptr=yahoo&.tsrc=rss,"Categories:  ETFs Yahoo FinanceClick here to see latest analysis ETFs with exposure to Cantel Medical Corp. Here are 5 ETFs with the largest exposure to CMD-US. Comparing the performance and risk of Cantel Medical Corp. with the ETFs that have exposure to it gives us some ETF choices that could give us similar returns with lower volatility. Ticker ... Read more
<b>(Read more...)</b>"
CMD,CMD:US,BBG000KJP3V7,See what the IHS Markit Score report has to say about Cantel Medical Corp.,2017-10-16 12:07:19 +0000,https://finance.yahoo.com/news/see-ihs-markit-score-report-120719648.html?.tsrc=rss,"The last change in the short interest score occurred more than 1 month ago and implies that there has been little change in sentiment among investors who seek to profit from falling equity prices.  Index (PMI) data, output in the Healthcare sector is rising."
CMD,CMD:US,BBG000KJP3V7,Idexx Laboratories Shows Rising Relative Strength; Still Shy Of Key Benchmark,2017-10-13 15:16:26 +0000,http://articlefeeds.nasdaq.com/~r/nasdaq/symbols/~3/MBRlQcE2Zes/idexx-laboratories-shows-rising-relative-strength-still-shy-of-key-benchmark-cm859476,The Relative Strength RS Rating for Idexx Laboratories IDXX moved into a higher percentile Friday as it got a lift from 69 to 76 ibd display video id 2102289 width 50 float left autostart true IBD s proprietary rating identifies price performance with a
CMD,CMD:US,BBG000KJP3V7,Earnings Review and Free Research Report: Cantel Medical’s Adjusted EPS Increased 12.5%,2017-10-10 11:50:00 +0000,https://finance.yahoo.com/news/earnings-review-free-research-report-115000078.html?.tsrc=rss,"LONDON, UK / ACCESSWIRE / October 10, 2017 / Pro-Trader Daily has just published a free post-earnings coverage on Cantel Medical Corp. (NYSE: CMD ), which can be viewed by registering at http://protraderdaily.com/optin/?symbol=CMD ..."
CMD,CMD:US,BBG000KJP3V7,"IJT, CMD, STMP, LITE: ETF Inflow Alert",2017-10-09 16:52:22 +0000,http://articlefeeds.nasdaq.com/~r/nasdaq/symbols/~3/Wzi2a6Mbjkk/ijt-cmd-stmp-lite-etf-inflow-alert-cm857058,Looking today at week over week shares outstanding changes among the universe of ETFs covered at ETF Channel one standout is the iShares S amp P Small Cap 600 Growth ETF Symbol IJT where we have detected an approximate 83 3 million dollar inflow that s a 1 8 increase week over week
CMD,CMD:US,BBG000KJP3V7,See what the IHS Markit Score report has to say about Cantel Medical Corp.,2017-10-09 12:07:30 +0000,https://finance.yahoo.com/news/see-ihs-markit-score-report-120730895.html?.tsrc=rss,"The last change in the short interest score occurred more than 1 month ago and implies that there has been little change in sentiment among investors who seek to profit from falling equity prices.  Index (PMI) data, output in the Healthcare sector is rising."
CMD,CMD:US,BBG000KJP3V7,Haemonetics Shows Market Leadership With Jump To 81 RS Rating,2017-10-06 15:47:35 +0000,http://articlefeeds.nasdaq.com/~r/nasdaq/symbols/~3/Gr1_uZiMle4/haemonetics-shows-market-leadership-with-jump-to-81-rs-rating-cm856343,One important metric to look for in a stock is an 80 or higher Relative Strength Rating Haemonetics HAE cleared that benchmark Friday with a jump from 78 to 81 Friday ibd display video id 449419 width 50 float left autostart true This unique rating tracks
CMD,CMD:US,BBG000KJP3V7,Idexx Laboratories Sees RS Rating Rise To 73,2017-10-05 14:54:16 +0000,http://articlefeeds.nasdaq.com/~r/nasdaq/symbols/~3/g2ZOI0Tx2Nk/idexx-laboratories-sees-rs-rating-rise-to-73-cm855795,Idexx Laboratories IDXX saw a positive improvement to its Relative Strength RS Rating on Thursday rising from 68 to 73 ibd display video id 449423 width 50 float left autostart true IBD s proprietary rating tracks price action with a 1 worst to 99
CMD,CMD:US,BBG000KJP3V7,"ETFs with exposure to Cantel Medical Corp. : October 3, 2017",2017-10-03 15:05:35 +0000,http://finance.yahoo.com/r/fde9d340-fdbc-32c3-8bf5-5cc721efc3de/etfs-with-exposure-to-cantel-medical-corp-october-3-2017?yptr=yahoo&.tsrc=rss,"Categories:  ETFs Yahoo FinanceClick here to see latest analysis ETFs with exposure to Cantel Medical Corp. Here are 5 ETFs with the largest exposure to CMD-US. Comparing the performance and risk of Cantel Medical Corp. with the ETFs that have exposure to it gives us some ETF choices that could give us similar returns with lower volatility. Ticker ... Read more
<b>(Read more...)</b>"
CMD,CMD:US,BBG000KJP3V7,Cantel Medical Corp. Closes Out the Year With a Solid Mix of Growth,2017-10-02 19:30:00 +0000,http://finance.yahoo.com/r/6cf1b4c4-dcb2-34f7-b569-a9774216d74a/cantel-medical-corp-closes-out-the-year-with-a-sol.aspx?yptr=yahoo&.tsrc=rss,The medical supply company is well on its way to meeting its five-year goal of doubling revenue and profit.
CMD,CMD:US,BBG000KJP3V7,Cantel Medical Earns Relative Strength Rating Upgrade; Hits Key Benchmark,2017-10-02 14:51:12 +0000,http://articlefeeds.nasdaq.com/~r/nasdaq/symbols/~3/snxyWtdhk4M/cantel-medical-earns-relative-strength-rating-upgrade-hits-key-benchmark-cm853955,Cantel Medical CMD saw a welcome improvement to its Relative Strength RS Rating on Monday rising from 79 to 83 ibd display video id 449423 width 50 float left autostart true This exclusive rating from Investor s Business Daily tracks market leadership with a
CMD,CMD:US,BBG000KJP3V7,Haemonetics Earns RS Rating Upgrade,2017-10-02 14:50:40 +0000,http://articlefeeds.nasdaq.com/~r/nasdaq/symbols/~3/7omBFIwgPs4/haemonetics-earns-rs-rating-upgrade-cm853946,Haemonetics HAE saw a welcome improvement to its Relative Strength RS Rating on Monday with an upgrade from 68 to 76 ibd display video id 449423 width 50 float left autostart true IBD s unique rating identifies price action with a 1 worst to 99 best
CMD,CMD:US,BBG000KJP3V7,"Cantel Medical Corp. :CMD-US: Earnings Analysis: Q4, 2017 By the Numbers : October 2, 2017",2017-10-02 13:26:18 +0000,http://finance.yahoo.com/r/9447829f-4bd8-379e-9261-a9f62fd57fae/cantel-medical-corp-cmd-us-earnings-analysis-q4-2017-by-the-numbers-october-2-2017?yptr=yahoo&.tsrc=rss,"Categories:  Yahoo FinanceGet free summary analysis Cantel Medical Corp. reports financial results for the quarter ended July 31, 2017. Highlights Summary numbers: Revenues of USD 205.50 million, Net Earnings of USD 17.00 million. Gross margins narrowed from 45.79% to 44.40% compared to the same period last year, operating (EBITDA) margins now 18.44% from 18.11%. Change in operating ... Read more
<b>(Read more...)</b>"
CMD,CMD:US,BBG000KJP3V7,See what the IHS Markit Score report has to say about Cantel Medical Corp.,2017-10-02 12:05:35 +0000,https://finance.yahoo.com/news/see-ihs-markit-score-report-120535987.html?.tsrc=rss,Cantel Medical Corp NYSE:CMD
CMD,CMD:US,BBG000KJP3V7,See what the IHS Markit Score report has to say about Cantel Medical Corp.,2017-09-29 12:07:05 +0000,https://finance.yahoo.com/news/see-ihs-markit-score-report-120705049.html?.tsrc=rss,Cantel Medical Corp NYSE:CMD
CMD,CMD:US,BBG000KJP3V7,Cantel posts 4Q profit,2017-09-29 01:41:47 +0000,https://finance.yahoo.com/news/cantel-posts-4q-profit-122100145.html?.tsrc=rss,"The Little Falls, New Jersey-based company said it had profit of 41 cents per share. Earnings, adjusted for amortization costs and non-recurring costs, were 54 cents per share. The medical equipment maker ..."
CMD,CMD:US,BBG000KJP3V7,"Notable Thursday Option Activity: UFS, CMD, CMG",2017-09-28 20:34:17 +0000,http://articlefeeds.nasdaq.com/~r/nasdaq/symbols/~3/T6_hbibk8gA/notable-thursday-option-activity-ufs-cmd-cmg-cm852797,Looking at options trading activity among components of the Russell 3000 index there is noteworthy activity today in Domtar Corp Symbol UFS where a total volume of 4 567 contracts has been traded thus far today a contract volume which is representative of approximately 456 700
CMD,CMD:US,BBG000KJP3V7,Nevro Trying To Close In On Key Technical Benchmark,2017-09-28 14:46:35 +0000,http://articlefeeds.nasdaq.com/~r/nasdaq/symbols/~3/-mAP8gUNAqE/nevro-trying-to-close-in-on-key-technical-benchmark-cm852557,On Thursday Nevro NVRO received a positive adjustment to its Relative Strength RS Rating from 65 to 72 ibd display video id 2102289 width 50 float left autostart true IBD s proprietary rating tracks market leadership with a 1 worst to 99 best score
CMD,CMD:US,BBG000KJP3V7,Stocks Showing Improved Relative Strength: Cantel Medical,2017-09-28 14:45:46 +0000,http://articlefeeds.nasdaq.com/~r/nasdaq/symbols/~3/_h3MvwF2BU8/stocks-showing-improved-relative-strength-cantel-medical-cm852545,In a welcome move Cantel Medical CMD saw its Relative Strength Rating rise from 67 to 72 on Thursday ibd display video id 2102289 width 50 float left autostart true IBD s proprietary RS Rating identifies technical performance by showing how a stock s price action
CMD,CMD:US,BBG000KJP3V7,See what the IHS Markit Score report has to say about Cantel Medical Corp.,2017-09-28 12:05:42 +0000,https://finance.yahoo.com/news/see-ihs-markit-score-report-120705782.html?.tsrc=rss,Cantel Medical Corp NYSE:CMD
CMD,CMD:US,BBG000KJP3V7,"Cantel Medical Reports Record Financial Results For The Fourth Quarter Ended July 31, 2017",2017-09-28 12:00:00 +0000,https://finance.yahoo.com/news/cantel-medical-reports-record-financial-120000347.html?.tsrc=rss,"- Net sales of $205.5 million , up 14.8% with organic sales growth of 9.2% - Full year net sales of $770.2 million , up 15.9% with organic sales growth of 11.0% - Diluted EPS of $0.41 up 4.2% - Non-GAAP ..."
CMD,CMD:US,BBG000KJP3V7,Investor Network: Cantel Medical Corp. to Host Earnings Call,2017-09-28 11:30:00 +0000,https://finance.yahoo.com/news/investor-network-cantel-medical-corp-113000828.html?.tsrc=rss,"NEW YORK, NY / ACCESSWIRE / September 28, 2017 / Cantel Medical Corp. (NYSE: CMD ) will be discussing their earnings results in their Q4 Earnings Call to be held September 28, 2017 at 11:00 AM Eastern ..."
CMD,CMD:US,BBG000KJP3V7,Stocks Showing Improved Relative Strength: Cantel Medical,2017-09-28 07:00:00 +0000,http://finance.yahoo.com/r/46878e57-cc0c-3c89-8b91-5567a3479b95/stocks-showing-improved-relative-strength-cantel-medical?src=A00220&yptr=yahoo&.tsrc=rss,A Relative Strength Rating upgrade for Cantel Medical shows improving technical performance. Will it continue?
CMD,CMD:US,BBG000KJP3V7,"Pre-Market Earnings Report for September 28, 2017 :  ACN, CAG, MKC, MTN, CMD, RAD, ANGO, FGP, OMN, HHS",2017-09-27 20:11:40 +0000,http://articlefeeds.nasdaq.com/~r/nasdaq/symbols/~3/6OVZdT6tEKE/pre-market-earnings-report-for-september-28-2017-acn-cag-mkc-mtn-cmd-rad-ango-fgp-omn-hhs-cm852141,The following companies are expected to report earnings prior to market open on 09 28 2017 Visit our Earnings Calendar for a full list of expected earnings releases Accenture plc ACN is reporting for the quarter ending August 31 2017 The
CMD,CMD:US,BBG000KJP3V7,See what the IHS Markit Score report has to say about Cantel Medical Corp.,2017-09-26 12:07:12 +0000,https://finance.yahoo.com/news/see-ihs-markit-score-report-120712410.html?.tsrc=rss,Cantel Medical Corp NYSE:CMD
CMD,CMD:US,BBG000KJP3V7,"Cantel Medical Corp. to Hold Conference Call to Discuss Results for its Fourth Quarter and Fiscal Year Ended July 31, 2017",2017-09-21 12:00:00 +0000,https://finance.yahoo.com/news/cantel-medical-corp-hold-conference-120000098.html?.tsrc=rss,"LITTLE FALLS, N.J., Sept. 21, 2017 /PRNewswire/ -- CANTEL MEDICAL CORP . (NYSE: CMD) will release the results for its fourth quarter and fiscal year ended July 31, 2017 on Thursday, September 28 before ..."
CMD,CMD:US,BBG000KJP3V7,Stocks With Rising Relative Strength: Cantel Medical,2017-09-20 07:00:00 +0000,http://finance.yahoo.com/r/8fde2b3e-4b4b-37f4-b073-6e6218d91610/stocks-with-rising-relative-strength-cantel-medical?src=A00220&yptr=yahoo&.tsrc=rss,"Cantel Medical shows rising price performance, earning an upgrade to its IBD Relative Strength Rating"
CMD,CMD:US,BBG000KJP3V7,See what the IHS Markit Score report has to say about Cantel Medical Corp.,2017-09-19 12:07:30 +0000,https://finance.yahoo.com/news/see-ihs-markit-score-report-120730120.html?.tsrc=rss,"The last change in the short interest score occurred more than 1 month ago and implies that there has been little change in sentiment among investors who seek to profit from falling equity prices.  Over the last month, growth of ETFs holding CMD is favorable, with net inflows of $5.33 billion."
CMD,CMD:US,BBG000KJP3V7,This Medical Device Maker Is Now Outperforming 96% Of All Stocks,2017-09-18 14:49:00 +0000,http://finance.yahoo.com/r/be72f139-d726-36ac-8ca3-401b10753cf8/cantel-medical-joins-rank-of-stocks-with-95-plus-composite-rating?src=A00220&yptr=yahoo&.tsrc=rss,"Cantel Medical saw its IBD SmartSelect Composite Rating rise to 96 Monday, up from 94 the day before."
CMD,CMD:US,BBG000KJP3V7,See what the IHS Markit Score report has to say about Cantel Medical Corp.,2017-09-18 12:07:06 +0000,https://finance.yahoo.com/news/see-ihs-markit-score-report-120706414.html?.tsrc=rss,Cantel Medical Corp NYSE:CMD
CMD,CMD:US,BBG000KJP3V7,See what the IHS Markit Score report has to say about Cantel Medical Corp.,2017-09-12 12:08:47 +0000,https://finance.yahoo.com/news/see-ihs-markit-score-report-120847762.html?.tsrc=rss,Cantel Medical Corp NYSE:CMD
CMD,CMD:US,BBG000KJP3V7,See what the IHS Markit Score report has to say about Cantel Medical Corp.,2017-09-02 12:11:33 +0000,https://finance.yahoo.com/news/see-ihs-markit-score-report-121133286.html?.tsrc=rss,"The last change in the short interest score occurred more than 1 month ago and implies that there has been little change in sentiment among investors who seek to profit from falling equity prices.  Index (PMI) data, output in the Healthcare sector is rising."
CMD,CMD:US,BBG000KJP3V7,See what the IHS Markit Score report has to say about Cantel Medical Corp.,2017-08-24 12:05:32 +0000,https://finance.yahoo.com/news/see-ihs-markit-score-report-120532117.html?.tsrc=rss,"The last change in the short interest score occurred more than 1 month ago and implies that there has been little change in sentiment among investors who seek to profit from falling equity prices.  Index (PMI) data, output in the Healthcare sector is rising."
CMD,CMD:US,BBG000KJP3V7,"Cantel Medical Corp. : CMD-US: Dividend Analysis : July 17th, 2017 (record date) : By the numbers : August 23, 2017",2017-08-23 18:43:35 +0000,http://finance.yahoo.com/r/1ec0fcdb-acfb-3bb1-b72d-389482a20ce8/cantel-medical-corp-cmd-us-dividend-analysis-july-17th-2017-record-date-by-the-numbers-august-23-2017?yptr=yahoo&.tsrc=rss,"Categories:  Yahoo FinanceGet free summary analysis Our analysis is based on comparing Cantel Medical Corp. with the following peers – DENTSPLY SIRONA, Inc., STERIS Plc, C. R. Bard, Inc., CONMED Corporation, Teleflex Incorporated, Ecolab Inc., Fresenius Medical Care AG & Co. KGaA Sponsored ADR, Johnson & Johnson, Danaher Corporation and Rockwell Medical, Inc. (XRAY-US, STE-US, BCR-US, CNMD-US, ... Read more
<b>(Read more...)</b>"
CMD,CMD:US,BBG000KJP3V7,Cantel Medical Completes Acquisition of BHT Group in Germany,2017-08-23 12:49:00 +0000,https://finance.yahoo.com/news/cantel-medical-completes-acquisition-bht-124900257.html?.tsrc=rss,"LITTLE FALLS, N.J. , Aug. 23, 2017 /PRNewswire/ --  CANTEL MEDICAL CORP. (NYSE:CMD) announced today that it has completed its previously announced acquisition of BHT Hygienetechnik Holding GmbH (""BHT ..."
CMD,CMD:US,BBG000KJP3V7,Cantel Medical Breaks Above 200-Day Moving Average - Bullish for CMD,2017-08-22 21:37:22 +0000,http://articlefeeds.nasdaq.com/~r/nasdaq/symbols/~3/e3ut4ZwH3LA/cantel-medical-breaks-above-200-day-moving-average-bullish-for-cmd-cm835635,In trading on Tuesday shares of Cantel Medical Corp Symbol CMD crossed above their 200 day moving average of 77 31 changing hands as high as 77 50 per share Cantel Medical Corp shares are currently trading up about 1 9 on the day The chart below shows the one year performance of
CMD,CMD:US,BBG000KJP3V7,"Cantel Medical Corp. breached its 50 day moving average in a Bearish Manner : CMD-US : August 18, 2017",2017-08-18 13:47:41 +0000,http://finance.yahoo.com/r/e4f8acbd-9ffd-3d39-ba68-6e783f05debf/cantel-medical-corp-breached-its-50-day-moving-average-in-a-bearish-manner-cmd-us-august-18-2017?yptr=yahoo&.tsrc=rss,"Categories:  ETFs Yahoo FinanceGet full CapitalCube analysis *Disclaimer : This is as of previous day’s closing price. Technical Indicators Below is a quick look at 5 technical indicators for Cantel Medical Corp.. More studies are available on the Technical Chart. Indicator Signal Closing Price above/below 50 Day Moving Average Bearish Closing Price above/below 200 Day Moving Average Bearish ... Read more
<b>(Read more...)</b>"
CMD,CMD:US,BBG000KJP3V7,See what the IHS Markit Score report has to say about Cantel Medical Corp.,2017-08-12 12:06:22 +0000,https://finance.yahoo.com/news/see-ihs-markit-score-report-120622880.html?.tsrc=rss,"The last change in the short interest score occurred more than 1 month ago and implies that there has been little change in sentiment among investors who seek to profit from falling equity prices.  Index (PMI) data, output in the Healthcare sector is rising."
CMD,CMD:US,BBG000KJP3V7,"Cantel Medical Corp. breached its 50 day moving average in a Bullish Manner : CMD-US : August 7, 2017",2017-08-07 12:35:28 +0000,http://finance.yahoo.com/r/95fc86b3-46df-3135-b2b3-16ab328b0711/cantel-medical-corp-breached-its-50-day-moving-average-in-a-bullish-manner-cmd-us-august-7-2017?yptr=yahoo&.tsrc=rss,"Categories:  ETFs Yahoo FinanceGet full CapitalCube analysis *Disclaimer : This is as of previous day’s closing price. Technical Indicators Below is a quick look at 5 technical indicators for Cantel Medical Corp.. More studies are available on the Technical Chart. Indicator Signal Closing Price above/below 50 Day Moving Average Bullish Closing Price above/below 200 Day Moving Average Bearish ... Read more
<b>(Read more...)</b>"
CMD,CMD:US,BBG000KJP3V7,Cantel Medical to Acquire BHT Group in Germany,2017-07-31 12:00:00 +0000,https://finance.yahoo.com/news/cantel-medical-acquire-bht-group-120000020.html?.tsrc=rss,"Acquisition to vault Cantel to leadership position in German automated endoscope reprocessing market LITTLE FALLS, N.J. , July 31, 2017 /PRNewswire/ -- CANTEL MEDICAL CORP. (NYSE:CMD), a leading global ..."
CMD,CMD:US,BBG000KJP3V7,"Cantel Medical Corp. breached its 50 day moving average in a Bearish Manner : CMD-US : July 24, 2017",2017-07-24 13:33:45 +0000,http://finance.yahoo.com/r/29b66613-ab3d-3e18-adf9-37e456b1a83b/cantel-medical-corp-breached-its-50-day-moving-average-in-a-bearish-manner-cmd-us-july-24-2017?yptr=yahoo&.tsrc=rss,"Categories:  ETFs Yahoo FinanceGet full CapitalCube analysis *Disclaimer : This is as of previous day’s closing price. Technical Indicators Below is a quick look at 5 technical indicators for Cantel Medical Corp.. More studies are available on the Technical Chart. Indicator Signal Closing Price above/below 50 Day Moving Average Bearish Closing Price above/below 200 Day Moving Average Bearish ... Read more
<b>(Read more...)</b>"
CMD,CMD:US,BBG000KJP3V7,"Conestoga Capital Advisors, LLC Buys ESCO Technologies Inc, Vocera Communications Inc, The ...",2017-07-22 10:02:54 +0000,http://articlefeeds.nasdaq.com/~r/nasdaq/symbols/~3/apjt1NuruDM/conestoga-capital-advisors-llc-buys-esco-technologies-inc-vocera-communications-inc-the-cm819689,Conestoga Capital Advisors LLC New Purchases VCRA JKHY BMY BMY WPC ECL Added Positions ESE DSGX WAGE EXPO LMAT ROG CMD WDFC OMCL NEOG Reduced Positions ALGN STMP SPSC HSTM MLAB CPRT MINI INFO HEI A MKL Sold Out BCR VZ
CMD,CMD:US,BBG000KJP3V7,"Cantel Medical Corp. (CMD) Ex-Dividend Date Scheduled for July 13, 2017",2017-07-12 13:14:40 +0000,http://articlefeeds.nasdaq.com/~r/nasdaq/symbols/~3/A6eZVI6-IMg/cantel-medical-corp-cmd-ex-dividend-date-scheduled-for-july-13-2017-cm814898,Cantel Medical Corp CMD will begin trading ex dividend on July 13 2017 A cash dividend payment of 0 07 per share is scheduled to be paid on July 31 2017 Shareholders who purchased CMD prior to the ex dividend date are eligible for the cash dividend payment Cantel Medical Corp
CMD,CMD:US,BBG000KJP3V7,"Ex-Dividend Reminder: Hormel Foods, Cantel Medical and PNC Financial Services Group",2017-07-11 15:45:23 +0000,http://articlefeeds.nasdaq.com/~r/nasdaq/symbols/~3/jfjJcyGjb6o/ex-dividend-reminder-hormel-foods-cantel-medical-and-pnc-financial-services-group-cm814413,Looking at the universe of stocks we cover at Dividend Channel on 7 13 17 Hormel Foods Corp Symbol HRL Cantel Medical Corp Symbol CMD and PNC Financial Services Group Symbol PNC will all trade ex dividend for their respective upcoming dividends Hormel Foods Corp will pay
CMD,CMD:US,BBG000KJP3V7,"Cantel Medical Corp. – Value Analysis (NYSE:CMD) : July 10, 2017",2017-07-10 19:51:41 +0000,http://finance.yahoo.com/r/4e1caccf-e394-32fc-9917-6077fc27dd20/cantel-medical-corp-value-analysis-nysecmd-july-10-2017?yptr=yahoo&.tsrc=rss,"Categories:  Fundamental Analysis Yahoo FinanceClick here to see latest analysis Capitalcube gives Cantel Medical Corp. a score of 78. Our analysis is based on comparing Cantel Medical Corp. with the following peers – DENTSPLY SIRONA, Inc., STERIS Plc, C. R. Bard, Inc., CONMED Corporation, Teleflex Incorporated, Ecolab Inc., Fresenius Medical Care AG & Co. KGaA Sponsored ADR, Rockwell Medical, ... Read more
<b>(Read more...)</b>"
CMD,CMD:US,BBG000KJP3V7,"Cantel Medical Corp. breached its 50 day moving average in a Bearish Manner : CMD-US : July 7, 2017",2017-07-07 13:41:01 +0000,http://finance.yahoo.com/r/bcceb810-bc10-3e74-93c1-06dd3291032f/cantel-medical-corp-breached-its-50-day-moving-average-in-a-bearish-manner-cmd-us-july-7-2017?yptr=yahoo&.tsrc=rss,"Categories:  ETFs Yahoo FinanceGet full CapitalCube analysis *Disclaimer : This is as of previous day’s closing price. Technical Indicators Below is a quick look at 5 technical indicators for Cantel Medical Corp.. More studies are available on the Technical Chart. Indicator Signal Closing Price above/below 50 Day Moving Average Bearish Closing Price above/below 200 Day Moving Average Bearish ... Read more
<b>(Read more...)</b>"
CMD,CMD:US,BBG000KJP3V7,"Daily Dividend Report: WOR, DIS, STZ, XRAY, LEN, CMD",2017-06-29 19:03:04 +0000,http://articlefeeds.nasdaq.com/~r/nasdaq/symbols/~3/Kfs-oEy0MOU/daily-dividend-report-wor-dis-stz-xray-len-cmd-cm810145,Worthington declared a quarterly dividend of 0 21 per share payable on September 29 2017 to shareholders of record on September 15 2017 The Walt Disney Company DIS declared a semi annual cash dividend of 0 78 per share payable July 27 2017 to shareholders of record at the close
CMD,CMD:US,BBG000KJP3V7,Cantel Medical Board of Directors Authorizes Regular Semiannual Dividend,2017-06-29 13:44:00 +0000,https://finance.yahoo.com/news/cantel-medical-board-directors-authorizes-134400908.html?.tsrc=rss,"LITTLE FALLS, N.J., June 29, 2017 /PRNewswire/ --  Cantel Medical Corp. (NYSE: CMD) today announced that its Board of Directors authorized a regular semiannual cash dividend of $0.07 per outstanding share ..."
CMD,CMD:US,BBG000KJP3V7,"ETFs with exposure to Cantel Medical Corp. : June 26, 2017",2017-06-26 19:39:01 +0000,http://finance.yahoo.com/r/36ffb09b-bf60-31b5-b55a-1a799f9628dd/etfs-with-exposure-to-cantel-medical-corp-june-26-2017?yptr=yahoo&.tsrc=rss,"Categories:  ETFs Yahoo FinanceClick here to see latest analysis ETFs with exposure to Cantel Medical Corp. Here are 5 ETFs with the largest exposure to CMD-US. Comparing the performance and risk of Cantel Medical Corp. with the ETFs that have exposure to it gives us some ETF choices that could give us similar returns with lower volatility. Ticker ... Read more
<b>(Read more...)</b>"
CMD,CMD:US,BBG000KJP3V7,"ETFs with exposure to Cantel Medical Corp. : June 9, 2017",2017-06-09 17:22:26 +0000,http://finance.yahoo.com/r/4a00bf00-c428-3e0d-a70a-4409506a5485/etfs-with-exposure-to-cantel-medical-corp-june-9-2017?yptr=yahoo&.tsrc=rss,"Categories:  ETFs Yahoo FinanceClick here to see latest analysis ETFs with exposure to Cantel Medical Corp. Here are 5 ETFs with the largest exposure to CMD-US. Comparing the performance and risk of Cantel Medical Corp. with the ETFs that have exposure to it gives us some ETF choices that could give us similar returns with lower volatility. Ticker ... Read more
<b>(Read more...)</b>"
CMD,CMD:US,BBG000KJP3V7,"Cantel Medical Corp. :CMD-US: Earnings Analysis: Q3, 2017 By the Numbers : June 9, 2017",2017-06-09 14:37:32 +0000,http://finance.yahoo.com/r/ab89f75b-e566-34b9-a736-308db02db50f/cantel-medical-corp-cmd-us-earnings-analysis-q3-2017-by-the-numbers-june-9-2017?yptr=yahoo&.tsrc=rss,"Categories:  Yahoo FinanceGet free summary analysis Cantel Medical Corp. reports financial results for the quarter ended April 30, 2017. We analyze the earnings along side the following peers of Cantel Medical Corp. – DENTSPLY SIRONA, Inc., STERIS Plc, C. R. Bard, Inc., CONMED Corporation, Teleflex Incorporated, Ecolab Inc., Fresenius Medical Care AG & Co. KGaA Sponsored ADR, ... Read more
<b>(Read more...)</b>"
CMD,CMD:US,BBG000KJP3V7,Cantel Medical Corp. Gives the Bottom Line a Boost,2017-06-08 21:28:41 +0000,http://articlefeeds.nasdaq.com/~r/nasdaq/symbols/~3/vGgqQJ9TVeg/cantel-medical-corp-gives-the-bottom-line-a-boost-cm800853,Cantel Medical s NYSE CMD moves to acquire its international distributors and boost operational efficiency helped the medical supply company grow operating income and earnings faster than revenue during its fiscal third quarter which ended April 30 Cantel Medical results The
CMD,CMD:US,BBG000KJP3V7,Cantel Medical Corp. Gives the Bottom Line a Boost,2017-06-08 20:21:00 +0000,http://finance.yahoo.com/r/6a1b1b3c-69d0-3e4f-a2b5-7a3ca2eca67b/cantel-medical-corp-gives-the-bottom-line-a-boost.aspx?yptr=yahoo&.tsrc=rss,It&apos;s hard to complain about the medical supply company growing its earnings faster than its revenue.
CMD,CMD:US,BBG000KJP3V7,Cantel posts 3Q profit,2017-06-08 12:28:46 +0000,https://finance.yahoo.com/news/cantel-posts-3q-profit-122846084.html?.tsrc=rss,"The Little Falls, New Jersey-based company said it had profit of 42 cents per share. Earnings, adjusted for one-time gains and costs, were 51 cents per share. The medical equipment maker posted revenue ..."
CMD,CMD:US,BBG000KJP3V7,"Cantel Medical Reports Financial Results For The Third Quarter Ended April 30, 2017",2017-06-08 12:00:00 +0000,https://finance.yahoo.com/news/cantel-medical-reports-financial-results-120000361.html?.tsrc=rss,"LITTLE FALLS, N.J., June 8, 2017 /PRNewswire/ --  CANTEL MEDICAL CORP. (NYSE: CMD) reported GAAP net income of $17,511,000, or $0.42 per diluted share, on a 10.6% increase in sales to $192,113,000 for ..."
CMD,CMD:US,BBG000KJP3V7,"Investor Network Invites You to the Cantel Medical Corp. Third Quarter 2017 Earnings Conference Call and Webcast Live on Thursday, June 8, 2017",2017-06-07 20:05:00 +0000,https://finance.yahoo.com/news/investor-network-invites-cantel-medical-200500307.html?.tsrc=rss,"LITTLE FALLS, NJ / ACCESSWIRE / June 7, 2017 / Cantel Medical Corp. (NYSE: CMD) will host a conference call and live webcast to discuss the results of the third quarter 2017, to be held Thursday, June ..."
CMD,CMD:US,BBG000KJP3V7,"Cantel Medical Corp. to Hold Conference Call to Discuss Results for its Third Quarter Ended April 30, 2017",2017-06-01 12:00:00 +0000,https://finance.yahoo.com/news/cantel-medical-corp-hold-conference-120000629.html?.tsrc=rss,"LITTLE FALLS, N.J., June 1, 2017 /PRNewswire/ --  CANTEL MEDICAL CORP . (NYSE: CMD) will release the results for its third quarter ended April 30, 2017 on Thursday, June 8 before the market opens, and ..."
CMD,CMD:US,BBG000KJP3V7,Cantel Medical to Present at the Jefferies 2017 Global Healthcare Conference,2017-05-25 12:00:00 +0000,https://finance.yahoo.com/news/cantel-medical-present-jefferies-2017-120000632.html?.tsrc=rss,"LITTLE FALLS, N.J., May 25, 2017 /PRNewswire/ --  Cantel Medical Corp. (NYSE: CMD) announced today that Jorgen B. Hansen, President and CEO, will be presenting at the Jefferies 2017 Global Healthcare Conference ..."
CMD,CMD:US,BBG000KJP3V7,"Kimelman & Baird, LLC Buys Copart Inc, TJX Inc, PNC Financial Services Group Inc, Sells FMC ...",2017-05-18 13:11:15 +0000,http://articlefeeds.nasdaq.com/~r/nasdaq/symbols/~3/bI7BXxE1zHA/kimelman-baird-llc-buys-copart-inc-tjx-inc-pnc-financial-services-group-inc-sells-fmc-cm791108,Kimelman Baird LLC New Purchases TJX PNC IBM TCEHY DUK ENB HDB PFE Added Positions CPRT V COST COP PEP RDS A DD DOW GHDX MHGVY Reduced Positions MTX CMD AMZN XOM FB MCD JPM TFX SE IP Sold Out FTI PSIX REGN ESSX
CMD,CMD:US,BBG000KJP3V7,Cantel Medical Enters Oversold Territory (CMD),2017-05-17 18:14:25 +0000,http://articlefeeds.nasdaq.com/~r/nasdaq/symbols/~3/NuhZUNKRUww/cantel-medical-enters-oversold-territory-cmd-cm790739,Legendary investor Warren Buffett advises to be fearful when others are greedy and be greedy when others are fearful One way we can try to measure the level of fear in a given stock is through a technical analysis indicator called the Relative Strength Index or RSI which measures momentum on
CMD,CMD:US,BBG000KJP3V7,Notable Two Hundred Day Moving Average Cross - CMD,2017-04-13 21:55:32 +0000,http://articlefeeds.nasdaq.com/~r/nasdaq/symbols/~3/IU1oJbjlNI0/notable-two-hundred-day-moving-average-cross-cmd-cm774081,In trading on Thursday shares of Cantel Medical Corp Symbol CMD crossed below their 200 day moving average of 72 28 changing hands as low as 71 33 per share Cantel Medical Corp shares are currently trading off about 1 5 on the day The chart below shows the one year performance of
CMD,CMD:US,BBG000KJP3V7,Cantel Medical Becomes Oversold (CMD),2017-04-12 17:55:24 +0000,http://articlefeeds.nasdaq.com/~r/nasdaq/symbols/~3/1J-4s82wORI/cantel-medical-becomes-oversold-cmd-cm773374,Legendary investor Warren Buffett advises to be fearful when others are greedy and be greedy when others are fearful One way we can try to measure the level of fear in a given stock is through a technical analysis indicator called the Relative Strength Index or RSI which measures momentum on
CMD,CMD:US,BBG000KJP3V7,"ETFs with exposure to Cantel Medical Corp. : April 7, 2017",2017-04-07 20:11:35 +0000,http://finance.yahoo.com/r/e1d632a4-6b0a-3f36-a3e3-135232dbe6c0/etfs-with-exposure-to-cantel-medical-corp-april-7-2017?yptr=yahoo&.tsrc=rss,"Categories:  ETFs Yahoo FinanceClick here to see latest analysis ETFs with exposure to Cantel Medical Corp. Here are 5 ETFs with the largest exposure to CMD-US. Comparing the performance and risk of Cantel Medical Corp. with the ETFs that have exposure to it gives us some ETF choices that could give us similar returns with lower volatility. Ticker ... Read more
<b>(Read more...)</b>"
CMD,CMD:US,BBG000KJP3V7,"Cantel Medical Corp. breached its 50 day moving average in a Bullish Manner : CMD-US : April 3, 2017",2017-04-03 12:18:20 +0000,http://www.capitalcube.com/blog/index.php/cantel-medical-corp-breached-its-50-day-moving-average-in-a-bullish-manner-cmd-us-april-3-2017/,"Cantel Medical Corp. breached its 50 day moving average in a Bullish Manner : CMD-US : April 3, 2017"
CMD,CMD:US,BBG000KJP3V7,"Cantel Medical Corp. breached its 50 day moving average in a Bullish Manner : CMD-US : April 3, 2017",2017-04-03 12:18:20 +0000,http://finance.yahoo.com/r/c92a1dc9-08e3-3310-bf1c-43cfc6578d51/cantel-medical-corp-breached-its-50-day-moving-average-in-a-bullish-manner-cmd-us-april-3-2017?yptr=yahoo&.tsrc=rss,"Categories:   ETFs Yahoo Finance Click here to see latest analysis *Disclaimer : This is as of previous day’s closing price. Technical Indicators Below is a quick look at 5 technical indicators for Cantel Medical Corp.. More studies are available on the Technical Chart. Indicator Signal Closing Price above/below 50 Day Moving Average Bullish Closing Price above/below 200 Day Moving ... Read more    
<b>(Read more...)</b>"
CMD,CMD:US,BBG000KJP3V7,Cantel Medical Completes Acquisition of Select Endoscopy Assets from CR Kennedy in Australia,2017-04-03 12:00:00 +0000,http://finance.yahoo.com/news/cantel-medical-completes-acquisition-select-120000714.html,"[PR Newswire] - LITTLE FALLS, N.J., April 3, 2017 /PRNewswire/ -- CANTEL MEDICAL CORP. (NYSE:CMD) announced today the completion of its acquisition of endoscopy business assets from Australian distributor, CR Kennedy ..."
CMD,CMD:US,BBG000KJP3V7,Cantel Medical Completes Acquisition of Select Endoscopy Assets from CR Kennedy in Australia,2017-04-03 12:00:00 +0000,http://finance.yahoo.com/news/cantel-medical-completes-acquisition-select-120000714.html?.tsrc=rss,"LITTLE FALLS, N.J., April 3, 2017 /PRNewswire/ -- CANTEL MEDICAL CORP. (NYSE:CMD) announced today the completion of its acquisition of endoscopy business assets from Australian distributor, CR Kennedy ..."
CMD,CMD:US,BBG000KJP3V7,Cantel Medical to Present at the 16th Annual Needham & Company Healthcare Conference,2017-03-22 16:41:00 +0000,http://finance.yahoo.com/news/cantel-medical-present-16th-annual-164100876.html,"[PR Newswire] - LITTLE FALLS, N.J., March 22, 2017 /PRNewswire/ -- CANTEL MEDICAL CORP. (NYSE:CMD) announced today that Jorgen B. Hansen, President and CEO, will be presenting at the 16 th Annual Needham & Company Healthcare ..."
CMD,CMD:US,BBG000KJP3V7,Cantel Medical to Present at the 16th Annual Needham & Company Healthcare Conference,2017-03-22 16:41:00 +0000,http://finance.yahoo.com/news/cantel-medical-present-16th-annual-164100876.html?.tsrc=rss,"LITTLE FALLS, N.J., March 22, 2017 /PRNewswire/ --  CANTEL MEDICAL CORP. (NYSE:CMD) announced today that Jorgen B. Hansen, President and CEO, will be presenting at the 16 th Annual Needham & Company Healthcare ..."
CMD,CMD:US,BBG000KJP3V7,"Cantel Medical Corp. :CMD-US: Earnings Analysis: Q2, 2017 By the Numbers : March 22, 2017",2017-03-22 14:00:56 +0000,http://finance.yahoo.com/r/039186cb-6fc1-38fa-ad86-86053ebda69b/cantel-medical-corp-cmd-us-earnings-analysis-q2-2017-by-the-numbers-march-22-2017?yptr=yahoo&.tsrc=rss,"Categories:   Yahoo Finance Get free summary analysis Cantel Medical Corp. reports financial results for the quarter ended January 31, 2017. We analyze the earnings along side the following peers of Cantel Medical Corp. – DENTSPLY SIRONA, Inc., STERIS Plc, C. R. Bard, Inc., Teleflex Incorporated, CONMED Corporation, Ecolab Inc., Fresenius Medical Care AG & Co. KGaA Sponsored ADR, ... Read more    
<b>(Read more...)</b>"
CMD,CMD:US,BBG000KJP3V7,"Cantel Medical Corp. :CMD-US: Earnings Analysis: Q2, 2017 By the Numbers : March 22, 2017",2017-03-22 14:00:56 +0000,http://www.capitalcube.com/blog/index.php/cantel-medical-corp-cmd-us-earnings-analysis-q2-2017-by-the-numbers-march-22-2017/,"Cantel Medical Corp. :CMD-US: Earnings Analysis: Q2, 2017 By the Numbers : March 22, 2017"
CMD,CMD:US,BBG000KJP3V7,Coverage initiated on Cantel Medical by Raymond James,2017-03-17 10:31:10 +0000,http://finance.yahoo.com/q/ud?s=CMD,Coverage initiated on Cantel Medical by Raymond James
CMD,CMD:US,BBG000KJP3V7,"Cantel Medical Corp. : CMD-US: Dividend Analysis : January 17th, 2017 (record date) : By the numbers : March 16, 2017",2017-03-16 14:21:08 +0000,http://finance.yahoo.com/r/57ca8295-7e21-3704-bd46-0a441dec0ca6/cantel-medical-corp-cmd-us-dividend-analysis-january-17th-2017-record-date-by-the-numbers-march-16-2017?yptr=yahoo&.tsrc=rss,"Categories:   Yahoo Finance Get free summary analysis Our analysis is based on comparing Cantel Medical Corp. with the following peers – DENTSPLY SIRONA, Inc., STERIS Plc, C. R. Bard, Inc., Teleflex Incorporated, CONMED Corporation, Ecolab Inc., Fresenius Medical Care AG & Co. KGaA Sponsored ADR, Johnson & Johnson, Nephros, Inc. and Rockwell Medical, Inc. (XRAY-US, STE-US, BCR-US, TFX-US, ... Read more    
<b>(Read more...)</b>"
CMD,CMD:US,BBG000KJP3V7,"Cantel Medical Corp. : CMD-US: Dividend Analysis : January 17th, 2017 (record date) : By the numbers : March 16, 2017",2017-03-16 14:21:08 +0000,http://www.capitalcube.com/blog/index.php/cantel-medical-corp-cmd-us-dividend-analysis-january-17th-2017-record-date-by-the-numbers-march-16-2017/,"Cantel Medical Corp. : CMD-US: Dividend Analysis : January 17th, 2017 (record date) : By the numbers : March 16, 2017"
CMD,CMD:US,BBG000KJP3V7,CANTEL MEDICAL CORP Financials,2017-03-15 17:04:09 +0000,http://finance.yahoo.com/q/is?s=cmd,CANTEL MEDICAL CORP Financials
CMD,CMD:US,BBG000KJP3V7,Cantel Medical Corp. Posts Double-Digit Growth Across the Board,2017-03-13 21:06:50 +0000,http://articlefeeds.nasdaq.com/~r/nasdaq/symbols/~3/_JQ2O9K1_T0/cantel-medical-corp-posts-double-digit-growth-across-the-board-cm760204,On Thursday Cantel Medical NYSE CMD reported revenue and earnings for its second fiscal quarter posting solid double digit growth on both the revenue and earnings line Cantel Medical results The raw numbers Metric
CMD,CMD:US,BBG000KJP3V7,Cantel Medical Corp. Posts Double-Digit Growth Across the Board,2017-03-13 19:44:00 +0000,http://finance.yahoo.com/r/90c4c092-fa80-360e-8884-9ba503a90276/cantel-medical-corp-posts-double-digit-growth-acro.aspx?yptr=yahoo&.tsrc=rss,The medical supply company continues toward its goal of doubling sales and profits over the next five years.
CMD,CMD:US,BBG000KJP3V7,Cantel Medical Corp. Posts Double-Digit Growth Across the Board,2017-03-13 19:44:00 +0000,http://www.fool.com/investing/2017/03/13/cantel-medical-corp-posts-double-digit-growth-acro.aspx,Cantel Medical Corp. Posts Double-Digit Growth Across the Board
CMD,CMD:US,BBG000KJP3V7,Cantel Medical (CMD) Q2 Earnings & Sales Grow Year Over Year,2017-03-13 16:10:10 +0000,http://articlefeeds.nasdaq.com/~r/nasdaq/symbols/~3/LWSyL6doTH4/cantel-medical-cmd-q2-earnings-sales-grow-year-over-year-cm760012,Cantel Medical Corp CMD reported adjusted earnings of 52 cents per share in the second quarter of fiscal 2017 The reported quarterly figure was also higher than 42 cents in the year ago quarter Net sales from continuing operations rose to 184 8 million from 158 3 million in the
CMD,CMD:US,BBG000KJP3V7,Cantel Medical (CMD) Q2 Earnings & Sales Grow Year Over Year,2017-03-13 13:46:01 +0000,http://finance.yahoo.com/news/cantel-medical-cmd-q2-earnings-134601888.html,Cantel Medical (CMD) Q2 Earnings & Sales Grow Year Over Year
CMD,CMD:US,BBG000KJP3V7,Cantel Medical (CMD) Q2 Earnings & Sales Grow Year Over Year,2017-03-13 13:46:01 +0000,http://finance.yahoo.com/news/cantel-medical-cmd-q2-earnings-134601888.html?.tsrc=rss,Cantel Medical Corp. (CMD) reported adjusted earnings of 52 cents per share in the second quarter of fiscal 2017.
CMD,CMD:US,BBG000KJP3V7,Edited Transcript of CMN earnings conference call or presentation 9-Mar-17 4:00pm GMT,2017-03-09 20:36:34 +0000,http://finance.yahoo.com/news/edited-transcript-cmn-earnings-conference-203634662.html,Edited Transcript of CMN earnings conference call or presentation 9-Mar-17 4:00pm GMT
CMD,CMD:US,BBG000KJP3V7,"CANTEL MEDICAL CORP Files SEC form 8-K, Results of Operations and Financial Condition, Financial Statements and Exhib",2017-03-09 15:28:31 +0000,http://biz.yahoo.com/e/170309/cmd8-k.html,"CANTEL MEDICAL CORP Files SEC form 8-K, Results of Operations and Financial Condition, Financial Statements and Exhib"
CMD,CMD:US,BBG000KJP3V7,Cantel posts 2Q profit,2017-03-09 13:16:15 +0000,http://finance.yahoo.com/news/cantel-posts-2q-profit-131615454.html?.tsrc=rss,"On a per-share basis, the Little Falls, New Jersey-based company said it had profit of 43 cents. Earnings, adjusted for one-time gains and costs, came to 52 cents per share. The medical equipment maker ..."
CMD,CMD:US,BBG000KJP3V7,Cantel posts 2Q profit,2017-03-09 13:16:15 +0000,http://sg.finance.yahoo.com/news/cantel-posts-2q-profit-131615036.html,Cantel posts 2Q profit
CMD,CMD:US,BBG000KJP3V7,"Cantel Medical Reports Financial Results For The Second Quarter Ended January 31, 2017",2017-03-09 13:00:00 +0000,http://finance.yahoo.com/news/cantel-medical-reports-financial-results-130000952.html,"[PR Newswire] - LITTLE FALLS, N.J., March 9, 2017 /PRNewswire/ -- CANTEL MEDICAL CORP. (NYSE: CMD) reported GAAP net income of $18,070,000, or $0.43 per diluted share, on a 16.8% increase in sales to $184,817,000 for ..."
CMD,CMD:US,BBG000KJP3V7,"Cantel Medical Reports Financial Results For The Second Quarter Ended January 31, 2017",2017-03-09 13:00:00 +0000,http://finance.yahoo.com/news/cantel-medical-reports-financial-results-130000952.html?.tsrc=rss,"LITTLE FALLS, N.J., March 9, 2017 /PRNewswire/ --  CANTEL MEDICAL CORP. (NYSE: CMD) reported GAAP net income of $18,070,000, or $0.43 per diluted share, on a 16.8% increase in sales to $184,817,000 for ..."
CMD,CMD:US,BBG000KJP3V7,Q2 2017 Cantel Medical Corp Earnings Release - Before Market Open,2017-03-09 12:07:03 +0000,http://biz.yahoo.com/research/earncal/20170309.html?t=cmn,Q2 2017 Cantel Medical Corp Earnings Release - Before Market Open
CMD,CMD:US,BBG000KJP3V7,"Investor Network Invites You to the Cantel Medical Corp. Secord Quarter 2017 Earnings Conference Call and Webcast Live on Thursday, March 9, 2017",2017-03-08 21:05:00 +0000,http://finance.yahoo.com/news/investor-network-invites-cantel-medical-210500168.html,"[Accesswire] - LITTLE FALLS, NJ / ACCESSWIRE / March 8, 2017 / Cantel Medical Corp. (NYSE: CMD) will host a conference call and live webcast to discuss the results of the second quarter 2017, to be held Thursday, March ..."
CMD,CMD:US,BBG000KJP3V7,"Investor Network Invites You to the Cantel Medical Corp. Secord Quarter 2017 Earnings Conference Call and Webcast Live on Thursday, March 9, 2017",2017-03-08 21:05:00 +0000,http://finance.yahoo.com/news/investor-network-invites-cantel-medical-210500168.html?.tsrc=rss,"LITTLE FALLS, NJ / ACCESSWIRE / March 8, 2017 / Cantel Medical Corp. (NYSE: CMD) will host a conference call and live webcast to discuss the results of the second quarter 2017, to be held Thursday, March ..."
CMD,CMD:US,BBG000KJP3V7,"Cantel Medical Corp. to Hold Conference Call to Discuss Results for its Second Quarter Ended January 31, 2017",2017-03-02 13:00:00 +0000,http://finance.yahoo.com/news/cantel-medical-corp-hold-conference-130000334.html?.tsrc=rss,"LITTLE FALLS, N.J., March 2, 2017 /PRNewswire/ --  CANTEL MEDICAL CORP . (NYSE: CMD) will release the results for its second quarter ended January 31, 2017 on Thursday, March 9 before the market opens, ..."
CMD,CMD:US,BBG000KJP3V7,"Cantel Medical Corp. to Hold Conference Call to Discuss Results for its Second Quarter Ended January 31, 2017",2017-03-02 13:00:00 +0000,http://finance.yahoo.com/news/cantel-medical-corp-hold-conference-130000334.html,"[PR Newswire] - LITTLE FALLS, N.J., March 2, 2017 /PRNewswire/ -- CANTEL MEDICAL CORP . (NYSE: CMD) will release the results for its second quarter ended January 31, 2017 on Thursday, March 9 before the market opens, ..."
CMD,CMD:US,BBG000KJP3V7,Masimo's Stock Is a Great Buy Right Now,2017-02-28 21:30:00 +0000,https://www.thestreet.com/story/14019964/1/masimo-s-stock-is-a-great-buy-right-now.html?puc=yahoo&cm_ven=YAHOO,Masimo's Stock Is a Great Buy Right Now
CMD,CMD:US,BBG000KJP3V7,Masimo's Stock Is a Great Buy Right Now,2017-02-28 21:30:00 +0000,http://finance.yahoo.com/r/5d549a8b-5ff0-39b2-ab2c-247e6e3bb706/masimo-s-stock-is-a-great-buy-right-now.html?puc=yahoo&cm_ven=YAHOO&yptr=yahoo&.tsrc=rss,This patient-monitoring device-maker has plenty of room for growth.
CMD,CMD:US,BBG000KJP3V7,Cantel Medical to Expand Direct Sales Operations in Australia,2017-02-16 20:00:00 +0000,http://finance.yahoo.com/news/cantel-medical-expand-direct-sales-200000752.html,"[PR Newswire] - LITTLE FALLS, N.J., Feb. 16, 2017 /PRNewswire/ -- CANTEL MEDICAL CORP. (NYSE:CMD), a leading global company dedicated to delivering innovative infection prevention products, services and solutions, announced ..."
CMD,CMD:US,BBG000KJP3V7,Cantel Medical to Expand Direct Sales Operations in Australia,2017-02-16 20:00:00 +0000,http://finance.yahoo.com/news/cantel-medical-expand-direct-sales-200000752.html?.tsrc=rss,"LITTLE FALLS, N.J., Feb. 16, 2017 /PRNewswire/ --  CANTEL MEDICAL CORP. (NYSE:CMD), a leading global company dedicated to delivering innovative infection prevention products, services and solutions, announced ..."
CMD,CMD:US,BBG000KJP3V7,Insider Buys Highlight for the Week of Jan. 20,2017-01-21 19:46:49 +0000,http://finance.yahoo.com/news/insider-buys-highlight-week-jan-194649361.html?.tsrc=rss,Insiders purchased shares at IHS Markit and WPX Energy
CMD,CMD:US,BBG000KJP3V7,Insider Buys Highlight for the Week of Jan. 20,2017-01-21 19:46:49 +0000,http://finance.yahoo.com/news/insider-buys-highlight-week-jan-194649361.html,Insider Buys Highlight for the Week of Jan. 20
CMD,CMD:US,BBG000KJP3V7,"Conestoga Capital Advisors, LLC Buys Cantel Medical Corp., Cantel Medical Corp. ...",2017-01-11 14:38:01 +0000,http://finance.yahoo.com/news/conestoga-capital-advisors-llc-buys-143801569.html,"Conestoga Capital Advisors, LLC Buys Cantel Medical Corp., Cantel Medical Corp. ..."
CMD,CMD:US,BBG000KJP3V7,"Cantel Medical Corp. (CMD) Ex-Dividend Date Scheduled for January 12, 2017",2017-01-11 14:20:30 +0000,http://articlefeeds.nasdaq.com/~r/nasdaq/symbols/~3/6vwfZFevOtw/cantel-medical-corp-cmd-ex-dividend-date-scheduled-for-january-12-2017-cm732047,Cantel Medical Corp CMD will begin trading ex dividend on January 12 2017 A cash dividend payment of 0 07 per share is scheduled to be paid on January 31 2017 Shareholders who purchased CMD prior to the ex dividend date are eligible for the cash dividend payment Cantel Medical Corp
CMD,CMD:US,BBG000KJP3V7,"CANTEL MEDICAL CORP Files SEC form 8-K, Submission of Matters to a Vote of Security Holders",2017-01-10 11:05:32 +0000,http://biz.yahoo.com/e/170110/cmd8-k.html,"CANTEL MEDICAL CORP Files SEC form 8-K, Submission of Matters to a Vote of Security Holders"
CMD,CMD:US,BBG000KJP3V7,"ETFs with exposure to Cantel Medical Corp. : January 9, 2017",2017-01-09 18:08:38 +0000,http://finance.yahoo.com/r/d6eda1cd-fd95-377f-b300-05fca7fed119/etfs-with-exposure-to-cantel-medical-corp-january-9-2017?yptr=yahoo&.tsrc=rss,"Categories:   ETFs Yahoo Finance Click here to see latest analysis ETFs with exposure to Cantel Medical Corp. Here are 5 ETFs with the largest exposure to CMD-US. Comparing the performance and risk of Cantel Medical Corp. with the ETFs that have exposure to it gives us some ETF choices that could give us similar returns with lower volatility. Ticker ... Read more    
<b>(Read more...)</b>"
CMD,CMD:US,BBG000KJP3V7,"ETFs with exposure to Cantel Medical Corp. : January 9, 2017",2017-01-09 18:08:38 +0000,http://www.capitalcube.com/blog/index.php/etfs-with-exposure-to-cantel-medical-corp-january-9-2017/,"ETFs with exposure to Cantel Medical Corp. : January 9, 2017"
CMD,CMD:US,BBG000KJP3V7,"Cantel Medical Corp. breached its 50 day moving average in a Bearish Manner : CMD-US : January 4, 2017",2017-01-04 14:02:02 +0000,http://www.capitalcube.com/blog/index.php/cantel-medical-corp-breached-its-50-day-moving-average-in-a-bearish-manner-cmd-us-january-4-2017/,"Cantel Medical Corp. breached its 50 day moving average in a Bearish Manner : CMD-US : January 4, 2017"
CMD,CMD:US,BBG000KJP3V7,"Cantel Medical Corp. breached its 50 day moving average in a Bearish Manner : CMD-US : January 4, 2017",2017-01-04 14:02:02 +0000,http://finance.yahoo.com/r/7dae77eb-d262-3e20-94be-a6b4904a747f/cantel-medical-corp-breached-its-50-day-moving-average-in-a-bearish-manner-cmd-us-january-4-2017?yptr=yahoo&.tsrc=rss,"Categories:   ETFs Yahoo Finance Click here to see latest analysis *Disclaimer : This is as of previous day’s closing price. Technical Indicators Below is a quick look at 5 technical indicators for Cantel Medical Corp.. More studies are available on the Technical Chart. Indicator Signal Closing Price above/below 50 Day Moving Average Bearish Closing Price above/below 200 Day Moving ... Read more    
<b>(Read more...)</b>"
CMD,CMD:US,BBG000KJP3V7,Cantel Medical Appoints Dottie Donnelly Brienza as Senior Vice President and Chief Human Resources Officer,2017-01-03 14:00:00 +0000,http://finance.yahoo.com/news/cantel-medical-appoints-dottie-donnelly-140000729.html?.tsrc=rss,"LITTLE FALLS, N. J., Jan. 3, 2017 /PRNewswire/ -- CANTEL MEDICAL CORP. (NYSE:CMD) announced today that Dottie Donnelly Brienza has been appointed Senior Vice President and Chief Human Resources Officer, ..."
CMD,CMD:US,BBG000KJP3V7,Cantel Medical Appoints Dottie Donnelly Brienza as Senior Vice President and Chief Human Resources Officer,2017-01-03 14:00:00 +0000,http://finance.yahoo.com/news/cantel-medical-appoints-dottie-donnelly-140000729.html,"[PR Newswire] - LITTLE FALLS, N. J., Jan. 3, 2017 /PRNewswire/ -- CANTEL MEDICAL CORP. (NYSE:CMD) announced today that Dottie Donnelly Brienza has been appointed Senior Vice President and Chief Human Resources Officer, ..."
CMD,CMD:US,BBG000KJP3V7,Cantel Medical to Present at the 35th Annual J.P. Morgan Healthcare Conference,2016-12-29 13:30:00 +0000,http://finance.yahoo.com/news/cantel-medical-present-35th-annual-133000321.html?.tsrc=rss,"LITTLE FALLS, N.J., Dec. 29, 2016 /PRNewswire/ --  CANTEL MEDICAL CORP. (NYSE: CMD) announced today that Jorgen B. Hansen, President and CEO, will be presenting at the 35 th Annual J.P. Morgan Healthcare ..."
CMD,CMD:US,BBG000KJP3V7,Cantel Medical to Present at the 35th Annual J.P. Morgan Healthcare Conference,2016-12-29 13:30:00 +0000,http://finance.yahoo.com/news/cantel-medical-present-35th-annual-133000321.html,"[PR Newswire] - LITTLE FALLS, N.J., Dec. 29, 2016 /PRNewswire/ -- CANTEL MEDICAL CORP. (NYSE: CMD) announced today that Jorgen B. Hansen, President and CEO, will be presenting at the 35 th Annual J.P. Morgan Healthcare ..."
CMD,CMD:US,BBG000KJP3V7,"ETFs with exposure to Cantel Medical Corp. : December 19, 2016",2016-12-19 16:31:32 +0000,http://www.capitalcube.com/blog/index.php/etfs-with-exposure-to-cantel-medical-corp-december-19-2016/,"ETFs with exposure to Cantel Medical Corp. : December 19, 2016"
CMD,CMD:US,BBG000KJP3V7,"ETFs with exposure to Cantel Medical Corp. : December 19, 2016",2016-12-19 16:31:32 +0000,http://finance.yahoo.com/r/f71981d2-0445-343a-9c1c-3697425c9e69/etfs-with-exposure-to-cantel-medical-corp-december-19-2016?yptr=yahoo&.tsrc=rss,"Categories:   ETFs Yahoo Finance Click here to see latest analysis ETFs with exposure to Cantel Medical Corp. Here are 5 ETFs with the largest exposure to CMD-US. Comparing the performance and risk of Cantel Medical Corp. with the ETFs that have exposure to it gives us some ETF choices that could give us similar returns with lower volatility. Ticker ... Read more    
<b>(Read more...)</b>"
CMD,CMD:US,BBG000KJP3V7,Cantel Medical Corp. Takes Its First Step Towards Doubling,2016-12-13 22:57:33 +0000,http://articlefeeds.nasdaq.com/~r/nasdaq/symbols/~3/aIac59ZWZgE/cantel-medical-corp-takes-its-first-step-towards-doubling-cm721010,Mar Cor water purification system Image source Cantel Medical Last week Cantel Medical NYSE CMD reported solid results from its first fiscal quarter with strong revenue growth thanks in part to recent acquisitions and earnings per share that grew even faster
CMD,CMD:US,BBG000KJP3V7,Cantel Medical Corp. Takes Its First Step Towards Doubling,2016-12-13 21:18:37 +0000,http://www.fool.com/investing/2016/12/13/cantel-medical-corp-takes-its-first-step-towards-d.aspx?source=yahoo-2&utm_campaign=article&utm_medium=feed&utm_source=yahoo-2,Cantel Medical Corp. Takes Its First Step Towards Doubling
CMD,CMD:US,BBG000KJP3V7,Edited Transcript of CMN earnings conference call or presentation 8-Dec-16 4:00pm GMT,2016-12-08 18:10:47 +0000,http://finance.yahoo.com/news/edited-transcript-cmn-earnings-conference-181047766.html,Edited Transcript of CMN earnings conference call or presentation 8-Dec-16 4:00pm GMT
CMD,CMD:US,BBG000KJP3V7,Cantel posts 1Q profit,2016-12-08 13:26:35 +0000,http://sg.finance.yahoo.com/news/cantel-posts-1q-profit-132635384.html,Cantel posts 1Q profit
CMD,CMD:US,BBG000KJP3V7,Q1 2017 Cantel Medical Corp Earnings Release - Before Market Open,2016-12-08 12:07:03 +0000,http://biz.yahoo.com/research/earncal/20161208.html?t=cmn,Q1 2017 Cantel Medical Corp Earnings Release - Before Market Open
CMD,CMD:US,BBG000KJP3V7,"Investor Calendar Invites You to the Cantel Medical Corp. First Quarter 2017 Earnings Conference Call and Webcast Live on Thursday, December 8, 2016",2016-12-07 21:05:00 +0000,http://finance.yahoo.com/news/investor-calendar-invites-cantel-medical-210500385.html,"[Accesswire] - LITTLE FALLS, NJ / ACCESSWIRE / December 7, 2016 / Cantel Medical Corp. (NYSE: CMN) will host a conference call and live webcast to discuss the results of the first quarter 2017, to be held Thursday, December ..."
CMD,CMD:US,BBG000KJP3V7,Should You Avoid Cantel Medical Corp. (CMN)?,2016-12-05 16:15:24 +0000,http://www.insidermonkey.com/blog/should-you-avoid-cantel-medical-corp-cmn-497676/,Should You Avoid Cantel Medical Corp. (CMN)?
CMD,CMD:US,BBG000KJP3V7,Cantel Medical Changes Ticker Symbol (CMD),2016-12-05 15:56:00 +0000,http://www.investopedia.com/news/cantel-medical-changes-ticker-symbol-cmd/?partner=YahooSA,Cantel Medical Changes Ticker Symbol (CMD)
CMD,CMD:US,BBG000KJP3V7,"Cantel Medical Corp. to Hold Conference Call to Discuss Results for its First Quarter Ended October 31, 2016",2016-12-01 13:30:00 +0000,http://finance.yahoo.com/news/cantel-medical-corp-hold-conference-133000034.html,"[PR Newswire] - LITTLE FALLS, N.J., Dec. 1, 2016 /PRNewswire/ -- CANTEL MEDICAL CORP . (NYSE:CMN) will release the results for its first quarter ended October 31, 2016 on Thursday, December 8 before the market opens, ..."
CMD,CMD:US,BBG000KJP3V7,"ETFs with exposure to Cantel Medical Corp. : November 28, 2016",2016-11-28 17:00:58 +0000,http://www.capitalcube.com/blog/index.php/etfs-with-exposure-to-cantel-medical-corp-november-28-2016/,"ETFs with exposure to Cantel Medical Corp. : November 28, 2016"
CMD,CMD:US,BBG000KJP3V7,"Cantel Medical Corp. :CMN-US: Earnings Analysis: 2016 By the Numbers : November 22, 2016",2016-11-22 12:57:01 +0000,http://www.capitalcube.com/blog/index.php/cantel-medical-corp-cmn-us-earnings-analysis-2016-by-the-numbers-november-22-2016/,"Cantel Medical Corp. :CMN-US: Earnings Analysis: 2016 By the Numbers : November 22, 2016"
CMD,CMD:US,BBG000KJP3V7,Small-Cap Rally Offers Investors Alternatives To Big-Cap Multinationals,2016-11-21 15:49:45 +0000,http://articlefeeds.nasdaq.com/~r/nasdaq/symbols/~3/At0hPpY3GGU/small-cap-rally-offers-investors-alternatives-to-big-cap-multinationals-cm711538,Small is beautiful Small cap stock mutual funds are ruling the investment world roost And they ve been driven by Mighty Mouses like Cognex CGNX which is up 11 over the past four weeks and 75 year to date The machine vision company sports a 160 strong 96 IBD
CMD,CMD:US,BBG000KJP3V7,Small-Cap Rally Offers Investors Alternatives to Big-Cap Multinationals,2016-11-19 00:41:54 +0000,http://www.investors.com/etfs-and-funds/mutual-funds/katzeff-re-11-21-16-mf-pent-story/,Small-Cap Rally Offers Investors Alternatives to Big-Cap Multinationals
CMD,CMD:US,BBG000KJP3V7,"ETFs with exposure to Cantel Medical Corp. : November 17, 2016",2016-11-17 17:38:40 +0000,http://www.capitalcube.com/blog/index.php/etfs-with-exposure-to-cantel-medical-corp-november-17-2016/,"ETFs with exposure to Cantel Medical Corp. : November 17, 2016"
CMD,CMD:US,BBG000KJP3V7,"CANTEL MEDICAL CORP Files SEC form 8-K, Change in Directors or Principal Officers, Financial Statements and Exhibits",2016-11-16 21:32:34 +0000,http://biz.yahoo.com/e/161116/cmn8-k.html,"CANTEL MEDICAL CORP Files SEC form 8-K, Change in Directors or Principal Officers, Financial Statements and Exhibits"
CMD,CMD:US,BBG000KJP3V7,"Cantel Medical Corp. breached its 50 day moving average in a Bullish Manner : CMN-US : November 16, 2016",2016-11-16 12:20:53 +0000,http://www.capitalcube.com/blog/index.php/cantel-medical-corp-breached-its-50-day-moving-average-in-a-bullish-manner-cmn-us-november-16-2016/,"Cantel Medical Corp. breached its 50 day moving average in a Bullish Manner : CMN-US : November 16, 2016"
CMD,CMD:US,BBG000KJP3V7,"Cantel Medical Corp. (CMN), ShoreTel, Inc. (SHOR): Are These And Other Stocks Poised for Big Gains?",2016-11-15 21:03:12 +0000,http://www.insidermonkey.com/blog/cantel-medical-corp-cmn-shoretel-inc-shor-are-these-and-other-stocks-poised-for-big-gains-486213/,"Cantel Medical Corp. (CMN), ShoreTel, Inc. (SHOR): Are These And Other Stocks Poised for Big Gains?"
CMD,CMD:US,BBG000KJP3V7,Cantel Medical to Present at the Piper Jaffray 28th Annual Healthcare Conference,2016-11-15 18:11:00 +0000,http://finance.yahoo.com/news/cantel-medical-present-piper-jaffray-181100536.html,"[PR Newswire] - LITTLE FALLS, N.J., Nov. 15, 2016 /PRNewswire/ -- CANTEL MEDICAL CORP. (NYSE:CMN) announced today that Jorgen B. Hansen, President and CEO, will be presenting at the Piper Jaffray 28 th Annual Healthcare ..."
CMD,CMD:US,BBG000KJP3V7,Cantel Medical to Present at the Stifel 2016 Healthcare Conference,2016-11-01 18:19:00 +0000,http://finance.yahoo.com/news/cantel-medical-present-stifel-2016-181900604.html,"[PR Newswire] - LITTLE FALLS, N.J., Nov. 1, 2016 /PRNewswire/ -- CANTEL MEDICAL CORP. (NYSE: CMN) announced today that Jorgen B. Hansen, President and CEO, will be presenting at the Stifel 2016 Healthcare Conference ..."
CMD,CMD:US,BBG000KJP3V7,Analysts Anticipate DGRW Will Reach $35,2016-10-28 14:32:16 +0000,http://articlefeeds.nasdaq.com/~r/nasdaq/symbols/~3/pug0vxGmdMg/analysts-anticipate-dgrw-will-reach-35-cm700078,Looking at the underlying holdings of the ETFs in our coverage universe at ETF Channel we have compared the trading price of each holding against the average analyst 12 month forward target price and computed the weighted average implied analyst target price for the ETF itself For
CMD,CMD:US,BBG000KJP3V7,Cantel Medical is Now Oversold (CMN),2016-10-26 21:49:55 +0000,http://articlefeeds.nasdaq.com/~r/nasdaq/symbols/~3/cg6AVZJd-QA/cantel-medical-is-now-oversold-cmn-cm698946,Legendary investor Warren Buffett advises to be fearful when others are greedy and be greedy when others are fearful One way we can try to measure the level of fear in a given stock is through a technical analysis indicator called the Relative Strength Index or RSI which measures momentum on
CMD,CMD:US,BBG000KJP3V7,"ETF’s with exposure to Cantel Medical Corp. : October 18, 2016",2016-10-18 14:01:34 +0000,http://www.capitalcube.com/blog/index.php/etfs-with-exposure-to-cantel-medical-corp-october-18-2016/,"ETF’s with exposure to Cantel Medical Corp. : October 18, 2016"
CMD,CMD:US,BBG000KJP3V7,10:16 am Cantel Medical increases semi-annual dividend to $0.07/share from $0.06/share; trading symbol to change from 'CMN' to 'CMD' effective Dec 5,2016-10-16 14:16:00 +0000,http://finance.yahoo.com/news/inplay-briefing-com-055139997.html#cmn,10:16 am Cantel Medical increases semi-annual dividend to $0.07/share from $0.06/share; trading symbol to change from 'CMN' to 'CMD' effective Dec 5
CMD,CMD:US,BBG000KJP3V7,[$$] Top Small-Cap Quant Fund Takes a Scientific Approach,2016-10-14 23:03:00 +0000,http://www.barrons.com/articles/top-small-cap-quant-fund-takes-a-scientific-approach-1476486196?mod=yahoobarrons&ru=yahoo,[$$] Top Small-Cap Quant Fund Takes a Scientific Approach
CMD,CMD:US,BBG000KJP3V7,Cantel Medical Announces 17% Increase In Semiannual Dividend And New Stock Symbol,2016-10-14 14:30:03 +0000,http://www.publicnow.com/view/14A57BCBDA45059DF71C258B58F372CEFAA83753,"[at noodls] - LITTLE FALLS, N.J., Oct. 14, 2016 /PRNewswire/ -- CANTEL MEDICAL CORP. (NYSE: CMN) announced today that its Board of Directors approved an increase in its semiannual cash dividend from $0.06 to $0.07 per ..."
CMD,CMD:US,BBG000KJP3V7,"Cantel Medical Corp. breached its 50 day moving average in a Bearish Manner : CMN-US : October 14, 2016",2016-10-14 12:53:13 +0000,http://www.capitalcube.com/blog/index.php/cantel-medical-corp-breached-its-50-day-moving-average-in-a-bearish-manner-cmn-us-october-14-2016/,"Cantel Medical Corp. breached its 50 day moving average in a Bearish Manner : CMN-US : October 14, 2016"
CMD,CMD:US,BBG000KJP3V7,CANTEL MEDICAL CORP Financials,2016-10-05 17:04:09 +0000,http://finance.yahoo.com/q/is?s=cmn,CANTEL MEDICAL CORP Financials
CMD,CMD:US,BBG000KJP3V7,"Cantel Medical Corp. : CMN-US: Dividend Analysis : July 15th, 2016 (record date) : By the numbers : October 5, 2016",2016-10-05 16:23:31 +0000,http://www.capitalcube.com/blog/index.php/cantel-medical-corp-cmn-us-dividend-analysis-july-15th-2016-record-date-by-the-numbers-october-5-2016/,"Cantel Medical Corp. : CMN-US: Dividend Analysis : July 15th, 2016 (record date) : By the numbers : October 5, 2016"
CMD,CMD:US,BBG000KJP3V7,"ETF’s with exposure to Cantel Medical Corp. : October 5, 2016",2016-10-05 14:11:31 +0000,http://www.capitalcube.com/blog/index.php/etfs-with-exposure-to-cantel-medical-corp-october-5-2016/,"ETF’s with exposure to Cantel Medical Corp. : October 5, 2016"
CMD,CMD:US,BBG000KJP3V7,Post Earnings Coverage as Cantel Beat Expectations on Record Q4 Results,2016-10-05 13:15:00 +0000,http://finance.yahoo.com/news/post-earnings-coverage-cantel-beat-131500645.html,"[Accesswire] - LONDON, UK / ACCESSWIRE / October 5, 2016 / Active Wall St. announces its post-earnings coverage on Cantel Medical Corp. (NYSE: CMN ). The company posted its fourth quarter fiscal 2016 (Q4 FY16) and full ..."
CMD,CMD:US,BBG000KJP3V7,Post Earnings Coverage as Cantel Beat Expectations on Record Q4 Results,2016-10-05 12:57:09 +0000,http://news.investornetwork.com/2016/10/05/post-earnings-coverage-as-cantel-beat-expectations-on-record-q4-results/?1=1&1475672229,Post Earnings Coverage as Cantel Beat Expectations on Record Q4 Results
CMD,CMD:US,BBG000KJP3V7,"Cantel Medical Corp. :CMN-US: Earnings Analysis: Q4, 2016 By the Numbers : October 4, 2016",2016-10-04 13:19:17 +0000,http://www.capitalcube.com/blog/index.php/cantel-medical-corp-cmn-us-earnings-analysis-q4-2016-by-the-numbers-october-4-2016/,"Cantel Medical Corp. :CMN-US: Earnings Analysis: Q4, 2016 By the Numbers : October 4, 2016"
CMD,CMD:US,BBG000KJP3V7,Edited Transcript of CMN earnings conference call or presentation 29-Sep-16 3:00pm GMT,2016-09-29 19:00:44 +0000,http://finance.yahoo.com/news/edited-transcript-cmn-earnings-conference-190044064.html,Edited Transcript of CMN earnings conference call or presentation 29-Sep-16 3:00pm GMT
CMD,CMD:US,BBG000KJP3V7,"CANTEL MEDICAL CORP Files SEC form 8-K, Results of Operations and Financial Condition, Financial Statements and Exhib",2016-09-29 14:56:09 +0000,http://biz.yahoo.com/e/160929/cmn8-k.html,"CANTEL MEDICAL CORP Files SEC form 8-K, Results of Operations and Financial Condition, Financial Statements and Exhib"
CMD,CMD:US,BBG000KJP3V7,Cantel posts 4Q profit,2016-09-29 12:27:41 +0000,http://sg.finance.yahoo.com/news/cantel-posts-4q-profit-122426713.html,Cantel posts 4Q profit
CMD,CMD:US,BBG000KJP3V7,"Cantel Medical Reports Record Results for the Fourth Quarter Ended July 31, 2016",2016-09-29 12:10:07 +0000,http://www.publicnow.com/view/0B3AF6DD84DC67ECA2378D9E78D70C28FB8D98F9,"[at noodls] - LITTLE FALLS, N.J., Sept. 29, 2016 /PRNewswire/ -- CANTEL MEDICAL CORP. (NYSE: CMN) reported record US GAAP net income of $16,291,000, or $0.39 per diluted share, on an 18.3% increase in sales to a record ..."
CMD,CMD:US,BBG000KJP3V7,Q4 2016 Cantel Medical Corp Earnings Release - Before Market Open,2016-09-29 11:07:01 +0000,http://biz.yahoo.com/research/earncal/20160929.html?t=cmn,Q4 2016 Cantel Medical Corp Earnings Release - Before Market Open
CMD,CMD:US,BBG000KJP3V7,"Investor Calendar Invites You to the Cantel Medical Corp. Fourth Quarter and Fiscal Year 2016 Earnings Conference Call and Webcast Live on Thursday, September 29, 2016",2016-09-28 20:05:00 +0000,http://finance.yahoo.com/news/investor-calendar-invites-cantel-medical-200500260.html,"[Accesswire] - LITTLE FALLS, NJ / ACCESSWIRE / September 28, 2016 / Cantel Medical Corp. (NYSE: CMN) will host a conference call and live webcast to discuss the results of the fourth quarter and fiscal year 2016, to ..."
CMD,CMD:US,BBG000KJP3V7,Cantel Medical Expands its Direct Sales Operations in Canada through the Acquisition of its Endoscopy Assets from Vantage Endoscopy,2016-09-26 16:29:08 +0000,http://www.publicnow.com/view/EA07D98F06624FEF11579C1FA4BB7C14AC66780E,"[at noodls] - LITTLE FALLS, N.J., Sept. 26, 2016 /PRNewswire/ -- CANTEL MEDICAL CORP.(NYSE: CMN), a leading global company dedicated to delivering innovative infection prevention products and services, today announced ..."
CMD,CMD:US,BBG000KJP3V7,"Cantel Medical Corp. to Hold Conference Call to Discuss Results for its Fourth Quarter and Fiscal Year Ended July 31, 2016",2016-09-22 12:11:04 +0000,http://www.publicnow.com/view/F6F910C0A8BF40AAB1453CC476D0DF07CF035240,"[at noodls] - LITTLE FALLS, N.J., Sept. 22, 2016 /PRNewswire/ -- CANTEL MEDICAL CORP. (NYSE: CMN) will release the results for its fourth quarter and fiscal year ended July 31, 2016 on Thursday, September 29 before ..."
CMD,CMD:US,BBG000KJP3V7,Cantel Medical Promotes Seth M. Yellin to Executive Vice President,2016-09-01 13:13:09 +0000,http://www.publicnow.com/view/39E0C047060A15FBEC48EB6416AF9E1E733D9054,"[at noodls] - LITTLE FALLS, N.J., Sept. 1, 2016 /PRNewswire/ -- CANTEL MEDICAL CORP. (NYSE:CMN) is pleased to announce that Seth M. Yellin has recently been promoted to Executive Vice President, Strategy and Corporate ..."
CMD,CMD:US,BBG000KJP3V7,Cantel Medical to Present at the 7th Annual Credit Suisse Small & Mid Cap Conference,2016-09-01 12:00:00 +0000,http://finance.yahoo.com/news/cantel-medical-present-7th-annual-120000382.html,"[PR Newswire] - LITTLE FALLS, NJ, Sept. 1, 2016 /PRNewswire/ -- CANTEL MEDICAL CORP. (NYSE: CMN) announced today that Jorgen B. Hansen, President and CEO, will be presenting at the 7 th Annual Credit Suisse Small & Mid ..."
CMD,CMD:US,BBG000KJP3V7,"Street Talk: NFLX, KLAC & more",2016-08-29 18:51:00 +0000,http://finance.yahoo.com/video/street-talk-nflx-klac-more-185100646.html,"Street Talk: NFLX, KLAC & more"
CMD,CMD:US,BBG000KJP3V7,Coverage initiated on Cantel Medical by Needham,2016-08-24 10:16:08 +0000,http://finance.yahoo.com/q/ud?s=CMN,Coverage initiated on Cantel Medical by Needham
CMD,CMD:US,BBG000KJP3V7,"ETF’s with exposure to Cantel Medical Corp. : August 9, 2016",2016-08-09 17:25:31 +0000,http://www.capitalcube.com/blog/index.php/etfs-with-exposure-to-cantel-medical-corp-august-9-2016/,"ETF’s with exposure to Cantel Medical Corp. : August 9, 2016"
CMD,CMD:US,BBG000KJP3V7,"Cantel Medical Corp. breached its 50 day moving average in a Bullish Manner : CMN-US : August 8, 2016",2016-08-08 12:05:49 +0000,http://www.capitalcube.com/blog/index.php/cantel-medical-corp-breached-its-50-day-moving-average-in-a-bullish-manner-cmn-us-august-8-2016/,"Cantel Medical Corp. breached its 50 day moving average in a Bullish Manner : CMN-US : August 8, 2016"
CMD,CMD:US,BBG000KJP3V7,Cantel Medical's New CEO Jorgen B. Hansen to 'Close a Couple of Deals' in 'Near Future',2016-08-02 13:09:00 +0000,https://www.thestreet.com/story/13660590/1/cantel-medical-s-new-ceo-jorgen-b-hansen-to-close-a-couple-of-deals-in-near-future.html?puc=yahoo&cm_ven=YAHOO,Cantel Medical's New CEO Jorgen B. Hansen to 'Close a Couple of Deals' in 'Near Future'
CMD,CMD:US,BBG000KJP3V7,"Cantel Medical Acquires Accutron, Inc.",2016-08-01 18:21:01 +0000,http://www.publicnow.com/view/D5310B84DE731FB5D6AA2837D268D41434EC29B2,"[at noodls] - LITTLE FALLS, N.J., Aug. 1, 2016 /PRNewswire/ -- CANTEL MEDICAL CORP. (NYSE:CMN), a leading global company dedicated to delivering innovative infection prevention products and services, today announced ..."
CMD,CMD:US,BBG000KJP3V7,"CANTEL MEDICAL CORP Files SEC form 8-K, Change in Directors or Principal Officers, Financial Statements and Exhibits",2016-08-01 14:14:44 +0000,http://biz.yahoo.com/e/160801/cmn8-k.html,"CANTEL MEDICAL CORP Files SEC form 8-K, Change in Directors or Principal Officers, Financial Statements and Exhibits"
CMD,CMD:US,BBG000KJP3V7,Cantel Medical Names Jorgen B. Hansen as New President and CEO,2016-08-01 12:21:07 +0000,http://www.publicnow.com/view/1F3274C85326F2687CCFB0B865C5B95A0A3D47C3,"[at noodls] - LITTLE FALLS, N.J., Aug. 1, 2016 /PRNewswire/ -- CANTEL MEDICAL CORP.(NYSE: CMN) announced today the appointment of Jorgen B. Hansen as the Company's President and Chief Executive Officer, effective today, ..."
CMD,CMD:US,BBG000KJP3V7,"Cantel Medical Corp. (CMN) Ex-Dividend Date Scheduled for July 13, 2016",2016-07-12 13:28:05 +0000,http://articlefeeds.nasdaq.com/~r/nasdaq/symbols/~3/GLvSZ2Z2Jy8/cantel-medical-corp-cmn-ex-dividend-date-scheduled-for-july-13-2016-cm647753,"Cantel Medical Corp. ( CMN ) will begin trading ex dividend on July 13, 2016. A cash dividend payment of $0.06 per share is scheduled to be paid on July 29, 2016. Shareholders who purchased CMN prior to the"
CMD,CMD:US,BBG000KJP3V7,"Cantel Medical Corp. breached its 50 day moving average in a Bullish Manner : CMN-US : July 12, 2016",2016-07-12 12:15:25 +0000,http://www.capitalcube.com/blog/index.php/cantel-medical-corp-breached-its-50-day-moving-average-in-a-bullish-manner-cmn-us-july-12-2016/,"Cantel Medical Corp. breached its 50 day moving average in a Bullish Manner : CMN-US : July 12, 2016"
CMD,CMD:US,BBG000KJP3V7,"Cantel Medical Corp. : CMN-US: Dividend Analysis : July 15th, 2016 (record date) : By the numbers : July 7, 2016",2016-07-07 17:32:55 +0000,http://www.capitalcube.com/blog/index.php/cantel-medical-corp-cmn-us-dividend-analysis-july-15th-2016-record-date-by-the-numbers-july-7-2016/,"Cantel Medical Corp. : CMN-US: Dividend Analysis : July 15th, 2016 (record date) : By the numbers : July 7, 2016"
CMD,CMD:US,BBG000KJP3V7,Cantel Medical CEO Andrew Krakauer Named EY Entrepreneur Of The Year® 2016 New Jersey Region,2016-06-29 15:41:04 +0000,http://www.publicnow.com/view/3AAB9ADC651C2C2730542320C05018EBE076650D,"[at noodls] - LITTLE FALLS, N.J., June 29, 2016 /PRNewswire/ -- CANTEL MEDICAL CORP. (NYSE: CMN) is pleased to announce that Chief Executive Officer Andrew Krakauer received the EY Entrepreneur Of The Year 2016 New ..."
CMD,CMD:US,BBG000KJP3V7,"Cantel Medical Corp. breached its 50 day moving average in a Bearish Manner : CMN-US : June 28, 2016",2016-06-28 12:27:06 +0000,http://www.capitalcube.com/blog/index.php/cantel-medical-corp-breached-its-50-day-moving-average-in-a-bearish-manner-cmn-us-june-28-2016/,"Cantel Medical Corp. breached its 50 day moving average in a Bearish Manner : CMN-US : June 28, 2016"
CMD,CMD:US,BBG000KJP3V7,"CANTEL MEDICAL CORP Files SEC form 8-K, Change in Directors or Principal Officers",2016-06-20 20:49:59 +0000,http://biz.yahoo.com/e/160620/cmn8-k.html,"CANTEL MEDICAL CORP Files SEC form 8-K, Change in Directors or Principal Officers"
CMD,CMD:US,BBG000KJP3V7,Cantel Medical Announces Appointment of Dr. Ronnie Myers to its Board of Directors,2016-06-17 16:29:38 +0000,http://www.publicnow.com/view/F84F43F39B5B8CCE4DE6A378644684B3F769F37F,"[at noodls] - LITTLE FALLS, N.J., June 17, 2016 /PRNewswire/ -- Cantel Medical Corp. (NYSE:CMN) today announced the appointment of Dr. Ronnie Myers as a member of its Board of Directors, effective June 16. ... This ..."
CMD,CMD:US,BBG000KJP3V7,"Daily Dividend Report: ABBV, GPT, CMN, OXM, DEL",2016-06-16 21:02:38 +0000,http://articlefeeds.nasdaq.com/~r/nasdaq/symbols/~3/dpl0lojckhw/daily-dividend-report-abbv-gpt-cmn-oxm-del-cm636638,"AbbVie ( ABBV ) declared a quarterly cash dividend of $0.57 per share. The cash dividend is payable Aug. 15, 2016 to stockholders of record at the close of business on July 15, 2016. Gramercy Property Trust ( GPT"
CMD,CMD:US,BBG000KJP3V7,Cantel Medical Board of Directors Authorizes Regular Semiannual Dividend,2016-06-16 16:49:10 +0000,http://www.publicnow.com/view/9940C647633EF8C677D1B1B7F9F774BECE740710,"[at noodls] - LITTLE FALLS, N.J., June 16, 2016 /PRNewswire/ -- Cantel Medical Corp. (NYSE:CMN) today announced that its Board of Directors authorized a regular semiannual cash dividend of $0.06 per outstanding share ..."
CMD,CMD:US,BBG000KJP3V7,"Cantel Medical (CMN) Q3 Earnings & Sales Up, Shares Fall",2016-06-14 15:13:05 +0000,http://articlefeeds.nasdaq.com/~r/nasdaq/symbols/~3/S9P3xRjTAFQ/cantel-medical-cmn-q3-earnings-sales-up-shares-fall-cm635245,"Share price of Cantel Medical Corp.CMN declined almost 1.3% over the last three trading sessions following the company's third quarter fiscal 2016 results. The provider of infection prevention, control products and services reported adjusted earnings of 44 cents per"
CMD,CMD:US,BBG000KJP3V7,"Cantel Medical (CMN) Q3 Earnings & Sales Up, Shares Fall",2016-06-14 13:23:01 +0000,http://finance.yahoo.com/news/cantel-medical-cmn-q3-earnings-132301856.html,"Cantel Medical (CMN) Q3 Earnings & Sales Up, Shares Fall"
CMD,CMD:US,BBG000KJP3V7,"CANTEL MEDICAL CORP Files SEC form 10-Q, Quarterly Report",2016-06-09 20:24:20 +0000,http://biz.yahoo.com/e/160609/cmn10-q.html,"CANTEL MEDICAL CORP Files SEC form 10-Q, Quarterly Report"
CMD,CMD:US,BBG000KJP3V7,"Company News for June 09, 2016",2016-06-09 16:19:15 +0000,http://articlefeeds.nasdaq.com/~r/nasdaq/symbols/~3/-ANeihvZi3k/company-news-for-june-09-2016-cm632927,"• Dave & Buster's Entertainment, Inc's ( PLAY ) shares jumped 10.3% after announcing fiscal first quarter earnings of $0.72 per share, beating the Zacks Consensus Estimate of $0.59 • Shares of VeriFone Systems, Inc. ( PAY ) slumped"
CMD,CMD:US,BBG000KJP3V7,"Company News for June 09, 2016",2016-06-09 14:10:02 +0000,http://finance.yahoo.com/news/company-news-june-09-2016-141002214.html,"Company News for June 09, 2016"
CMD,CMD:US,BBG000KJP3V7,Edited Transcript of CMN earnings conference call or presentation 8-Jun-16 3:00pm GMT,2016-06-08 22:47:27 +0000,http://finance.yahoo.com/news/edited-transcript-cmn-earnings-conference-224727329.html,Edited Transcript of CMN earnings conference call or presentation 8-Jun-16 3:00pm GMT
CMD,CMD:US,BBG000KJP3V7,"CANTEL MEDICAL CORP Files SEC form 8-K, Results of Operations and Financial Condition, Financial Statements and Exhib",2016-06-08 14:51:50 +0000,http://biz.yahoo.com/e/160608/cmn8-k.html,"CANTEL MEDICAL CORP Files SEC form 8-K, Results of Operations and Financial Condition, Financial Statements and Exhib"
CMD,CMD:US,BBG000KJP3V7,Cantel posts 3Q profit,2016-06-08 12:13:45 +0000,http://sg.finance.yahoo.com/news/cantel-posts-3q-profit-121345241.html,Cantel posts 3Q profit
CMD,CMD:US,BBG000KJP3V7,Cantel Medical Announces Record Financial Results for Third Quarter 2016,2016-06-08 12:08:05 +0000,http://www.publicnow.com/view/0ADBC61FF4DABB58D894A9B4B1DE655C2018273B,"[at noodls] - LITTLE FALLS, N.J., June 8, 2016 /PRNewswire/ -- CANTEL MEDICAL CORP. (NYSE: CMN) today reported US GAAP net income of $14,019,000, or $0.34 per diluted share, on a 22.8% increase in sales to a record ..."
CMD,CMD:US,BBG000KJP3V7,Q3 2016 Cantel Medical Corp Earnings Release - Before Market Open,2016-06-08 11:07:02 +0000,http://biz.yahoo.com/research/earncal/20160608.html?t=cmn,Q3 2016 Cantel Medical Corp Earnings Release - Before Market Open
CMD,CMD:US,BBG000KJP3V7,/C O R R E C T I O N -- Cantel Medical Corp./,2016-06-02 15:25:02 +0000,http://www.publicnow.com/view/4E3316958200798DB73E77B9DE24E6002CB88E05,"[at noodls] - In the news release, Cantel Medical Corp. To Hold Conference Call To Discuss Results For Its Third Quarter Ended April 30, 2016, issued June 1, 2016 by Cantel Medical Corp. over PR Newswire, we are advised ..."
CMD,CMD:US,BBG000KJP3V7,"Cantel Medical Corp. To Hold Conference Call To Discuss Results For Its Third Quarter Ended April 30, 2016",2016-06-01 15:13:07 +0000,http://www.publicnow.com/view/447A53C457484B49E80704BBB37AB1A0B4F0F9DF,"[at noodls] - LITTLE FALLS, N.J., June 1, 2016 /PRNewswire/ -- CANTEL MEDICAL CORP. (NYSE: CMN) will release the results for its third quarter ended April 30, 2016 on Thursday, June 8 before the market opens, and hold ..."
CMD,CMD:US,BBG000KJP3V7,Cantel Medical to Present at the Jefferies 2016 Global Healthcare Conference,2016-05-23 16:16:08 +0000,http://www.publicnow.com/view/B575693990F33F9BC9AC3B7FAB7E275977B57CF6,"[at noodls] - LITTLE FALLS, N.J., May 23, 2016 /PRNewswire/ -- Cantel Medical Corp.(NYSE:CMN) announced today that Jorgen B. Hansen, President and CEO-elect, will be presenting at the Jefferies 2016 Global Healthcare ..."
CMD,CMD:US,BBG000KJP3V7,Small-Cap Stocks That Help Make This Brown Capital Fund Top-Notch,2016-04-26 01:02:02 +0000,http://articlefeeds.nasdaq.com/~r/nasdaq/symbols/~3/WD7QcTU_SYE/small-cap-stocks-that-help-make-this-brown-capital-fund-top-notch-cm611269,Small cap growth mutual funds nosed out their small cap value rivals in performance over the past decade.  The performance race was close the entire way. Small cap growth mutual funds prevailed on the strength of
CMD,CMD:US,BBG000KJP3V7,"At Cynosure, Cosmetic Devices, Fat-Burning Machines In High Demand",2016-04-22 21:49:57 +0000,http://articlefeeds.nasdaq.com/~r/nasdaq/symbols/~3/UhcLRxX85NY/at-cynosure-cosmetic-devices-fat-burning-machines-in-high-demand-cm610450,"In an age of boundless science and strong emphasis on beauty, a company that makes aesthetic treatments and the necessary medical devices that go with them finds its offerings    including a new noninvasive approach to fat removal"
CMD,CMD:US,BBG000KJP3V7,Cantel Medical To Present At The 15th Annual Needham & Company Healthcare Conference,2016-03-30 15:06:12 +0000,http://www.publicnow.com/view/C69CB92B2B74EDB8A95D6A032E41AD2285AA25E6,"[at noodls] - LITTLE FALLS, N.J., March 30, 2016 /PRNewswire/ -- CANTEL MEDICAL CORP.(NYSE: CMN) announced today that Jorgen B. Hansen, President and Chief Operating Officer, will be presenting at the 15th Annual Needham ..."
CMD,CMD:US,BBG000KJP3V7,"Cantel Medical Up on Q2 Earnings Beat, Sales Improvement",2016-03-14 15:44:27 +0000,http://articlefeeds.nasdaq.com/~r/nasdaq/symbols/~3/eNxJaNByqJI/cantel-medical-up-on-q2-earnings-beat-sales-improvement-cm592673,"Share price of Cantel Medical Corp . CMN rallied 3.7% ($2.59) to close at $72.21 on Mar 11, following stellar second quarter 2016 results. The provider of infection prevention, control products and services reported adjusted earnings per share (EPS)"
CMD,CMD:US,BBG000KJP3V7,Stocks Like These Have Helped Top Growth Mutual Funds Outperform,2016-03-10 21:29:46 +0000,http://articlefeeds.nasdaq.com/~r/nasdaq/symbols/~3/i4iI3RoMG5U/stocks-like-these-have-helped-top-growth-mutual-funds-outperform-cm591608,"Value stock mutual funds with more than $100 million in assets outperformed growth funds for nearly the first two years of the past decade.  But since mid 2007, growth mutual funds began to chip away at"
CMD,CMD:US,BBG000KJP3V7,Cantel posts 2Q profit,2016-03-10 13:07:56 +0000,http://sg.finance.yahoo.com/news/cantel-posts-2q-profit-130756362.html,Cantel posts 2Q profit
CMD,CMD:US,BBG000KJP3V7,"Pre-Market Earnings Report for March 10, 2016 :  DG, MTN, CMN, FGP, CSIQ, PWE, TLP, FMSA, SMRT, PLUG, FLML, TICC",2016-03-09 21:17:40 +0000,http://articlefeeds.nasdaq.com/~r/nasdaq/symbols/~3/RiatwkppgGE/pre-market-earnings-report-for-march-10-2016-dg-mtn-cmn-fgp-csiq-pwe-tlp-fmsa-smrt-plug-flml-ticc-cm590743,The following companies are expected to report earnings prior to market open on 03 10 2016. Visit our Earnings Calendar for a full list of expected earnings releases.  Dollar General Corporation ( DG ) is reporting
CMD,CMD:US,BBG000KJP3V7,"Cantel Medical Acquisition Suite Accretive, Adds NAMSA Unit",2016-03-03 19:40:24 +0000,http://articlefeeds.nasdaq.com/~r/nasdaq/symbols/~3/z_NSdohNhyc/cantel-medical-acquisition-suite-accretive-adds-namsa-unit-cm587986,"Cantel Medical Corp 's CMN strategy of acquiring accretive assets has been the primary reason behind its solid growth story. During the past one year, shares of the company have risen 44.5% as compared to S&P 500's overall return"
CMD,CMD:US,BBG000KJP3V7,Analysts Predict 13% Upside For The Holdings of DGRW,2016-02-23 14:27:41 +0000,http://articlefeeds.nasdaq.com/~r/nasdaq/symbols/~3/kNcUIWdyiog/analysts-predict-13-upside-for-the-holdings-of-dgrw-cm583270,"Looking at the underlying holdings of the ETFs in our coverage universe at ETF Channel , we have compared the trading price of each holding against the average analyst 12 month forward target price, and computed the weighted average"
CMD,CMD:US,BBG000KJP3V7,"EWP, DWAS: Big ETF Outflows",2016-01-26 17:21:40 +0000,http://articlefeeds.nasdaq.com/~r/nasdaq/symbols/~3/bRFlIs2VDEA/ewp-dwas-big-etf-outflows-cm570386,"Looking at units outstanding versus one week prior within the universe of ETFs covered at ETF Channel, the biggest outflow was seen in the iShares MSCI Spain Capped ETF ( EWP ), where 4,050,000 units were destroyed, or a"
CMD,CMD:US,BBG000KJP3V7,Oversold Conditions For Cantel Medical (CMN),2016-01-14 18:15:39 +0000,http://articlefeeds.nasdaq.com/~r/nasdaq/symbols/~3/i0gikWKofNo/oversold-conditions-for-cantel-medical-cmn-cm565821,"Legendary investor Warren Buffett advises to be fearful when others are greedy, and be greedy when others are fearful. One way we can try to measure the level of fear in a given stock is through a technical analysis"
CMD,CMD:US,BBG000KJP3V7,Medical Equipment Maker Cantel Wants A Global Reach,2016-01-14 13:11:26 +0000,http://articlefeeds.nasdaq.com/~r/nasdaq/symbols/~3/wAzn73_M9wc/medical-equipment-maker-cantel-wants-a-global-reach-cm565505,"T he ever intensifying battle against mortality continues to drive global demand for more and better health care, providing medical equipment maker Cantel Medical a long runway for growth.  The U.S. is still home to a"
CMD,CMD:US,BBG000KJP3V7,Cantel Medical To Present At The 34th Annual J.P.Morgan Healthcare Conference,2015-12-28 17:57:37 +0000,http://www.noodls.com/view/7BB3827EBA14D0AE9D3977550A695E5E81A9B1BC,"[at noodls] - , /PRNewswire/ -- (: CMN) announced today that , Chief Executive Officer, will be presenting at the 34 Annual at the in . The formal presentation is scheduled for at /. In addition, , , President and COO, ..."
CMD,CMD:US,BBG000KJP3V7,"Cantel Medical Reports Record Results For The First Quarter Ended October 31, 2015",2015-12-10 13:27:18 +0000,http://www.noodls.com/view/6FDBD9A3017BE7B20E8FE6DAA0DAF5ADFC5596BA,"[at noodls] - LITTLE FALLS, N.J., Dec. 10, 2015 /PRNewswire/ -- CANTEL MEDICAL CORP. (NYSE:CMN) reported record US GAAP net income of $14,254,000 or $0.34 per diluted share, on a 12.4% increase in sales to a record ..."
CMD,CMD:US,BBG000KJP3V7,Cantel posts 1Q profit,2015-12-10 13:07:44 +0000,http://sg.finance.yahoo.com/news/cantel-posts-1q-profit-130744913.html,Cantel posts 1Q profit
CMD,CMD:US,BBG000KJP3V7,"Cantel Medical Corp. To Hold Conference Call To Discuss Results For Its First Quarter Ended October 31, 2015",2015-12-03 17:32:12 +0000,http://www.noodls.com/view/A94E027048CDEF975506B9965449CB40A74E92C7,"[at noodls] - LITTLE FALLS, N.J., Dec. 3, 2015 /PRNewswire/ -- CANTEL MEDICAL CORP. (NYSE:CMN) will release the results for its first quarter ended October 31, 2015 on Thursday, December 10 before the market opens, ..."
CMD,CMD:US,BBG000KJP3V7,November 2015 - Cantel Investor Overview,2015-11-17 16:37:28 +0000,http://www.noodls.com/view/410478FA884754BFF5CB3379A7A7D34BF5F552BA,"[at noodls] - Slide 1 November 2015 / Investor Presentation NYSE:CMN NYSE:CMN FORWARD LOOKING STATEMENT This document contains 'forward-looking statements' - that is, statements related to future, not past, events. ..."
CMD,CMD:US,BBG000KJP3V7,Cantel Medical Announces Launch Of Three New Endoscope Reprocessors For Europe And Asia Pacific,2015-11-12 21:56:13 +0000,http://www.noodls.com/view/3467D538A765BAF428750BF898F10FD934E5A0C7,"[at noodls] - LITTLE FALLS, N.J., Nov. 12, 2015 /PRNewswire/ -- CANTEL MEDICAL CORP. (NYSE: CMN) announced that it has recently launched three automated endoscope reprocessors for the European and Asia Pacific markets. ..."
CMD,CMD:US,BBG000KJP3V7,Cantel Medical To Present At The Stifel 2015 Healthcare Conference,2015-11-04 21:17:14 +0000,http://www.noodls.com/view/388C5A8147E9C50B4A8E958B7211EC9264E32F2B,"[at noodls] - LITTLE FALLS, N.J., Nov. 4, 2015 /PRNewswire/ -- CANTEL MEDICAL CORP.(NYSE: CMN) announced today that Andrew A. Krakauer, Chief Executive Officer, will be presenting at the Stifel 2015 Healthcare Conference ..."
CMD,CMD:US,BBG000KJP3V7,10 Leveraged/Inverse ETFs Winners YTD,2015-10-19 18:45:10 +0000,http://articlefeeds.nasdaq.com/~r/nasdaq/symbols/~3/nora6h-Q-yg/10-leveragedinverse-etfs-winners-ytd-cm531982,"Thanks to heightened volatility and uncertainty, the leveraged and inverse leveraged space has grabbed investors' attention this year. This is because investors jumped into the products in this space to magnify returns on quick market turns. As per Boost"
CMD,CMD:US,BBG000KJP3V7,Cantel Medical Board Of Directors Authorizes 20% Increase In Semiannual Dividend,2015-10-16 13:49:15 +0000,http://www.noodls.com/view/8C2536689F28E18FFD1BFF29F2C3B1C822683AA5,"[at noodls] - LITTLE FALLS, N.J., Oct. 16, 2015 /PRNewswire/ -- CANTEL MEDICAL CORP. (NYSE: CMN) announced today that its Board of Directors approved an increase in its semiannual cash dividend from $0.05 to $0.06 per ..."
CMD,CMD:US,BBG000KJP3V7,"Cantel Medical Reports Record Results For The Fourth Quarter Ended July 31, 2015",2015-09-29 12:27:10 +0000,http://www.noodls.com/view/579D3C993CBD828637015CAACDA1FB814DBC02A4,"[at noodls] - LITTLE FALLS, N.J., Sept. 29, 2015 /PRNewswire/ -- CANTEL MEDICAL CORP. (NYSE: CMN) reported record US GAAP net income of $13,273,000, or $0.32 per diluted share, on a 15% increase in sales to a record ..."
CMD,CMD:US,BBG000KJP3V7,Cantel posts 4Q profit,2015-09-29 12:26:01 +0000,http://sg.finance.yahoo.com/news/cantel-posts-4q-profit-122601117.html,Cantel posts 4Q profit
CMD,CMD:US,BBG000KJP3V7,"Cantel Medical Corp. To Hold Conference Call To Discuss Results For Its Fourth Quarter And Fiscal Year Ended July 31, 2015",2015-09-22 16:15:10 +0000,http://www.noodls.com/view/1EEB6506286320A61C6DA2978653EE29689AD94A,"[at noodls] - LITTLE FALLS, N.J., Sept. 22, 2015 /PRNewswire/ -- CANTEL MEDICAL CORP. (NYSE:CMN) will release the results for its fourth quarter and fiscal year ended July 31, 2015 on Tuesday, September 29 before the ..."
CMD,CMD:US,BBG000KJP3V7,Solera and Apple are big market movers,2015-09-14 20:56:57 +0000,http://sg.finance.yahoo.com/news/solera-apple-big-market-movers-204429151.html,Solera and Apple are big market movers
CMD,CMD:US,BBG000KJP3V7,Cantel Medical Acquires Medical Innovations Group,2015-09-14 12:06:14 +0000,http://www.noodls.com/view/D33B813B430E921620AFA9B46C7F18F4AA25E581,"[at noodls] - LITTLE FALLS, N.J., Sept. 14, 2015 /PRNewswire/ -- CANTEL MEDICAL CORP. ('Cantel Medical') (NYSE:CMN), announced today that it has acquired Medical Innovations Group Holdings Limited ('Medical Innovations') ..."
CMD,CMD:US,BBG000KJP3V7,Agricultural Commodity ETFs and Inflation,2013-08-21 20:44:23 +0000,http://articlefeeds.nasdaq.com/~r/nasdaq/symbols/~3/xmG2KbeOoZU/agricultural-commodity-etfs-and-inflation-cm25121,"Agricultural commodities are the fundamentals of life: water,   wheat, sugar, soybeans, livestock, hogs, timber, cotton.   Agricultural commodity ETFs are a hedge against inflation because   food prices often head higher first. These ETFs are currently out   of favor but long-term investors can expect a"
CMD,CMD:US,BBG000KJP3V7,"Nine ETFs on a Roll (DOIL, DEE, EWV, AGA)",2012-06-13 16:06:35 +0000,http://articlefeeds.nasdaq.com/~r/nasdaq/symbols/~3/bxFXbBWlZyc/nine-etfs-on-a-roll-doil-dee-ewv-aga-cm148124,Shares of the following exchange traded funds are more than 15% higher than 90 days ago and trading within 10% of their 52-week highs.   PowerShares Deutsche Bank Agriculture Double Short ETN  (NYSE:  AGA  ) is trading near the 52-week high and is about 23% higher than at the beginning of the year. The
CMD,CMD:US,BBG000KJP3V7,Agricultural Commodity ETFs and Inflation,2010-06-06 01:35:43 +0000,http://articlefeeds.nasdaq.com/~r/nasdaq/symbols/~3/sMk1NcBg6pk/agricultural-commodity-etfs-and-inflation-cm23912,"Agricultural commodities are the fundamentals of life: water,   wheat, sugar, soybeans, livestock, hogs, timber, cotton.   Agricultural commodity ETFs are a hedge against inflation because   food prices often head higher first. These ETFs are currently out   of favor but long-term investors can expect a"
CMD,CMD:US,BBG000KJP3V7,Agricultural Commodity ETFs: Inflation Hedge,2010-05-19 21:22:10 +0000,http://articlefeeds.nasdaq.com/~r/nasdaq/symbols/~3/mE5rxG1bqLo/agricultural-commodity-etfs-inflation-hedge-cm18676,"Agricultural commodity ETFs provide exposure to food products   such as wheat, sugar, soybeans, livestock, hogs, and also raw   materials, such as cotton, timber, and wool. Water is also   sometimes included in agricultural portfolios.      Ownership of hard assets like commodities is especially"
