RESULT_COUNT: 186,PAGE_SIZE: 10000,CURRENT_PAGE: 1,TOTAL_PAGES: 1,API_CALL_CREDITS: 1
TICKER,FIGI_TICKER,FIGI,TITLE,PUBLICATION_DATE,URL,SUMMARY
GMED,GMED:US,BBG002V87SD0,"Globus Medical, Inc. breached its 50 day moving average in a Bullish Manner : GMED-US : October 19, 2017",2017-10-19 12:06:41 +0000,http://finance.yahoo.com/r/7b2554ee-a855-397a-b01c-14277d14f761/globus-medical-inc-breached-its-50-day-moving-average-in-a-bullish-manner-gmed-us-october-19-2017?yptr=yahoo&.tsrc=rss,"Categories:  ETFs Yahoo FinanceGet full CapitalCube analysis *Disclaimer : This is as of previous day’s closing price. Technical Indicators Below is a quick look at 5 technical indicators for Globus Medical, Inc.. More studies are available on the Technical Chart. Indicator Signal Closing Price above/below 50 Day Moving Average Bullish Closing Price above/below 200 Day Moving Average Bullish ... Read more
<b>(Read more...)</b>"
GMED,GMED:US,BBG002V87SD0,Globus Medical Breaks Above 200-Day Moving Average - Bullish for GMED,2017-10-18 16:50:41 +0000,http://articlefeeds.nasdaq.com/~r/nasdaq/symbols/~3/2vwgevittgs/globus-medical-breaks-above-200-day-moving-average-bullish-for-gmed-cm861347,In trading on Wednesday shares of Globus Medical Inc Symbol GMED crossed above their 200 day moving average of 29 77 changing hands as high as 29 91 per share Globus Medical Inc shares are currently trading up about 1 4 on the day The chart below shows the one year performance of
GMED,GMED:US,BBG002V87SD0,Globus Medical Schedules Third Quarter 2017 Earnings Release and Conference Call,2017-10-17 20:30:00 +0000,https://finance.yahoo.com/news/globus-medical-schedules-third-quarter-203000838.html?.tsrc=rss,"AUDUBON, Pa., Oct. 17, 2017-- Globus Medical, Inc., a leading musculoskeletal solutions company, will announce its financial results for the third quarter ended September 30, 2017 after the market close ..."
GMED,GMED:US,BBG002V87SD0,Globus Medical Announces First Spine Surgeries Using ExcelsiusGPS™,2017-10-10 20:30:00 +0000,https://finance.yahoo.com/news/globus-medical-announces-first-spine-203000737.html?.tsrc=rss,"AUDUBON, Pa., Oct. 10, 2017-- Globus Medical, Inc., a leading musculoskeletal solutions company, today announced the first spine surgeries using ExcelsiusGPS™, a revolutionary robotic guidance and navigation ..."
GMED,GMED:US,BBG002V87SD0,These Medtech Players Are Flailing On Hurricane-Related Headwinds,2017-10-09 20:51:09 +0000,http://articlefeeds.nasdaq.com/~r/nasdaq/symbols/~3/feZznC6lrJg/these-medtech-players-are-flailing-on-hurricane-related-headwinds-cm857092,Hurricanes Harvey Irma and Maria didn t just devastate Texas Florida and Puerto Rico Medtech players Medtronic MDT K2M Group KTWO and Wright Medical Group WMGI were flailing in the headwinds on Monday ibd display video id 2340952 width
GMED,GMED:US,BBG002V87SD0,See what the IHS Markit Score report has to say about Globus Medical Inc.,2017-10-09 12:03:04 +0000,https://finance.yahoo.com/news/see-ihs-markit-score-report-120304323.html?.tsrc=rss,"Short interest is moderate for GMED with between 5 and 10% of shares outstanding currently on loan.  The last change in the short interest score occurred more than 1 month ago and implies that there has been little change in sentiment among investors who seek to profit from falling equity prices.  Over the last month, ETFs holding GMED are favorable, with net inflows of $3.38 billion."
GMED,GMED:US,BBG002V87SD0,See what the IHS Markit Score report has to say about Globus Medical Inc.,2017-10-06 12:03:11 +0000,https://finance.yahoo.com/news/see-ihs-markit-score-report-120311158.html?.tsrc=rss,Short interest is moderate for GMED with between 5 and 10% of shares outstanding currently on loan.  The last change in the short interest score occurred more than 1 month ago and implies that there has been little change in sentiment among investors who seek to profit from falling equity prices.
GMED,GMED:US,BBG002V87SD0,"Globus Medical, Inc. – Value Analysis (NYSE:GMED) : October 4, 2017",2017-10-04 15:17:58 +0000,http://finance.yahoo.com/r/6228e13f-c17e-3597-adc0-cf3c15f78da4/globus-medical-inc-value-analysis-nysegmed-october-4-2017?yptr=yahoo&.tsrc=rss,"Categories:  Fundamental Analysis Yahoo FinanceClick here to see latest analysis Capitalcube gives Globus Medical, Inc. a score of 66. Our analysis is based on comparing Globus Medical, Inc. with the following peers – Stryker Corporation, K2M Group Holdings, Inc., Zimmer Biomet Holdings, Inc., NuVasive, Inc., Exactech, Inc., Orthofix International NV, RTI Surgical, Inc. and Alphatec Holdings, Inc. (SYK-US, KTWO-US, ... Read more
<b>(Read more...)</b>"
GMED,GMED:US,BBG002V87SD0,See what the IHS Markit Score report has to say about Globus Medical Inc.,2017-10-04 12:04:43 +0000,https://finance.yahoo.com/news/see-ihs-markit-score-report-120251806.html?.tsrc=rss,Short interest is moderate for GMED with between 5 and 10% of shares outstanding currently on loan.  The last change in the short interest score occurred more than 1 month ago and implies that there has been little change in sentiment among investors who seek to profit from falling equity prices.
GMED,GMED:US,BBG002V87SD0,"Globus Medical, Inc. breached its 50 day moving average in a Bullish Manner : GMED-US : October 3, 2017",2017-10-03 12:16:02 +0000,http://finance.yahoo.com/r/e84e3267-3398-37e9-9c4f-8533a77c9f90/globus-medical-inc-breached-its-50-day-moving-average-in-a-bullish-manner-gmed-us-october-3-2017?yptr=yahoo&.tsrc=rss,"Categories:  ETFs Yahoo FinanceGet full CapitalCube analysis *Disclaimer : This is as of previous day’s closing price. Technical Indicators Below is a quick look at 5 technical indicators for Globus Medical, Inc.. More studies are available on the Technical Chart. Indicator Signal Closing Price above/below 50 Day Moving Average Bullish Closing Price above/below 200 Day Moving Average Bullish ... Read more
<b>(Read more...)</b>"
GMED,GMED:US,BBG002V87SD0,See what the IHS Markit Score report has to say about Globus Medical Inc.,2017-09-28 12:04:25 +0000,https://finance.yahoo.com/news/see-ihs-markit-score-report-120232856.html?.tsrc=rss,Short interest is moderate for GMED with between 5 and 10% of shares outstanding currently on loan.  The last change in the short interest score occurred more than 1 month ago and implies that there has been little change in sentiment among investors who seek to profit from falling equity prices.
GMED,GMED:US,BBG002V87SD0,Notable Two Hundred Day Moving Average Cross - GMED,2017-09-21 17:36:01 +0000,http://articlefeeds.nasdaq.com/~r/nasdaq/symbols/~3/wVvaOvmWY8g/notable-two-hundred-day-moving-average-cross-gmed-cm849105,In trading on Thursday shares of Globus Medical Inc Symbol GMED crossed below their 200 day moving average of 29 24 changing hands as low as 28 92 per share Globus Medical Inc shares are currently trading off about 1 8 on the day The chart below shows the one year performance of
GMED,GMED:US,BBG002V87SD0,See what the IHS Markit Score report has to say about Globus Medical Inc.,2017-09-19 12:02:14 +0000,https://finance.yahoo.com/news/see-ihs-markit-score-report-120214499.html?.tsrc=rss,Short interest is moderate for GMED with between 5 and 10% of shares outstanding currently on loan.  The last change in the short interest score occurred more than 1 month ago and implies that there has been little change in sentiment among investors who seek to profit from falling equity prices.
GMED,GMED:US,BBG002V87SD0,Globus Medical Announces First Case in Orthopedic Trauma,2017-09-14 20:15:00 +0000,https://finance.yahoo.com/news/globus-medical-announces-first-case-201500084.html?.tsrc=rss,"AUDUBON, Pa., Sept. 14, 2017-- Globus Medical, Inc., a leading musculoskeletal solutions company, today announced it completed its first orthopedic trauma surgical case. Globus Medical’ s new ANTHEM™ Distal ..."
GMED,GMED:US,BBG002V87SD0,"Globus Medical, Inc. breached its 50 day moving average in a Bearish Manner : GMED-US : September 14, 2017",2017-09-14 14:22:31 +0000,http://finance.yahoo.com/r/2f15cc85-fa0c-3c2d-a652-2c511d381cd1/globus-medical-inc-breached-its-50-day-moving-average-in-a-bearish-manner-gmed-us-september-14-2017?yptr=yahoo&.tsrc=rss,"Categories:  ETFs Yahoo FinanceGet full CapitalCube analysis *Disclaimer : This is as of previous day’s closing price. Technical Indicators Below is a quick look at 5 technical indicators for Globus Medical, Inc.. More studies are available on the Technical Chart. Indicator Signal Closing Price above/below 50 Day Moving Average Bearish Closing Price above/below 200 Day Moving Average Bullish ... Read more
<b>(Read more...)</b>"
GMED,GMED:US,BBG002V87SD0,See what the IHS Markit Score report has to say about Globus Medical Inc.,2017-09-11 14:07:01 +0000,https://finance.yahoo.com/news/see-ihs-markit-score-report-140701410.html?.tsrc=rss,"Short interest is moderate for GMED with between 5 and 10% of shares outstanding currently on loan.  The last change in the short interest score occurred more than 1 month ago and implies that there has been little change in sentiment among investors who seek to profit from falling equity prices.  Over the last month, ETFs holding GMED are favorable, with net inflows of $3.77 billion."
GMED,GMED:US,BBG002V87SD0,IBD Rating Upgrades: Globus Medical Shows Improved Price Strength,2017-09-11 07:00:00 +0000,http://finance.yahoo.com/r/3a41d1c7-edef-38fe-b102-23b137f76a40/ibd-rating-upgrades-globus-medical-shows-improved-price-strength?src=A00220&yptr=yahoo&.tsrc=rss,A Relative Strength Rating upgrade for Globus Medical shows improving technical performance. Will it continue?
GMED,GMED:US,BBG002V87SD0,See what the IHS Markit Score report has to say about Globus Medical Inc.,2017-09-07 12:02:27 +0000,https://finance.yahoo.com/news/see-ihs-markit-score-report-120227601.html?.tsrc=rss,"Short interest is moderate for GMED with between 5 and 10% of shares outstanding currently on loan.  The last change in the short interest score occurred more than 1 month ago and implies that there has been little change in sentiment among investors who seek to profit from falling equity prices.  Over the last month, ETFs holding GMED are favorable, with net inflows of $3.25 billion."
GMED,GMED:US,BBG002V87SD0,See what the IHS Markit Score report has to say about Globus Medical Inc.,2017-09-02 12:06:56 +0000,https://finance.yahoo.com/news/see-ihs-markit-score-report-120656282.html?.tsrc=rss,Short interest is moderate for GMED with between 5 and 10% of shares outstanding currently on loan.  The last change in the short interest score occurred more than 1 month ago and implies that there has been little change in sentiment among investors who seek to profit from falling equity prices.  ETFs that hold GMED had net inflows of $2.72 billion over the last one-month.
GMED,GMED:US,BBG002V87SD0,Medical device manufacturer makes CEO change as chairman recovers from 'health condition',2017-08-30 18:15:07 +0000,http://finance.yahoo.com/r/ce54da77-99d5-3625-8edf-73e5232682ca/gmed-globus-medical-david-demski-ceo.html?ana=yahoo&yptr=yahoo&.tsrc=rss,"Globus Medical Inc, a Montgomery County-based spine implant manufacturer, promoted David Demski to CEO effective immediately.  Demski will report to David C. Paul, the company’s founder and chairman who has also served as CEO of Globus since its inception in 2003.  “Mr. Paul is expected to make a full recovery over the next several months and plans to remain actively involved with the company both during his recovery and thereafter,” Globus said in a statement."
GMED,GMED:US,BBG002V87SD0,Analysts See 10% Gains Ahead For IJJ,2017-08-30 13:50:47 +0000,http://articlefeeds.nasdaq.com/~r/nasdaq/symbols/~3/DKZC2YCnfpI/analysts-see-10-gains-ahead-for-ijj-cm838991,Looking at the underlying holdings of the ETFs in our coverage universe at ETF Channel we have compared the trading price of each holding against the average analyst 12 month forward target price and computed the weighted average implied analyst target price for the ETF itself For the
GMED,GMED:US,BBG002V87SD0,GMED Crosses Below Key Moving Average Level,2017-08-29 21:50:19 +0000,http://articlefeeds.nasdaq.com/~r/nasdaq/symbols/~3/0ZoXwvpjV8o/gmed-crosses-below-key-moving-average-level-cm838859,In trading on Tuesday shares of Globus Medical Inc Symbol GMED crossed below their 200 day moving average of 28 54 changing hands as low as 28 36 per share Globus Medical Inc shares are currently trading off about 3 2 on the day The chart below shows the one year performance of
GMED,GMED:US,BBG002V87SD0,Globus Medical Appoints David M. Demski as CEO,2017-08-29 20:15:00 +0000,https://finance.yahoo.com/news/globus-medical-appoints-david-m-201500188.html?.tsrc=rss,"AUDUBON, Penn., Aug. 29, 2017-- Globus Medical, Inc., a leading musculoskeletal solutions company, today announced that, the Board of Directors has named David M. Demski as the Company’ s Chief Executive ..."
GMED,GMED:US,BBG002V87SD0,First Week of October 20th Options Trading For Globus Medical,2017-08-25 16:42:07 +0000,http://articlefeeds.nasdaq.com/~r/nasdaq/symbols/~3/BsxA_miRzSI/first-week-of-october-20th-options-trading-for-globus-medical-cm837242,Investors in Globus Medical Inc Symbol GMED saw new options begin trading this week for the October 20th expiration At Stock Options Channel our YieldBoost formula has looked up and down the GMED options chain for the new October 20th contracts and identified one put and one call
GMED,GMED:US,BBG002V87SD0,See what the IHS Markit Score report has to say about Globus Medical Inc.,2017-08-25 12:04:48 +0000,https://finance.yahoo.com/news/see-ihs-markit-score-report-120446178.html?.tsrc=rss,"Short interest is moderate for GMED with between 5 and 10% of shares outstanding currently on loan.  The last change in the short interest score occurred more than 1 month ago and implies that there has been little change in sentiment among investors who seek to profit from falling equity prices.  Over the last month, growth of ETFs holding GMED is favorable, with net inflows of $4.67 billion."
GMED,GMED:US,BBG002V87SD0,See what the IHS Markit Score report has to say about Globus Medical Inc.,2017-08-24 12:04:46 +0000,https://finance.yahoo.com/news/see-ihs-markit-score-report-120446827.html?.tsrc=rss,Short interest is moderate for GMED with between 5 and 10% of shares outstanding currently on loan.  The last change in the short interest score occurred more than 1 month ago and implies that there has been little change in sentiment among investors who seek to profit from falling equity prices.  ETFs that hold GMED had net inflows of $2.43 billion over the last one-month.
GMED,GMED:US,BBG002V87SD0,"ETFs with exposure to Globus Medical, Inc. : August 21, 2017",2017-08-21 20:20:28 +0000,http://finance.yahoo.com/r/b33ee6d0-53d0-37ff-8e59-1eedef52c4b4/etfs-with-exposure-to-globus-medical-inc-august-21-2017?yptr=yahoo&.tsrc=rss,"Categories:  ETFs Yahoo FinanceClick here to see latest analysis ETFs with exposure to Globus Medical, Inc. Here are 5 ETFs with the largest exposure to GMED-US. Comparing the performance and risk of Globus Medical, Inc. with the ETFs that have exposure to it gives us some ETF choices that could give us similar returns with lower volatility. Ticker ... Read more
<b>(Read more...)</b>"
GMED,GMED:US,BBG002V87SD0,Globus Medical's Robotic Guidance System Gets FDA Approval,2017-08-18 16:42:41 +0000,http://articlefeeds.nasdaq.com/~r/nasdaq/symbols/~3/C2VSJFKS_LQ/globus-medicals-robotic-guidance-system-gets-fda-approval-cm834036,Based in Audubon PA leading musculoskeletal implant company Globus Medical Inc GMED announced the receipt of 510k approval for its Excelsius GPS robotic guidance and navigation system from the FDA In fact positive tidings on the regulatory front have favored Globus Medical The company
GMED,GMED:US,BBG002V87SD0,Globus Medical&apos;s Robotic Guidance System Gets FDA Approval,2017-08-18 14:09:02 +0000,https://finance.yahoo.com/news/globus-medical-apos-robotic-guidance-140902733.html?.tsrc=rss,Positive tidings on the regulatory front have favored Globus Medical (GMED) of late. The company&apos;s latest regulatory progress would lend it a competitive edge in the global niche space.
GMED,GMED:US,BBG002V87SD0,See what the IHS Markit Score report has to say about Globus Medical Inc.,2017-08-18 12:04:32 +0000,https://finance.yahoo.com/news/see-ihs-markit-score-report-120326818.html?.tsrc=rss,"Short interest is moderate for GMED with between 5 and 10% of shares outstanding currently on loan.  The last change in the short interest score occurred more than 1 month ago and implies that there has been little change in sentiment among investors who seek to profit from falling equity prices.  Over the last month, ETFs holding GMED are favorable, with net inflows of $2.81 billion."
GMED,GMED:US,BBG002V87SD0,"FDA Nod For PFE, New Use For AZN's Ovarian Cancer Drug, ELGX's LEOPARD Hits Goal",2017-08-18 01:11:00 +0000,http://articlefeeds.nasdaq.com/~r/nasdaq/symbols/~3/RDqJJyQPwao/fda-nod-for-pfe-new-use-for-azns-ovarian-cancer-drug-elgxs-leopard-hits-goal-20170818-00018,"FDA Nod For PFE, New Use For AZN's Ovarian Cancer Drug, ELGX's LEOPARD Hits Goal"
GMED,GMED:US,BBG002V87SD0,Globus Medical (GMED) Stock is Popping: Here's Why,2017-08-17 19:38:30 +0000,http://articlefeeds.nasdaq.com/~r/nasdaq/symbols/~3/GRj-yCbNeVI/globus-medical-gmed-stock-is-popping-heres-why-cm833508,On Thursday shares of medical device company Globus Medical Inc GMED are popping up almost 6 in late morning trading after the firm announced that the FDA granted 510 k clearance to one of its key products the robotic guidance and navigation system Excelsius GPS The Excelsius GPS
GMED,GMED:US,BBG002V87SD0,Globus Medical (GMED) Stock is Popping: Here&apos;s Why,2017-08-17 17:58:05 +0000,https://finance.yahoo.com/news/globus-medical-gmed-stock-popping-175805418.html?.tsrc=rss,"On Thursday, shares of medical device company Globus Medical Inc. (GMED) are popping, up almost 6% in late-morning trading after the firm announced that the FDA granted 510(k) clearance to one of its key products, the robotic guidance and navigation system Excelsius GPS."
GMED,GMED:US,BBG002V87SD0,Globus Medical Announces FDA 510(k) Clearance for Excelsius GPS™,2017-08-17 13:13:30 +0000,https://finance.yahoo.com/news/globus-medical-announces-fda-510-131330760.html?.tsrc=rss,"AUDUBON, Pa., Aug. 17, 2017-- Globus Medical, Inc., a leading musculoskeletal solutions company, today announced that the Excelsius GPS™, a revolutionary robotic guidance and navigation system, has been ..."
GMED,GMED:US,BBG002V87SD0,See what the IHS Markit Score report has to say about Globus Medical Inc.,2017-08-14 12:03:28 +0000,https://finance.yahoo.com/news/see-ihs-markit-score-report-120328873.html?.tsrc=rss,Short interest is moderate for GMED with between 5 and 10% of shares outstanding currently on loan.  The last change in the short interest score occurred more than 1 month ago and implies that there has been little change in sentiment among investors who seek to profit from falling equity prices.  ETFs that hold GMED had net inflows of $35 million over the last one-month.
GMED,GMED:US,BBG002V87SD0,Edited Transcript of GMED earnings conference call or presentation 2-Aug-17 9:30pm GMT,2017-08-12 06:51:15 +0000,https://finance.yahoo.com/news/edited-transcript-gmed-earnings-conference-023047085.html?.tsrc=rss,Q2 2017 Globus Medical Inc Earnings Call
GMED,GMED:US,BBG002V87SD0,"Globus Medical, Inc. :GMED-US: Earnings Analysis: Q2, 2017 By the Numbers : August 10, 2017",2017-08-10 16:27:43 +0000,http://finance.yahoo.com/r/9f04b0bf-f93c-3dec-9dab-6466c5e8978d/globus-medical-inc-gmed-us-earnings-analysis-q2-2017-by-the-numbers-august-10-2017?yptr=yahoo&.tsrc=rss,"Categories:  Yahoo FinanceGet free summary analysis Globus Medical, Inc. reports financial results for the quarter ended June 30, 2017. We analyze the earnings along side the following peers of Globus Medical, Inc. – Stryker Corporation, K2M Group Holdings, Inc., Zimmer Biomet Holdings, Inc., NuVasive, Inc., Exactech, Inc., Orthofix International NV and RTI Surgical, Inc. (SYK-US, KTWO-US, ZBH-US, ... Read more
<b>(Read more...)</b>"
GMED,GMED:US,BBG002V87SD0,IHS Markit Score Update: Drop in demand for ETFs holding Globus Medical Inc is a negative sign for its shares,2017-08-10 12:03:13 +0000,https://finance.yahoo.com/news/ihs-markit-score-drop-demand-120313684.html?.tsrc=rss,"Short interest is moderate for GMED with between 5 and 10% of shares outstanding currently on loan.  The last change in the short interest score occurred more than 1 month ago and implies that there has been little change in sentiment among investors who seek to profit from falling equity prices.  Over the last one-month, outflows of investor capital in ETFs holding GMED totaled $517 million."
GMED,GMED:US,BBG002V87SD0,See what the IHS Markit Score report has to say about Globus Medical Inc.,2017-08-09 12:05:22 +0000,https://finance.yahoo.com/news/see-ihs-markit-score-report-120522196.html?.tsrc=rss,"Short interest is moderate for GMED with between 5 and 10% of shares outstanding currently on loan.  The last change in the short interest score occurred more than 1 month ago and implies that there has been little change in sentiment among investors who seek to profit from falling equity prices.  Investors are committing new capital to ETFs that hold GMED at an increasing rate, with the one-month net inflow having reached $253 million."
GMED,GMED:US,BBG002V87SD0,Globus Medical beats Street 2Q forecasts,2017-08-04 07:17:46 +0000,https://finance.yahoo.com/news/globus-medical-beats-street-2q-090302931.html?.tsrc=rss,"The Audubon, Pennsylvania-based company said it had profit of 29 cents per share. Earnings, adjusted for one-time gains and costs, came to 32 cents per share. The results beat Wall Street expectations. ..."
GMED,GMED:US,BBG002V87SD0,Globus Medical is Now Oversold (GMED),2017-08-03 18:01:15 +0000,http://articlefeeds.nasdaq.com/~r/nasdaq/symbols/~3/bBzKYaAvcQo/globus-medical-is-now-oversold-gmed-cm826682,Legendary investor Warren Buffett advises to be fearful when others are greedy and be greedy when others are fearful One way we can try to measure the level of fear in a given stock is through a technical analysis indicator called the Relative Strength Index or RSI which measures momentum on
GMED,GMED:US,BBG002V87SD0,Globus Medical Enjoys Another Solid Quarter Thanks to International Sales Growth,2017-08-03 15:03:30 +0000,http://articlefeeds.nasdaq.com/~r/nasdaq/symbols/~3/ayImh8qQmLs/globus-medical-enjoys-another-solid-quarter-thanks-to-international-sales-growth-cm826409,So far 2017 is shaping up to be the best year for Globus Medical NYSE GMED shareholders in quite a while The 160 musculoskeletal implant manufacturer posted great numbers for the first quarter Globus Medical stock has outperformed the broader market this year despite a
GMED,GMED:US,BBG002V87SD0,Globus Medical Enjoys Another Solid Quarter Thanks to International Sales Growth,2017-08-03 13:07:00 +0000,http://finance.yahoo.com/r/addc35e7-39e3-366e-badd-c69ed15a89fd/globus-medical-enjoys-another-solid-quarter-thanks.aspx?yptr=yahoo&.tsrc=rss,The musculoskeletal implant manufacturer gets plenty of help in the second quarter from its 2016 acquisition of Alphatec.
GMED,GMED:US,BBG002V87SD0,Globus Medical Announces Acquisition of Robotics Developer KB Medical,2017-08-02 20:30:00 +0000,https://finance.yahoo.com/news/globus-medical-announces-acquisition-robotics-203000302.html?.tsrc=rss,"AUDUBON, Pa., Aug. 02, 2017-- Globus Medical, Inc., a leading musculoskeletal solutions manufacturer, today announced that the acquisition of KB Medical, SA, a robotic developer based in Lausanne, Switzerland, ..."
GMED,GMED:US,BBG002V87SD0,Globus Medical Reports Second Quarter 2017 Results,2017-08-02 20:30:00 +0000,https://finance.yahoo.com/news/globus-medical-reports-second-quarter-203000386.html?.tsrc=rss,"AUDUBON, Pa., Aug. 02, 2017-- Globus Medical, Inc., a leading musculoskeletal solutions manufacturer, today announced its financial results for the second quarter ended June 30, 2017.. Worldwide sales ..."
GMED,GMED:US,BBG002V87SD0,"Investor Network: Globus Medical, Inc. to Host Earnings Call",2017-08-02 16:40:00 +0000,https://finance.yahoo.com/news/investor-network-globus-medical-inc-164000869.html?.tsrc=rss,"NEW YORK, NY / ACCESSWIRE / August 2, 2017 / Globus Medical, Inc. (NYSE: GMED ) will be discussing their earnings results in their Q2 Earnings Call to be held on Wednesday, August 2, 2017 at 5:30 PM Eastern ..."
GMED,GMED:US,BBG002V87SD0,"Globus Medical, Inc. breached its 50 day moving average in a Bearish Manner : GMED-US : July 31, 2017",2017-07-31 14:02:01 +0000,http://finance.yahoo.com/r/62109e5d-53e6-3d3a-8b7e-bc9141b7b784/globus-medical-inc-breached-its-50-day-moving-average-in-a-bearish-manner-gmed-us-july-31-2017?yptr=yahoo&.tsrc=rss,"Categories:  ETFs Yahoo FinanceGet full CapitalCube analysis *Disclaimer : This is as of previous day’s closing price. Technical Indicators Below is a quick look at 5 technical indicators for Globus Medical, Inc.. More studies are available on the Technical Chart. Indicator Signal Closing Price above/below 50 Day Moving Average Bearish Closing Price above/below 200 Day Moving Average Bullish ... Read more
<b>(Read more...)</b>"
GMED,GMED:US,BBG002V87SD0,Short-Term Breakouts Point to Higher Prices in These Stocks,2017-07-26 17:00:00 +0000,http://finance.yahoo.com/r/44eaff09-29b8-39c2-a73e-6f82274a63ce/shortterm-breakouts-point-higher-prices-these-stocks?partner=YahooSA&yptr=yahoo&.tsrc=rss,"These stocks are all in uptrends and recently broke out of short-term consolidations, signaling another up wave."
GMED,GMED:US,BBG002V87SD0,Globus Medical Reaches Analyst Target Price,2017-07-21 14:06:10 +0000,http://articlefeeds.nasdaq.com/~r/nasdaq/symbols/~3/W3WzxxPBbXY/globus-medical-reaches-analyst-target-price-cm819228,In recent trading shares of Globus Medical Inc Symbol GMED have crossed above the average analyst 12 month target price of 32 56 changing hands for 32 62 share When a stock reaches the target an analyst has set the analyst logically has two ways to react downgrade on valuation
GMED,GMED:US,BBG002V87SD0,"Intuitive Surgical, Inc. in 3 Charts",2017-07-19 22:03:45 +0000,http://articlefeeds.nasdaq.com/~r/nasdaq/symbols/~3/87Bo20Bs-VQ/intuitive-surgical-inc-in-3-charts-cm818377,It s still early but Intuitive Surgical NASDAQ ISRG stock could be on track to turn in its best performance of this decade Shares of the robotic surgical systems company are up nearly 50 so far in 2017 well above the end of year gains for all but one year since 2010 Robots
GMED,GMED:US,BBG002V87SD0,"Globus Medical, Inc. breached its 50 day moving average in a Bearish Manner : GMED-US : July 19, 2017",2017-07-19 13:10:57 +0000,http://finance.yahoo.com/r/d132e45b-fa65-3154-b375-5cca1edfa651/globus-medical-inc-breached-its-50-day-moving-average-in-a-bearish-manner-gmed-us-july-19-2017?yptr=yahoo&.tsrc=rss,"Categories:  ETFs Yahoo FinanceGet full CapitalCube analysis *Disclaimer : This is as of previous day’s closing price. Technical Indicators Below is a quick look at 5 technical indicators for Globus Medical, Inc.. More studies are available on the Technical Chart. Indicator Signal Closing Price above/below 50 Day Moving Average Bearish Closing Price above/below 200 Day Moving Average Bullish ... Read more
<b>(Read more...)</b>"
GMED,GMED:US,BBG002V87SD0,Should Mazor Robotics' Investors Fear the Incoming Competition?,2017-07-17 21:47:04 +0000,http://articlefeeds.nasdaq.com/~r/nasdaq/symbols/~3/9erlvOw-LSc/should-mazor-robotics-investors-fear-the-incoming-competition-cm817160,Many industry experts believe that the robotic surgery market 160 is on the cusp of a dramatic expansion For example a recent report from marketsandmarkets com predicts that the market will grow from 4 9 billion in 2016 to nearly 13 billion by 2021 Naturally a market of that size
GMED,GMED:US,BBG002V87SD0,Should Mazor Robotics&apos; Investors Fear the Incoming Competition?,2017-07-17 20:24:00 +0000,http://finance.yahoo.com/r/8235bfa9-92f9-3ddf-8e62-888a7d6f8d4b/should-mazor-robotics-investors-fear-the-incoming.aspx?yptr=yahoo&.tsrc=rss,"Mazor Robotics has a commanding lead in the robotic surgical markets for spine and brain procedures, but do investors finally need to start worrying about the competition?"
GMED,GMED:US,BBG002V87SD0,Globus Medical Schedules Second Quarter 2017 Earnings Release and Conference Call,2017-07-10 22:41:43 +0000,https://finance.yahoo.com/news/globus-medical-schedules-second-quarter-224143479.html?.tsrc=rss,"AUDUBON, Pa., July 10, 2017-- Globus Medical, Inc., a leading musculoskeletal implant manufacturer, will announce its financial results for the second quarter ended June 30, 2017 after the market close ..."
GMED,GMED:US,BBG002V87SD0,"Globus Medical, Inc. – Value Analysis (NYSE:GMED) : July 10, 2017",2017-07-10 20:02:15 +0000,http://finance.yahoo.com/r/420bae9f-a87e-3bc4-8fab-e5f3670ae81e/globus-medical-inc-value-analysis-nysegmed-july-10-2017?yptr=yahoo&.tsrc=rss,"Categories:  Fundamental Analysis Yahoo FinanceClick here to see latest analysis Capitalcube gives Globus Medical, Inc. a score of 69. Our analysis is based on comparing Globus Medical, Inc. with the following peers – Stryker Corporation, K2M Group Holdings, Inc., Zimmer Biomet Holdings, Inc., NuVasive, Inc., Exactech, Inc., Orthofix International NV, RTI Surgical, Inc. and Alphatec Holdings, Inc. (SYK-US, KTWO-US, ... Read more
<b>(Read more...)</b>"
GMED,GMED:US,BBG002V87SD0,"ETFs with exposure to Globus Medical, Inc. : July 10, 2017",2017-07-10 18:34:31 +0000,http://finance.yahoo.com/r/07a9a622-bbcb-3dfb-838d-bcc7ac18ba1b/etfs-with-exposure-to-globus-medical-inc-july-10-2017?yptr=yahoo&.tsrc=rss,"Categories:  ETFs Yahoo FinanceClick here to see latest analysis ETFs with exposure to Globus Medical, Inc. Here are 5 ETFs with the largest exposure to GMED-US. Comparing the performance and risk of Globus Medical, Inc. with the ETFs that have exposure to it gives us some ETF choices that could give us similar returns with lower volatility. Ticker ... Read more
<b>(Read more...)</b>"
GMED,GMED:US,BBG002V87SD0,"Globus Medical, Inc. breached its 50 day moving average in a Bearish Manner : GMED-US : July 7, 2017",2017-07-07 13:40:23 +0000,http://finance.yahoo.com/r/8a79c5ac-c6d5-317b-a8a8-32b71ce51569/globus-medical-inc-breached-its-50-day-moving-average-in-a-bearish-manner-gmed-us-july-7-2017?yptr=yahoo&.tsrc=rss,"Categories:  ETFs Yahoo FinanceGet full CapitalCube analysis *Disclaimer : This is as of previous day’s closing price. Technical Indicators Below is a quick look at 5 technical indicators for Globus Medical, Inc.. More studies are available on the Technical Chart. Indicator Signal Closing Price above/below 50 Day Moving Average Bearish Closing Price above/below 200 Day Moving Average Bullish ... Read more
<b>(Read more...)</b>"
GMED,GMED:US,BBG002V87SD0,"ETFs with exposure to Globus Medical, Inc. : June 26, 2017",2017-06-26 20:03:57 +0000,http://finance.yahoo.com/r/69ba6906-a546-31bd-ba4b-2bb35364a23a/etfs-with-exposure-to-globus-medical-inc-june-26-2017?yptr=yahoo&.tsrc=rss,"Categories:  ETFs Yahoo FinanceClick here to see latest analysis ETFs with exposure to Globus Medical, Inc. Here are 5 ETFs with the largest exposure to GMED-US. Comparing the performance and risk of Globus Medical, Inc. with the ETFs that have exposure to it gives us some ETF choices that could give us similar returns with lower volatility. Ticker ... Read more
<b>(Read more...)</b>"
GMED,GMED:US,BBG002V87SD0,"ETFs with exposure to Globus Medical, Inc. : June 13, 2017",2017-06-13 16:33:03 +0000,http://finance.yahoo.com/r/f9edf478-ad68-3b53-82c8-ff2c955e9c3d/etfs-with-exposure-to-globus-medical-inc-june-13-2017?yptr=yahoo&.tsrc=rss,"Categories:  ETFs Yahoo FinanceClick here to see latest analysis ETFs with exposure to Globus Medical, Inc. Here are 5 ETFs with the largest exposure to GMED-US. Comparing the performance and risk of Globus Medical, Inc. with the ETFs that have exposure to it gives us some ETF choices that could give us similar returns with lower volatility. Ticker ... Read more
<b>(Read more...)</b>"
GMED,GMED:US,BBG002V87SD0,"ETFs with exposure to Globus Medical, Inc. : June 2, 2017",2017-06-02 18:09:43 +0000,http://finance.yahoo.com/r/765be50b-a3c1-3aa8-9c5f-e2a1138f0d19/etfs-with-exposure-to-globus-medical-inc-june-2-2017?yptr=yahoo&.tsrc=rss,"Categories:  ETFs Yahoo FinanceClick here to see latest analysis ETFs with exposure to Globus Medical, Inc. Here are 5 ETFs with the largest exposure to GMED-US. Comparing the performance and risk of Globus Medical, Inc. with the ETFs that have exposure to it gives us some ETF choices that could give us similar returns with lower volatility. Ticker ... Read more
<b>(Read more...)</b>"
GMED,GMED:US,BBG002V87SD0,"Globus Medical, Inc. :GMED-US: Earnings Analysis: Q1, 2017 By the Numbers : June 1, 2017",2017-06-01 13:36:53 +0000,http://finance.yahoo.com/r/8d506e65-2fb4-342c-bfb9-1228e53af57c/globus-medical-inc-gmed-us-earnings-analysis-q1-2017-by-the-numbers-june-1-2017?yptr=yahoo&.tsrc=rss,"Categories:  Yahoo FinanceGet free summary analysis Globus Medical, Inc. reports financial results for the quarter ended March 31, 2017. We analyze the earnings along side the following peers of Globus Medical, Inc. – Stryker Corporation, K2M Group Holdings, Inc., Zimmer Biomet Holdings, Inc., NuVasive, Inc., Exactech, Inc., Orthofix International NV, RTI Surgical, Inc. and Alphatec Holdings, Inc. ... Read more
<b>(Read more...)</b>"
GMED,GMED:US,BBG002V87SD0,Edited Transcript of GMED earnings conference call or presentation 3-May-17 9:30pm GMT,2017-05-06 23:55:50 +0000,http://finance.yahoo.com/news/edited-transcript-gmed-earnings-conference-024746646.html?.tsrc=rss,Q1 2017 Globus Medical Inc Earnings Call
GMED,GMED:US,BBG002V87SD0,Globus Medical beats 1Q profit forecasts,2017-05-03 23:57:32 +0000,http://finance.yahoo.com/news/globus-medical-beats-1q-profit-235732045.html?.tsrc=rss,"On a per-share basis, the Audubon, Pennsylvania-based company said it had net income of 30 cents. Earnings, adjusted for one-time gains and costs, came to 32 cents per share. The results beat Wall Street ..."
GMED,GMED:US,BBG002V87SD0,Globus Medical Reports First Quarter 2017 Results,2017-05-03 20:15:00 +0000,http://finance.yahoo.com/news/globus-medical-reports-first-quarter-201500757.html?.tsrc=rss,"AUDUBON, Pa., May 03, 2017-- Globus Medical, Inc., a leading musculoskeletal implant manufacturer, today announced its financial results for the first quarter ended March 31, 2017.. Worldwide sales were ..."
GMED,GMED:US,BBG002V87SD0,"ETFs with exposure to Globus Medical, Inc. : April 28, 2017",2017-04-28 19:54:08 +0000,http://finance.yahoo.com/r/4801d9e9-fd80-3729-879d-b168089742b5/etfs-with-exposure-to-globus-medical-inc-april-28-2017?yptr=yahoo&.tsrc=rss,"Categories:  ETFs Yahoo FinanceClick here to see latest analysis ETFs with exposure to Globus Medical, Inc. Here are 5 ETFs with the largest exposure to GMED-US. Comparing the performance and risk of Globus Medical, Inc. with the ETFs that have exposure to it gives us some ETF choices that could give us similar returns with lower volatility. Ticker ... Read more
<b>(Read more...)</b>"
GMED,GMED:US,BBG002V87SD0,Globus Medical Schedules First Quarter 2017 Earnings Release and Conference Call,2017-04-17 20:15:00 +0000,http://finance.yahoo.com/news/globus-medical-schedules-first-quarter-201500279.html?.tsrc=rss,"AUDUBON, Pa., April 17, 2017-- Globus Medical, Inc., a leading musculoskeletal implant manufacturer, will announce its financial results for the first quarter ended March 31, 2017 after the market close ..."
GMED,GMED:US,BBG002V87SD0,Globus Medical Stands On The Brink Of Inflection; Leerink Upgrades,2017-04-12 18:47:10 +0000,http://finance.yahoo.com/news/globus-medical-stands-brink-inflection-184710919.html?.tsrc=rss,"Considering Globus Medical Inc (NYSE: GMED ) on the verge of significant revenue growth acceleration, Leerink Swann upgraded the musculoskeletal medical device company to Outperform and increased its price ..."
GMED,GMED:US,BBG002V87SD0,"ETFs with exposure to Globus Medical, Inc. : April 12, 2017",2017-04-12 17:12:08 +0000,http://finance.yahoo.com/r/e76571dc-a7be-3d07-8f61-685b703cb359/etfs-with-exposure-to-globus-medical-inc-april-12-2017?yptr=yahoo&.tsrc=rss,"Categories:  ETFs Yahoo FinanceClick here to see latest analysis ETFs with exposure to Globus Medical, Inc. Here are 5 ETFs with the largest exposure to GMED-US. Comparing the performance and risk of Globus Medical, Inc. with the ETFs that have exposure to it gives us some ETF choices that could give us similar returns with lower volatility. Ticker ... Read more
<b>(Read more...)</b>"
GMED,GMED:US,BBG002V87SD0,"ETFs with exposure to Globus Medical, Inc. : March 30, 2017",2017-03-30 00:31:50 +0000,http://finance.yahoo.com/r/c2dfe6da-fc59-33e8-84b8-b09680fae6f7/etfs-with-exposure-to-globus-medical-inc-march-30-2017?yptr=yahoo&.tsrc=rss,"Categories:   ETFs Yahoo Finance Click here to see latest analysis ETFs with exposure to Globus Medical, Inc. Here are 5 ETFs with the largest exposure to GMED-US. Comparing the performance and risk of Globus Medical, Inc. with the ETFs that have exposure to it gives us some ETF choices that could give us similar returns with lower volatility. Ticker ... Read more    
<b>(Read more...)</b>"
GMED,GMED:US,BBG002V87SD0,"ETFs with exposure to Globus Medical, Inc. : March 30, 2017",2017-03-30 00:31:50 +0000,http://www.capitalcube.com/blog/index.php/etfs-with-exposure-to-globus-medical-inc-march-30-2017/,"ETFs with exposure to Globus Medical, Inc. : March 30, 2017"
GMED,GMED:US,BBG002V87SD0,GLOBUS MEDICAL INC Financials,2017-03-23 17:04:14 +0000,http://finance.yahoo.com/q/is?s=gmed,GLOBUS MEDICAL INC Financials
GMED,GMED:US,BBG002V87SD0,Globus Medical Reaches Analyst Target Price,2017-03-20 15:08:27 +0000,http://articlefeeds.nasdaq.com/~r/nasdaq/symbols/~3/1UxDpQgtuBM/globus-medical-reaches-analyst-target-price-cm762817,In recent trading shares of Globus Medical Inc Symbol GMED have crossed above the average analyst 12 month target price of 28 12 changing hands for 29 12 share When a stock reaches the target an analyst has set the analyst logically has two ways to react downgrade on valuation
GMED,GMED:US,BBG002V87SD0,"Friday's ETF Movers: IHI, GDXJ",2017-03-17 18:06:36 +0000,http://articlefeeds.nasdaq.com/~r/nasdaq/symbols/~3/crTnJxGSq0U/fridays-etf-movers-ihi-gdxj-cm762333,In trading on Friday the iShares U S Medical Devices ETF is outperforming other ETFs up about 0 8 on the day Components of that ETF showing particular strength include shares of Penumbra up about 8 and shares of Globus Medical up about 3 6 on the day And underperforming other
GMED,GMED:US,BBG002V87SD0,"GLOBUS MEDICAL INC Files SEC form 10-K, Annual Report",2017-03-16 20:41:08 +0000,http://biz.yahoo.com/e/170316/gmed10-k.html,"GLOBUS MEDICAL INC Files SEC form 10-K, Annual Report"
GMED,GMED:US,BBG002V87SD0,"Globus Medical, Inc. :GMED-US: Earnings Analysis: 2016 By the Numbers : March 2, 2017",2017-03-02 17:49:44 +0000,http://www.capitalcube.com/blog/index.php/globus-medical-inc-gmed-us-earnings-analysis-2016-by-the-numbers-march-2-2017/,"Globus Medical, Inc. :GMED-US: Earnings Analysis: 2016 By the Numbers : March 2, 2017"
GMED,GMED:US,BBG002V87SD0,"Globus Medical, Inc. :GMED-US: Earnings Analysis: 2016 By the Numbers : March 2, 2017",2017-03-02 17:49:44 +0000,http://finance.yahoo.com/r/f3ff0856-ba56-3cbc-815c-035f66375e58/globus-medical-inc-gmed-us-earnings-analysis-2016-by-the-numbers-march-2-2017?yptr=yahoo&.tsrc=rss,"Categories:   Yahoo Finance Get free summary analysis Globus Medical, Inc. reports financial results for the year ended December 31, 2016. We analyze the earnings along side the following peers of Globus Medical, Inc. – Stryker Corporation, Zimmer Biomet Holdings, Inc., NuVasive, Inc., Exactech, Inc. and RTI Surgical, Inc. (SYK-US, ZBH-US, NUVA-US, EXAC-US and RTIX-US) that have also reported ... Read more    
<b>(Read more...)</b>"
GMED,GMED:US,BBG002V87SD0,"Globus Medical, Inc. :GMED-US: Earnings Analysis: Q4, 2016 By the Numbers : March 1, 2017",2017-03-01 15:33:32 +0000,http://www.capitalcube.com/blog/index.php/globus-medical-inc-gmed-us-earnings-analysis-q4-2016-by-the-numbers-march-1-2017/,"Globus Medical, Inc. :GMED-US: Earnings Analysis: Q4, 2016 By the Numbers : March 1, 2017"
GMED,GMED:US,BBG002V87SD0,Edited Transcript of GMED earnings conference call or presentation 27-Feb-17 10:30pm GMT,2017-02-28 05:38:01 +0000,http://finance.yahoo.com/news/edited-transcript-gmed-earnings-conference-053801036.html,Edited Transcript of GMED earnings conference call or presentation 27-Feb-17 10:30pm GMT
GMED,GMED:US,BBG002V87SD0,Edited Transcript of GMED earnings conference call or presentation 27-Feb-17 10:30pm GMT,2017-02-28 05:38:01 +0000,http://finance.yahoo.com/news/edited-transcript-gmed-earnings-conference-053801036.html?.tsrc=rss,Q4 2016 Globus Medical Inc Earnings Call
GMED,GMED:US,BBG002V87SD0,Globus Medical Inc Earnings Call scheduled for 5:30 pm ET today,2017-02-27 22:30:00 +0000,http://biz.yahoo.com/cc/2/155572.html,Globus Medical Inc Earnings Call scheduled for 5:30 pm ET today
GMED,GMED:US,BBG002V87SD0,Globus Medical misses 4Q profit forecasts,2017-02-27 22:01:11 +0000,http://finance.yahoo.com/news/globus-medical-misses-4q-profit-220111366.html?.tsrc=rss,"The Audubon, Pennsylvania-based company said it had net income of 25 cents per share. Earnings, adjusted for costs related to mergers and acquisitions and non-recurring costs, came to 31 cents per share. ..."
GMED,GMED:US,BBG002V87SD0,Globus Medical misses 4Q profit forecasts,2017-02-27 22:01:11 +0000,http://sg.finance.yahoo.com/news/globus-medical-misses-4q-profit-220111197.html,Globus Medical misses 4Q profit forecasts
GMED,GMED:US,BBG002V87SD0,"GLOBUS MEDICAL INC Files SEC form 8-K, Results of Operations and Financial Condition",2017-02-27 21:50:04 +0000,http://biz.yahoo.com/e/170227/gmed8-k.html,"GLOBUS MEDICAL INC Files SEC form 8-K, Results of Operations and Financial Condition"
GMED,GMED:US,BBG002V87SD0,"4:44 pm Globus Medical misses by $0.02, beats on revs; guides FY17 EPS in-line, revs in-line",2017-02-27 21:44:00 +0000,http://finance.yahoo.com/news/inplay-briefing-com-055139997.html#gmed,"4:44 pm Globus Medical misses by $0.02, beats on revs; guides FY17 EPS in-line, revs in-line"
GMED,GMED:US,BBG002V87SD0,Globus Medical Reports Full Year and Fourth Quarter 2016 Results,2017-02-27 21:41:32 +0000,http://finance.yahoo.com/news/globus-medical-reports-full-fourth-214132274.html,"[GlobeNewswire] - AUDUBON, Pa., Feb. 27, 2017-- Globus Medical, Inc., a leading musculoskeletal implant manufacturer, today announced its financial results for the fourth quarter and year ended December 31, 2016.. Worldwide ..."
GMED,GMED:US,BBG002V87SD0,Globus Medical Reports Full Year and Fourth Quarter 2016 Results,2017-02-27 21:41:32 +0000,http://finance.yahoo.com/news/globus-medical-reports-full-fourth-214132274.html?.tsrc=rss,"AUDUBON, Pa., Feb. 27, 2017-- Globus Medical, Inc., a leading musculoskeletal implant manufacturer, today announced its financial results for the fourth quarter and year ended December 31, 2016.. Worldwide ..."
GMED,GMED:US,BBG002V87SD0,Q4 2016 Globus Medical Inc Earnings Release - After Market Close,2017-02-27 12:07:03 +0000,http://biz.yahoo.com/research/earncal/20170227.html?t=gmed,Q4 2016 Globus Medical Inc Earnings Release - After Market Close
GMED,GMED:US,BBG002V87SD0,Globus Medical to Present at Leerink Partners 6th Annual Global Healthcare Conference 2017,2017-02-09 21:15:00 +0000,http://finance.yahoo.com/news/globus-medical-present-leerink-partners-211500850.html?.tsrc=rss,"AUDUBON, Pa., Feb. 09, 2017-- Globus Medical, Inc., a leading musculoskeletal implant manufacturer, today announced that management will present at the Leerink Partners 6 th Annual Global Healthcare Conference ..."
GMED,GMED:US,BBG002V87SD0,Globus Medical to Present at Leerink Partners 6th Annual Global Healthcare Conference 2017,2017-02-09 21:15:00 +0000,http://finance.yahoo.com/news/globus-medical-present-leerink-partners-211500850.html,"[GlobeNewswire] - AUDUBON, Pa., Feb. 09, 2017-- Globus Medical, Inc., a leading musculoskeletal implant manufacturer, today announced that management will present at the Leerink Partners 6 th Annual Global Healthcare Conference ..."
GMED,GMED:US,BBG002V87SD0,Globus Medical Schedules Fourth Quarter and Full Year 2016 Earnings Release and Conference Call,2017-02-07 21:15:00 +0000,http://finance.yahoo.com/news/globus-medical-schedules-fourth-quarter-211500054.html?.tsrc=rss,"AUDUBON, Pa., Feb. 07, 2017-- Globus Medical, Inc., a leading musculoskeletal implant manufacturer, will announce its financial results for the fourth quarter and full year ended December 31, 2016 after ..."
GMED,GMED:US,BBG002V87SD0,Globus Medical Schedules Fourth Quarter and Full Year 2016 Earnings Release and Conference Call,2017-02-07 21:15:00 +0000,http://finance.yahoo.com/news/globus-medical-schedules-fourth-quarter-211500054.html,"[GlobeNewswire] - AUDUBON, Pa., Feb. 07, 2017-- Globus Medical, Inc., a leading musculoskeletal implant manufacturer, will announce its financial results for the fourth quarter and full year ended December 31, 2016 after ..."
GMED,GMED:US,BBG002V87SD0,"GLOBUS MEDICAL INC Files SEC form 8-K, Results of Operations and Financial Condition",2017-01-10 22:17:59 +0000,http://biz.yahoo.com/e/170110/gmed8-k.html,"GLOBUS MEDICAL INC Files SEC form 8-K, Results of Operations and Financial Condition"
GMED,GMED:US,BBG002V87SD0,Globus Medical Reports Preliminary Fourth Quarter and Full Year Sales Results,2017-01-10 22:08:13 +0000,http://finance.yahoo.com/news/globus-medical-reports-preliminary-fourth-220813651.html,"[GlobeNewswire] - AUDUBON, Pa., Jan. 10, 2017-- Globus Medical, Inc., a leading musculoskeletal implant manufacturer, today announced preliminary unaudited sales results for the fourth quarter and full year ending December ..."
GMED,GMED:US,BBG002V87SD0,Globus Medical Reports Preliminary Fourth Quarter and Full Year Sales Results,2017-01-10 22:08:13 +0000,http://finance.yahoo.com/news/globus-medical-reports-preliminary-fourth-220813651.html?.tsrc=rss,"AUDUBON, Pa., Jan. 10, 2017-- Globus Medical, Inc., a leading musculoskeletal implant manufacturer, today announced preliminary unaudited sales results for the fourth quarter and full year ending December ..."
GMED,GMED:US,BBG002V87SD0,Globus Medical Announces CE Mark for Excelsius GPS™,2017-01-05 21:55:08 +0000,http://www.publicnow.com/view/1193F57F281CBE165FEA73EF35AFCC1A4141BBA4,"[at noodls] - AUDUBON, Pa., Jan. 05, 2017 (GLOBE NEWSWIRE) -- Globus Medical, Inc. (NYSE:GMED), a leading musculoskeletal implant manufacturer, today announced that the Excelsius GPS™, a revolutionary system providing ..."
GMED,GMED:US,BBG002V87SD0,"ETFs with exposure to Globus Medical, Inc. : January 3, 2017",2017-01-03 19:14:53 +0000,http://www.capitalcube.com/blog/index.php/etfs-with-exposure-to-globus-medical-inc-january-3-2017/,"ETFs with exposure to Globus Medical, Inc. : January 3, 2017"
GMED,GMED:US,BBG002V87SD0,"ETFs with exposure to Globus Medical, Inc. : January 3, 2017",2017-01-03 19:14:53 +0000,http://finance.yahoo.com/r/7b7b313c-c657-3794-8dc4-451e854be66a/etfs-with-exposure-to-globus-medical-inc-january-3-2017?yptr=yahoo&.tsrc=rss,"Categories:   ETFs Yahoo Finance Click here to see latest analysis ETFs with exposure to Globus Medical, Inc. Here are 5 ETFs with the largest exposure to GMED-US. Comparing the performance and risk of Globus Medical, Inc. with the ETFs that have exposure to it gives us some ETF choices that could give us similar returns with lower volatility. Ticker ... Read more    
<b>(Read more...)</b>"
GMED,GMED:US,BBG002V87SD0,"ETFs with exposure to Globus Medical, Inc. : December 19, 2016",2016-12-19 16:41:01 +0000,http://www.capitalcube.com/blog/index.php/etfs-with-exposure-to-globus-medical-inc-december-19-2016/,"ETFs with exposure to Globus Medical, Inc. : December 19, 2016"
GMED,GMED:US,BBG002V87SD0,"ETFs with exposure to Globus Medical, Inc. : December 6, 2016",2016-12-06 17:27:36 +0000,http://www.capitalcube.com/blog/index.php/etfs-with-exposure-to-globus-medical-inc-december-6-2016/,"ETFs with exposure to Globus Medical, Inc. : December 6, 2016"
GMED,GMED:US,BBG002V87SD0,"ETFs with exposure to Globus Medical, Inc. : December 6, 2016",2016-12-06 17:27:36 +0000,http://finance.yahoo.com/r/e600bdc7-0340-3188-8b52-39f663cd2444/etfs-with-exposure-to-globus-medical-inc-december-6-2016?yptr=yahoo&.tsrc=rss,"Categories:   ETFs Yahoo Finance Click here to see latest analysis ETFs with exposure to Globus Medical, Inc. Here are 5 ETFs with the largest exposure to GMED-US. Comparing the performance and risk of Globus Medical, Inc. with the ETFs that have exposure to it gives us some ETF choices that could give us similar returns with lower volatility. Ticker ... Read more    
<b>(Read more...)</b>"
GMED,GMED:US,BBG002V87SD0,"Globus Medical, Inc. breached its 50 day moving average in a Bullish Manner : GMED-US : December 6, 2016",2016-12-06 12:17:02 +0000,http://finance.yahoo.com/r/5ae0c4df-c124-3f9b-9010-22983b25a945/globus-medical-inc-breached-its-50-day-moving-average-in-a-bullish-manner-gmed-us-december-6-2016?yptr=yahoo&.tsrc=rss,"Categories:   ETFs Yahoo Finance Click here to see latest analysis *Disclaimer : This is as of previous day’s closing price. Technical Indicators Below is a quick look at 5 technical indicators for Globus Medical, Inc.. More studies are available on the Technical Chart. Indicator Signal Closing Price above/below 50 Day Moving Average Bullish Closing Price above/below 200 Day Moving ... Read more    
<b>(Read more...)</b>"
GMED,GMED:US,BBG002V87SD0,"Globus Medical, Inc. breached its 50 day moving average in a Bullish Manner : GMED-US : December 6, 2016",2016-12-06 12:17:02 +0000,http://www.capitalcube.com/blog/index.php/globus-medical-inc-breached-its-50-day-moving-average-in-a-bullish-manner-gmed-us-december-6-2016/,"Globus Medical, Inc. breached its 50 day moving average in a Bullish Manner : GMED-US : December 6, 2016"
GMED,GMED:US,BBG002V87SD0,Hedge Funds Are Ditching Globus Medical Inc (GMED): Have They Uncovered Something You Haven’t?,2016-12-05 02:57:52 +0000,http://www.insidermonkey.com/blog/hedge-funds-are-ditching-globus-medical-inc-gmed-have-they-uncovered-something-you-havent-498481/,Hedge Funds Are Ditching Globus Medical Inc (GMED): Have They Uncovered Something You Haven’t?
GMED,GMED:US,BBG002V87SD0,Hedge Funds Are Ditching Globus Medical Inc (GMED): Have They Uncovered Something You Haven’t?,2016-12-05 02:57:52 +0000,http://finance.yahoo.com/r/349ae666-c4e4-3e48-a5d3-55949be6f6f7/hedge-funds-are-ditching-globus-medical-inc-gmed-have-they-uncovered-something-you-havent-498481?yptr=yahoo&.tsrc=rss,"Hedge fund managers like David Einhorn, Dan Loeb, or Carl Icahn became billionaires through reaping large profits for their investors, which is why piggybacking their stock picks may provide us with significant returns as well. Many hedge funds, like Paul Singer’s Elliott Management, are pretty secretive, but we can still get some insights by analyzing […]"
GMED,GMED:US,BBG002V87SD0,Globus Medical and UMB Financial Set to Join S&P MidCap 400; HomeStreet to Join S&P SmallCap 600,2016-12-02 23:02:00 +0000,http://finance.yahoo.com/news/globus-medical-umb-financial-set-230200102.html,"[PR Newswire] - NEW YORK, Dec. 2, 2016 /PRNewswire/ -- S&P Dow Jones Indices will make the following changes to the S&P MidCap 400 and S&P SmallCap 600 after the close of trading on Tuesday, December 6: Globus Medical ..."
GMED,GMED:US,BBG002V87SD0,Globus Medical and UMB Financial Set to Join S&P MidCap 400; HomeStreet to Join S&P SmallCap 600,2016-12-02 23:02:00 +0000,http://finance.yahoo.com/news/globus-medical-umb-financial-set-230200102.html?.tsrc=rss,"NEW YORK, Dec. 2, 2016 /PRNewswire/ -- S&P Dow Jones Indices will make the following changes to the S&P MidCap 400 and S&P SmallCap 600 after the close of trading on Tuesday, December 6: Globus Medical ..."
GMED,GMED:US,BBG002V87SD0,Coverage initiated on Globus Medical by Aegis Capital,2016-11-30 12:13:59 +0000,http://finance.yahoo.com/q/ud?s=GMED,Coverage initiated on Globus Medical by Aegis Capital
GMED,GMED:US,BBG002V87SD0,Interesting GMED Put And Call Options For January 2017,2016-11-21 19:49:49 +0000,http://articlefeeds.nasdaq.com/~r/nasdaq/symbols/~3/0Dy1Mw3msyA/interesting-gmed-put-and-call-options-for-january-2017-cm712253,Investors in Globus Medical Inc Symbol GMED saw new options begin trading today for the January 2017 expiration At Stock Options Channel our YieldBoost formula has looked up and down the GMED options chain for the new January 2017 contracts and identified one put and one call contract
GMED,GMED:US,BBG002V87SD0,"ETFs with exposure to Globus Medical, Inc. : November 18, 2016",2016-11-18 18:10:59 +0000,http://finance.yahoo.com/r/3bb6f57d-a904-3ac0-ab39-cd135e959b9d/etfs-with-exposure-to-globus-medical-inc-november-18-2016?yptr=yahoo&.tsrc=rss,"Categories:   ETFs Yahoo Finance Click here to see latest analysis ETFs with exposure to Globus Medical, Inc. Here are 5 ETFs with the largest exposure to GMED-US. Comparing the performance and risk of Globus Medical, Inc. with the ETFs that have exposure to it gives us some ETF choices that could give us similar returns with lower volatility. Ticker ... Read more    
<b>(Read more...)</b>"
GMED,GMED:US,BBG002V87SD0,"ETFs with exposure to Globus Medical, Inc. : November 18, 2016",2016-11-18 18:10:59 +0000,http://www.capitalcube.com/blog/index.php/etfs-with-exposure-to-globus-medical-inc-november-18-2016/,"ETFs with exposure to Globus Medical, Inc. : November 18, 2016"
GMED,GMED:US,BBG002V87SD0,"Globus Medical, Inc. :GMED-US: Earnings Analysis: Q3, 2016 By the Numbers : November 16, 2016",2016-11-16 15:33:59 +0000,http://finance.yahoo.com/r/9b8f0ba5-f6a3-3f3f-9f9f-b82331180d2f/globus-medical-inc-gmed-us-earnings-analysis-q3-2016-by-the-numbers-november-16-2016?yptr=yahoo&.tsrc=rss,"Categories:   Yahoo Finance Get free summary analysis Globus Medical, Inc. reports financial results for the quarter ended September 30, 2016. We analyze the earnings along side the following peers of Globus Medical, Inc. – Stryker Corporation, K2M Group Holdings, Inc., Zimmer Biomet Holdings, Inc., NuVasive, Inc., Exactech, Inc., Orthofix International NV, RTI Surgical, Inc. and Alphatec Holdings, Inc. ... Read more    
<b>(Read more...)</b>"
GMED,GMED:US,BBG002V87SD0,"Globus Medical, Inc. :GMED-US: Earnings Analysis: Q3, 2016 By the Numbers : November 16, 2016",2016-11-16 15:33:59 +0000,http://www.capitalcube.com/blog/index.php/globus-medical-inc-gmed-us-earnings-analysis-q3-2016-by-the-numbers-november-16-2016/,"Globus Medical, Inc. :GMED-US: Earnings Analysis: Q3, 2016 By the Numbers : November 16, 2016"
GMED,GMED:US,BBG002V87SD0,"GLOBUS MEDICAL INC Files SEC form 10-Q, Quarterly Report",2016-11-09 21:23:56 +0000,http://biz.yahoo.com/e/161109/gmed10-q.html,"GLOBUS MEDICAL INC Files SEC form 10-Q, Quarterly Report"
GMED,GMED:US,BBG002V87SD0,"Analysts' Actions -- F5 Networks, GoPro, Lockheed Martin, U.S. Steel and More",2016-11-09 13:16:00 +0000,http://finance.yahoo.com/news/analysts-actions-f5-networks-gopro-131600228.html,"Analysts' Actions -- F5 Networks, GoPro, Lockheed Martin, U.S. Steel and More"
GMED,GMED:US,BBG002V87SD0,"Analysts' Actions -- F5 Networks, GoPro, Lockheed Martin, U.S. Steel and More",2016-11-09 13:16:00 +0000,http://finance.yahoo.com/news/analysts-actions-f5-networks-gopro-131600228.html?.tsrc=rss,"Here are Wednesday's top research calls, including upgrades for F5 Networks, U.S. Steel, Lockheed Martin and Sysco, and downgrades for GoPro, Kansas City Southern, Globus and Constellation Brands."
GMED,GMED:US,BBG002V87SD0,Edited Transcript of GMED earnings conference call or presentation 8-Nov-16 10:30pm GMT,2016-11-09 05:27:53 +0000,http://finance.yahoo.com/news/edited-transcript-gmed-earnings-conference-052753045.html?.tsrc=rss,Q3 2016 Globus Medical Inc Earnings Call
GMED,GMED:US,BBG002V87SD0,Edited Transcript of GMED earnings conference call or presentation 8-Nov-16 10:30pm GMT,2016-11-09 05:27:53 +0000,http://finance.yahoo.com/news/edited-transcript-gmed-earnings-conference-052753045.html,Edited Transcript of GMED earnings conference call or presentation 8-Nov-16 10:30pm GMT
GMED,GMED:US,BBG002V87SD0,"ARWR''s Hepatitis B Drug On Clinical Hold, GMED Disappoints, A First For MYL",2016-11-09 02:00:00 +0000,http://articlefeeds.nasdaq.com/~r/nasdaq/symbols/~3/OcGEgGPwjGM/arwrs-hepatitis-b-drug-on-clinical-hold-gmed-disappoints-a-first-for-myl-20161109-00052,"ARWR''s Hepatitis B Drug On Clinical Hold, GMED Disappoints, A First For MYL"
GMED,GMED:US,BBG002V87SD0,Globus Medical Inc Earnings Call scheduled for 5:30 pm ET today,2016-11-08 22:30:00 +0000,http://biz.yahoo.com/cc/5/154875.html,Globus Medical Inc Earnings Call scheduled for 5:30 pm ET today
GMED,GMED:US,BBG002V87SD0,Globus Medical Reports Third Quarter 2016 Results,2016-11-08 21:29:12 +0000,http://www.publicnow.com/view/20F37B55FA49C0C9619166048F031BD916D35A36,"[at noodls] - AUDUBON, Pa., Nov. 08, 2016 (GLOBE NEWSWIRE) -- Globus Medical, Inc. (NYSE:GMED), a leading musculoskeletal implant manufacturer, today announced its financial results for the third quarter ended September ..."
GMED,GMED:US,BBG002V87SD0,Globus Medical tops 3Q profit forecasts,2016-11-08 21:24:50 +0000,http://sg.finance.yahoo.com/news/globus-medical-tops-3q-profit-212450229.html,Globus Medical tops 3Q profit forecasts
GMED,GMED:US,BBG002V87SD0,"GLOBUS MEDICAL INC Files SEC form 8-K, Results of Operations and Financial Condition",2016-11-08 21:24:11 +0000,http://biz.yahoo.com/e/161108/gmed8-k.html,"GLOBUS MEDICAL INC Files SEC form 8-K, Results of Operations and Financial Condition"
GMED,GMED:US,BBG002V87SD0,Q3 2016 Globus Medical Inc Earnings Release - After Market Close,2016-11-08 12:07:07 +0000,http://biz.yahoo.com/research/earncal/20161108.html?t=gmed,Q3 2016 Globus Medical Inc Earnings Release - After Market Close
GMED,GMED:US,BBG002V87SD0,"Medical Product Stock Q3 Earnings Lineup for Nov 8: NH, GMED",2016-11-07 16:02:26 +0000,http://articlefeeds.nasdaq.com/~r/nasdaq/symbols/~3/11wMoXEtv8U/medical-product-stock-q3-earnings-lineup-for-nov-8-nh-gmed-cm704902,With more than 84 6 of the S amp P 500 members 423 companies having already reported their Q3 figures our latest Earnings Outlook has displayed an improvement in the earnings trend so far As the earnings season wraps up we are confident about this quarter recording earnings growth after
GMED,GMED:US,BBG002V87SD0,"Medical Product Stock Q3 Earnings Lineup for Nov 8: NH, GMED",2016-11-07 13:28:01 +0000,http://finance.yahoo.com/news/medical-product-stock-q3-earnings-132801313.html,"Medical Product Stock Q3 Earnings Lineup for Nov 8: NH, GMED"
GMED,GMED:US,BBG002V87SD0,"Research Reports Initiation on Medical Equipment Stocks -- Globus Medical, Align Technology, ZELTIQ Aesthetics, and Accuray",2016-11-01 17:49:00 +0000,http://finance.yahoo.com/news/research-reports-initiation-medical-equipment-174900635.html,"[PR Newswire] - NEW YORK, November 1, 2016 /PRNewswire/ -- Ahead of today's trading session, Stock-Callers.com takes notice of these Medical Appliances and Equipment equities: Globus Medical Inc. (NYSE: GMED), Align Technology ..."
GMED,GMED:US,BBG002V87SD0,"Globus Medical Launches INDEPENDENCE MIS™, a Minimally Invasive ALIF Integrated Plate-Spacer",2016-10-25 20:25:04 +0000,http://www.publicnow.com/view/B69EBBF0EB71E69AD89763194C1860993AF67C1C,"[at noodls] - AUDUBON, Pa., Oct. 25, 2016 (GLOBE NEWSWIRE) -- Globus Medical, Inc. (NYSE:GMED), a leading musculoskeletal implant manufacturer, today announced the introduction of the INDEPENDENCE MIS™ System, an integrated ..."
GMED,GMED:US,BBG002V87SD0,Globus Medical Launches QUARTEX™ OCT Stabilization System,2016-10-25 20:25:04 +0000,http://www.publicnow.com/view/53BADF5149CEAE8612C5894B0ECDCDCEB952F03A,"[at noodls] - AUDUBON, Pa., Oct. 25, 2016 (GLOBE NEWSWIRE) -- Globus Medical, Inc. (NYSE:GMED), a leading musculoskeletal implant manufacturer, continues to innovate in the treatment of complex spinal instability and ..."
GMED,GMED:US,BBG002V87SD0,Globus Medical Schedules Third Quarter 2016 Earnings Release and Conference Call,2016-10-19 23:18:07 +0000,http://www.publicnow.com/view/B30555851879A514BFE2CA25AA5662A2B40E7685,"[at noodls] - AUDUBON, Pa., Oct. 19, 2016 (GLOBE NEWSWIRE) -- Globus Medical, Inc. (NYSE:GMED), a leading musculoskeletal implant manufacturer, will announce its financial results for the third quarter ended September ..."
GMED,GMED:US,BBG002V87SD0,"ETF’s with exposure to Globus Medical, Inc. : October 19, 2016",2016-10-19 16:08:32 +0000,http://www.capitalcube.com/blog/index.php/etfs-with-exposure-to-globus-medical-inc-october-19-2016/,"ETF’s with exposure to Globus Medical, Inc. : October 19, 2016"
GMED,GMED:US,BBG002V87SD0,"Globus Medical, Inc. breached its 50 day moving average in a Bullish Manner : GMED-US : October 17, 2016",2016-10-17 12:20:03 +0000,http://www.capitalcube.com/blog/index.php/globus-medical-inc-breached-its-50-day-moving-average-in-a-bullish-manner-gmed-us-october-17-2016/,"Globus Medical, Inc. breached its 50 day moving average in a Bullish Manner : GMED-US : October 17, 2016"
GMED,GMED:US,BBG002V87SD0,"ETF’s with exposure to Globus Medical, Inc. : October 7, 2016",2016-10-07 14:49:05 +0000,http://www.capitalcube.com/blog/index.php/etfs-with-exposure-to-globus-medical-inc-october-7-2016/,"ETF’s with exposure to Globus Medical, Inc. : October 7, 2016"
GMED,GMED:US,BBG002V87SD0,"Globus Medical, Inc. breached its 50 day moving average in a Bullish Manner : GMED-US : October 6, 2016",2016-10-06 12:20:20 +0000,http://www.capitalcube.com/blog/index.php/globus-medical-inc-breached-its-50-day-moving-average-in-a-bullish-manner-gmed-us-october-6-2016/,"Globus Medical, Inc. breached its 50 day moving average in a Bullish Manner : GMED-US : October 6, 2016"
GMED,GMED:US,BBG002V87SD0,"ETF’s with exposure to Globus Medical, Inc. : September 27, 2016",2016-09-27 14:02:39 +0000,http://www.capitalcube.com/blog/index.php/etfs-with-exposure-to-globus-medical-inc-september-27-2016/,"ETF’s with exposure to Globus Medical, Inc. : September 27, 2016"
GMED,GMED:US,BBG002V87SD0,7 Debt-Free Stocks That Will Survive the Coming Bear Market&#160;,2016-09-26 23:21:34 +0000,http://articlefeeds.nasdaq.com/~r/nasdaq/symbols/~3/cbOFH2YqtTo/7-debt-free-stocks-that-will-survive-the-coming-bear-market-cm684896,InvestorPlace InvestorPlace Stock Market News Stock Advice amp Trading Tips It s bad out there Source 401 K 2012 via Flickr Modified Ted Revelle Chief Investment Officer of TCW Group which manages nearly 200 billion is sounding the alarm bells when it comes to
GMED,GMED:US,BBG002V87SD0,Call buyers charge into Globus Medical,2016-09-15 11:47:18 +0000,http://finance.yahoo.com/news/call-buyers-charge-globus-medical-114718241.html,Call buyers charge into Globus Medical
GMED,GMED:US,BBG002V87SD0,"Globus Medical (GMED) Closes Alphatec Buyout, Stock Gains",2016-09-05 15:17:23 +0000,http://articlefeeds.nasdaq.com/~r/nasdaq/symbols/~3/H-wYaoMD6vI/globus-medical-gmed-closes-alphatec-buyout-stock-gains-cm674646,Globus Medical Inc GMED a medical devices company specializing in musculoskeletal implants recently completed the acquisition of Alphatec Holdings which was announced in July Headquartered in Carlsbad CA Alphatec is a publicly traded medical device company that provides spinal
GMED,GMED:US,BBG002V87SD0,"Globus Medical (GMED) Closes Alphatec Buyout, Stock Gains",2016-09-05 13:18:01 +0000,http://finance.yahoo.com/news/globus-medical-gmed-closes-alphatec-131801397.html,"Globus Medical (GMED) Closes Alphatec Buyout, Stock Gains"
GMED,GMED:US,BBG002V87SD0,"Globus Medical, Inc. breached its 50 day moving average in a Bullish Manner : GMED-US : September 5, 2016",2016-09-05 12:23:48 +0000,http://www.capitalcube.com/blog/index.php/globus-medical-inc-breached-its-50-day-moving-average-in-a-bullish-manner-gmed-us-september-5-2016/,"Globus Medical, Inc. breached its 50 day moving average in a Bullish Manner : GMED-US : September 5, 2016"
GMED,GMED:US,BBG002V87SD0,"Health Care Sector Update for 09/02/2016: ALR,ATEC,GMED,ELTP",2016-09-02 20:17:09 +0000,http://articlefeeds.nasdaq.com/~r/nasdaq/symbols/~3/kIG39QHp13o/health-care-sector-update-for-09022016-alratecgmedeltp-cm674307,Top Health Care StocksTop Health Care Stocks JNJ 0 09 JNJ 0 09 PFE 0 17 PFE 0 17 MRK 0 52 MRK 0 52 ABT 0 05 ABT 0 05 AMGN 0 34 AMGN 0 34 Health care stocks were trading on the plus side today with the NYSE Health Care Index climbing about 0 4 although shares of health
GMED,GMED:US,BBG002V87SD0,"Health Care Sector Update for 09/02/2016: BIIB,ATEC,GMED,ELTP",2016-09-02 17:56:54 +0000,http://articlefeeds.nasdaq.com/~r/nasdaq/symbols/~3/6SOwi1d_e08/health-care-sector-update-for-09022016-biibatecgmedeltp-cm674252,Top Health Care StocksTop Health Care Stocks JNJ 0 05 JNJ 0 05 PFE 0 16 PFE 0 16 MRK 0 69 MRK 0 69 ABT 0 14 ABT 0 14 AMGN 0 55 AMGN 0 55 Health care stocks were mostly trading on the plus side today with the NYSE Health Care Index climbing about 0 4 while shares of health
GMED,GMED:US,BBG002V87SD0,"GLOBUS MEDICAL INC Files SEC form 8-K, Other Events",2016-09-02 12:57:03 +0000,http://biz.yahoo.com/e/160902/gmed8-k.html,"GLOBUS MEDICAL INC Files SEC form 8-K, Other Events"
GMED,GMED:US,BBG002V87SD0,Alphatec Holdings Completes Sale of International Business to Globus Medical,2016-09-01 20:43:03 +0000,http://www.publicnow.com/view/FC77F2A2E2F9FFD892BA15028158C682450BCB4F,"[at noodls] - CARLSBAD, Calif., Sept. 01, 2016 (GLOBE NEWSWIRE) -- Alphatec Holdings, Inc. (Nasdaq:ATEC), the parent company of Alphatec Spine, Inc., a provider of spinal fusion technologies, today announced the completion ..."
GMED,GMED:US,BBG002V87SD0,Globus Medical Completes Acquisition of Alphatec’s International Business,2016-09-01 20:33:07 +0000,http://www.publicnow.com/view/2020632C91CD86857B233C248C819DBFBADB4A0F,"[at noodls] - AUDUBON, Pa., Sept. 01, 2016 (GLOBE NEWSWIRE) -- Globus Medical, Inc. (NYSE:GMED), a leading musculoskeletal implant manufacturer, today announced that it has successfully completed the previously announced ..."
GMED,GMED:US,BBG002V87SD0,Globus Medical Completes Acquisition of Alphatec’s International Business,2016-09-01 20:15:00 +0000,http://finance.yahoo.com/news/globus-medical-completes-acquisition-alphatec-201500893.html,"[GlobeNewswire] - AUDUBON, Pa., Sept. 01, 2016-- Globus Medical, Inc., a leading musculoskeletal implant manufacturer, today announced that it has successfully completed the previously announced acquisition of the international ..."
GMED,GMED:US,BBG002V87SD0,"ETF’s with exposure to Globus Medical, Inc. : August 25, 2016",2016-08-25 14:15:33 +0000,http://www.capitalcube.com/blog/index.php/etfs-with-exposure-to-globus-medical-inc-august-25-2016/,"ETF’s with exposure to Globus Medical, Inc. : August 25, 2016"
GMED,GMED:US,BBG002V87SD0,"ETF’s with exposure to Globus Medical, Inc. : August 12, 2016",2016-08-12 18:23:50 +0000,http://www.capitalcube.com/blog/index.php/etfs-with-exposure-to-globus-medical-inc-august-12-2016/,"ETF’s with exposure to Globus Medical, Inc. : August 12, 2016"
GMED,GMED:US,BBG002V87SD0,"Globus Medical, Inc. :GMED-US: Earnings Analysis: Q2, 2016 By the Numbers : August 5, 2016",2016-08-05 14:38:58 +0000,http://www.capitalcube.com/blog/index.php/globus-medical-inc-gmed-us-earnings-analysis-q2-2016-by-the-numbers-august-5-2016/,"Globus Medical, Inc. :GMED-US: Earnings Analysis: Q2, 2016 By the Numbers : August 5, 2016"
GMED,GMED:US,BBG002V87SD0,Why Globus Medical Is Getting Hammered 15% Today,2016-07-27 21:26:05 +0000,http://articlefeeds.nasdaq.com/~r/nasdaq/symbols/~3/eCxAonBzE_o/why-globus-medical-is-getting-hammered-15-today-cm655977,"Image source  Getty Images.  What  After reporting single digit top line revenue growth in the second quarter that was shy of industry watchers' forecast, shares in Globus Medical (NYSE  GMED) tumbled"
GMED,GMED:US,BBG002V87SD0,Why Globus Medical Is Getting Hammered 15% Today,2016-07-27 19:56:00 +0000,http://www.fool.com/investing/2016/07/27/why-globus-medical-is-getting-hammered-15-today.aspx?source=yahoo-2&utm_campaign=article&utm_medium=feed&utm_source=yahoo-2,Why Globus Medical Is Getting Hammered 15% Today
GMED,GMED:US,BBG002V87SD0,GMED Makes Notable Cross Below Critical Moving Average,2016-07-27 17:23:21 +0000,http://articlefeeds.nasdaq.com/~r/nasdaq/symbols/~3/FxXQuJdfCBg/gmed-makes-notable-cross-below-critical-moving-average-cm655799,"In trading on Wednesday, shares of Globus Medical Inc (Symbol GMED) crossed below their 200 day moving average of $24.60, changing hands as low as $22.38 per share. Globus Medical Inc shares are currently trading down about 14.7% on"
GMED,GMED:US,BBG002V87SD0,"GLOBUS MEDICAL INC Files SEC form 8-K, Entry into a Material Definitive Agreement, Financial Statements and Exhibits",2016-07-27 10:05:04 +0000,http://biz.yahoo.com/e/160727/gmed8-k.html,"GLOBUS MEDICAL INC Files SEC form 8-K, Entry into a Material Definitive Agreement, Financial Statements and Exhibits"
GMED,GMED:US,BBG002V87SD0,Edited Transcript of GMED earnings conference call or presentation 26-Jul-16 9:30pm GMT,2016-07-27 06:59:10 +0000,http://finance.yahoo.com/news/edited-transcript-gmed-earnings-conference-065910216.html,Edited Transcript of GMED earnings conference call or presentation 26-Jul-16 9:30pm GMT
GMED,GMED:US,BBG002V87SD0,Globus Medical meets 2Q profit forecasts,2016-07-26 22:33:59 +0000,http://sg.finance.yahoo.com/news/globus-medical-meets-2q-profit-223359601.html,Globus Medical meets 2Q profit forecasts
GMED,GMED:US,BBG002V87SD0,Alphatec Holdings Announces Sale of International Business to Globus Medical,2016-07-26 20:58:07 +0000,http://www.publicnow.com/view/A3BEB8A17FACDBE54598D2ED2E794EE25D048499,"[at noodls] - CARLSBAD, Calif., July 26, 2016 (GLOBE NEWSWIRE) -- Alphatec Holdings, Inc. (Nasdaq:ATEC), the parent company of Alphatec Spine, Inc., a global provider of spinal fusion technologies, announced today that ..."
GMED,GMED:US,BBG002V87SD0,Globus Medical Announces the Acquisition of Alphatec’s International Business,2016-07-26 20:38:06 +0000,http://www.publicnow.com/view/897A7F960314F71930A273E088127857AF0E672F,"[at noodls] - AUDUBON, Pa., July 26, 2016 (GLOBE NEWSWIRE) -- Globus Medical, Inc. (NYSE:GMED), a leading musculoskeletal implant manufacturer, today announced that it has entered into an agreement to acquire the international ..."
GMED,GMED:US,BBG002V87SD0,Globus Medical Reports Second Quarter 2016 Results,2016-07-26 20:38:06 +0000,http://www.publicnow.com/view/B84C16DB9308EDC4E2E943774C500F02CBD6875B,"[at noodls] - AUDUBON, Pa., July 26, 2016 (GLOBE NEWSWIRE) -- Globus Medical, Inc. (NYSE:GMED), a leading musculoskeletal implant manufacturer, today announced its financial results for the second quarter ended June ..."
GMED,GMED:US,BBG002V87SD0,"GLOBUS MEDICAL INC Files SEC form 8-K, Results of Operations and Financial Condition",2016-07-26 20:37:12 +0000,http://biz.yahoo.com/e/160726/gmed8-k.html,"GLOBUS MEDICAL INC Files SEC form 8-K, Results of Operations and Financial Condition"
GMED,GMED:US,BBG002V87SD0,These 5 Stocks Are Breaking Out This Summer,2016-07-26 11:59:00 +0000,https://www.thestreet.com/story/13651153/1/these-5-stocks-are-breaking-out-this-summer.html?puc=yahoo&cm_ven=YAHOO,These 5 Stocks Are Breaking Out This Summer
GMED,GMED:US,BBG002V87SD0,Q2 2016 Globus Medical Inc Earnings Release - After Market Close,2016-07-26 11:07:04 +0000,http://biz.yahoo.com/research/earncal/20160726.html?t=gmed,Q2 2016 Globus Medical Inc Earnings Release - After Market Close
GMED,GMED:US,BBG002V87SD0,"Med-Instrument Stocks to Post Earnings: EW, CYNO, GMED",2016-07-25 17:14:41 +0000,http://articlefeeds.nasdaq.com/~r/nasdaq/symbols/~3/Eqtsk_xL1LY/med-instrument-stocks-to-post-earnings-ew-cyno-gmed-cm654214,"With the Q2 earnings season in full swing by now, so far 126 S&P 500 members (as of Jul 22) have already reported their quarterly numbers.  Analysts are still in conflict about whether this season will be the 5th"
GMED,GMED:US,BBG002V87SD0,"Med-Instrument Stocks to Post Earnings: EW, CYNO, GMED",2016-07-25 14:59:02 +0000,http://finance.yahoo.com/news/med-instrument-stocks-post-earnings-145902815.html,"Med-Instrument Stocks to Post Earnings: EW, CYNO, GMED"
GMED,GMED:US,BBG002V87SD0,Globus Medical Schedules Second Quarter 2016 Earnings Release and Conference Call,2016-07-15 16:42:08 +0000,http://finance.yahoo.com/news/globus-medical-schedules-second-quarter-164208050.html,"[GlobeNewswire] - AUDUBON, Pa., July 15, 2016-- Globus Medical, Inc., a leading musculoskeletal implant manufacturer, will announce its financial results for the second quarter ended June 30, 2016 after the market close ..."
GMED,GMED:US,BBG002V87SD0,2 Fundamentally Strong Medical Device Stocks to Buy Now,2016-07-13 16:51:00 +0000,https://www.thestreet.com/story/13637242/1/2-fundamentally-strong-medical-device-stocks-to-buy-now.html?puc=yahoo&cm_ven=YAHOO,2 Fundamentally Strong Medical Device Stocks to Buy Now
GMED,GMED:US,BBG002V87SD0,"Globus Medical, Inc. breached its 50 day moving average in a Bullish Manner : GMED-US : July 4, 2016",2016-07-04 12:25:34 +0000,http://www.capitalcube.com/blog/index.php/globus-medical-inc-breached-its-50-day-moving-average-in-a-bullish-manner-gmed-us-july-4-2016/,"Globus Medical, Inc. breached its 50 day moving average in a Bullish Manner : GMED-US : July 4, 2016"
GMED,GMED:US,BBG002V87SD0,4 Medical Device Makers With Healthy-Looking Charts,2016-06-29 17:06:00 +0000,https://www.thestreet.com/story/13624398/1/4-medical-device-makers-with-healthy-looking-charts.html?puc=yahoo&cm_ven=YAHOO,4 Medical Device Makers With Healthy-Looking Charts
GMED,GMED:US,BBG002V87SD0,Zimmer's LDR Deal Could Force Others to Grow a Dealmaking Spine,2016-06-24 11:00:00 +0000,https://www.thestreet.com/story/13617005/1/zimmer-s-ldr-deal-could-force-others-to-grow-a-dealmaking-spine.html?puc=yahoo&cm_ven=YAHOO,Zimmer's LDR Deal Could Force Others to Grow a Dealmaking Spine
GMED,GMED:US,BBG002V87SD0,"Globus Medical, Inc. breached its 50 day moving average in a Bearish Manner : GMED-US : June 16, 2016",2016-06-16 12:18:55 +0000,http://www.capitalcube.com/blog/index.php/globus-medical-inc-breached-its-50-day-moving-average-in-a-bearish-manner-gmed-us-june-16-2016/,"Globus Medical, Inc. breached its 50 day moving average in a Bearish Manner : GMED-US : June 16, 2016"
GMED,GMED:US,BBG002V87SD0,"GLOBUS MEDICAL INC Files SEC form 8-K, Submission of Matters to a Vote of Security Holders",2016-06-15 20:33:56 +0000,http://biz.yahoo.com/e/160615/gmed8-k.html,"GLOBUS MEDICAL INC Files SEC form 8-K, Submission of Matters to a Vote of Security Holders"
GMED,GMED:US,BBG002V87SD0,GMED Crosses Below Key Moving Average Level,2016-06-14 17:09:43 +0000,http://articlefeeds.nasdaq.com/~r/nasdaq/symbols/~3/foJzG0GeNMo/gmed-crosses-below-key-moving-average-level-cm635270,"In trading on Tuesday, shares of Globus Medical Inc (Symbol GMED) crossed below their 200 day moving average of $24.45, changing hands as low as $24.13 per share. Globus Medical Inc shares are currently trading off about 1% on"
GMED,GMED:US,BBG002V87SD0,Globus Medical beats 1Q profit forecasts,2016-05-03 21:01:33 +0000,http://sg.finance.yahoo.com/news/globus-medical-beats-1q-profit-210133869.html,Globus Medical beats 1Q profit forecasts
GMED,GMED:US,BBG002V87SD0,Pacific Biosciences (PACB) Q1 Loss Narrower than Expected,2016-04-22 14:27:09 +0000,http://articlefeeds.nasdaq.com/~r/nasdaq/symbols/~3/EXEuht8NvoE/pacific-biosciences-pacb-q1-loss-narrower-than-expected-cm610072,"Pacific Biosciences of California Inc. PACB reported a decent first quarter 2016, thanks to the growing demand for its new Sequel system. The company reported a loss of 23 cents per share, a penny narrower than the Zacks Consensus"
GMED,GMED:US,BBG002V87SD0,Mazor Robotics: Strong Sell as Orders Register a Decline,2016-04-14 19:30:00 +0000,http://articlefeeds.nasdaq.com/~r/nasdaq/symbols/~3/fI7T3d9rBzQ/mazor-robotics-strong-sell-as-orders-register-a-decline-cm606522,"On Apr 14, Zacks Investment Research downgraded Mazor Robotics LtdMZOR to a Zacks Rank #5 (Strong Sell).Why the Downgrade? The downgrade primarily reflects lower orders for the Renaissance system in the first quarter of 2016. The company received 5"
GMED,GMED:US,BBG002V87SD0,Abiomed's Impella Heart Pumps Get Additional FDA Approval,2016-04-11 20:06:01 +0000,http://articlefeeds.nasdaq.com/~r/nasdaq/symbols/~3/Q7zXrNzvoV4/abiomeds-impella-heart-pumps-get-additional-fda-approval-cm604655,Abiomed Inc.ABMD recently announced that the FDA has approved its Impella left side heart pumps for treating patients who suffer cardiac shock after heart attack or heart surgery. The share price inched up a mere 0.6% post the approval
GMED,GMED:US,BBG002V87SD0,Natus Medical: A Strong Sell on Weak Q1 & Estimate Revision,2016-04-07 19:04:54 +0000,http://articlefeeds.nasdaq.com/~r/nasdaq/symbols/~3/sHYtJ1bF_RM/natus-medical-a-strong-sell-on-weak-q1-estimate-revision-cm603249,"On Apr 7, Zacks Investment Research downgraded Natus Medical IncBABY a provider of newborn care and neurology healthcare products to a Zacks Rank #5 (Strong Sell).Why the Downgrade? The downgrade primarily reflects lackluster preliminary first quarter 2016 results. The"
GMED,GMED:US,BBG002V87SD0,"Mazor Robotics Receives 5 Orders in Q1, Shares Down",2016-04-06 19:04:09 +0000,http://articlefeeds.nasdaq.com/~r/nasdaq/symbols/~3/S4y1uNsGOBk/mazor-robotics-receives-5-orders-in-q1-shares-down-cm602613,"Shares of Mazor Robotics Ltd. MZOR fell 4.1% to close at $11.60 on Apr 5, after the company announced the receipt of five orders for Renaissance system in the first quarter ended Mar 31, 2016. Evidently, the number of"
GMED,GMED:US,BBG002V87SD0,How The Pieces Add Up: IHI Headed For $134,2016-04-01 13:24:13 +0000,http://articlefeeds.nasdaq.com/~r/nasdaq/symbols/~3/PwSwHfNI6Sc/how-the-pieces-add-up-ihi-headed-for-134-cm600378,"Looking at the underlying holdings of the ETFs in our coverage universe at ETF Channel , we have compared the trading price of each holding against the average analyst 12 month forward target price, and computed the weighted average"
GMED,GMED:US,BBG002V87SD0,Bullish Two Hundred Day Moving Average Cross - GMED,2016-03-02 22:35:26 +0000,http://articlefeeds.nasdaq.com/~r/nasdaq/symbols/~3/bwv2397SaTg/bullish-two-hundred-day-moving-average-cross-gmed-cm587533,"In trading on Wednesday, shares of Globus Medical Inc (Symbol GMED) crossed above their 200 day moving average of $25.16, changing hands as high as $25.34 per share. Globus Medical Inc shares are currently trading up about 1.2% on"
GMED,GMED:US,BBG002V87SD0,Globus Medical Becomes Oversold (GMED),2016-02-05 18:19:06 +0000,http://articlefeeds.nasdaq.com/~r/nasdaq/symbols/~3/Uz7qLjXgp2Y/globus-medical-becomes-oversold-gmed-cm575606,"Legendary investor Warren Buffett advises to be fearful when others are greedy, and be greedy when others are fearful. One way we can try to measure the level of fear in a given stock is through a technical analysis"
GMED,GMED:US,BBG002V87SD0,"Globus Medical, DePuy Synthes Settle 4 Patent Lawsuits",2016-01-20 20:26:18 +0000,http://articlefeeds.nasdaq.com/~r/nasdaq/symbols/~3/x53UDbViHPs/globus-medical-depuy-synthes-settle-4-patent-lawsuits-cm568137,"Globus Medical, Inc.GMED recently announced the settlement of four patent infringement lawsuits with Johnson & Johnson's JNJ DePuy Synthes for spinal implant technologies. Both the companies have been at loggerheads for quite some time now. This development, we believe,"
GMED,GMED:US,BBG002V87SD0,"Globus Medical: Strong Industry, Solid Earnings Estimate Revisions",2016-01-11 16:18:09 +0000,http://articlefeeds.nasdaq.com/~r/nasdaq/symbols/~3/pKuZEVkX1Kg/globus-medical-strong-industry-solid-earnings-estimate-revisions-cm563895,"One stock that might be an intriguing choice for investors right now is Globus Medical, Inc.GMED . This is because this security in the Medical Instruments space is seeing solid earnings estimate revision activity, and is in great company"
GMED,GMED:US,BBG002V87SD0,Globus Medical (GMED) Shares Cross Below 200 DMA,2016-01-08 17:14:33 +0000,http://articlefeeds.nasdaq.com/~r/nasdaq/symbols/~3/vDgY2joPfvk/globus-medical-gmed-shares-cross-below-200-dma-cm563188,"In trading on Friday, shares of Globus Medical Inc (Symbol GMED) crossed below their 200 day moving average of $25.24, changing hands as low as $24.90 per share. Globus Medical Inc shares are currently trading down about 4.6% on"
GMED,GMED:US,BBG002V87SD0,Globus Medical beats Street 3Q forecasts,2015-11-03 22:39:41 +0000,http://sg.finance.yahoo.com/news/globus-medical-beats-street-3q-223941432.html,Globus Medical beats Street 3Q forecasts
GMED,GMED:US,BBG002V87SD0,Globus Medical Announces Key Executive Changes,2015-09-08 20:48:01 +0000,http://www.noodls.com/view/DEE0F7F2D4D4898F3A00948DE3593112C08735B5,[at noodls] - Globus Medical Announces Key Executive Changes
GMED,GMED:US,BBG002V87SD0,Globus Medical beats Street 1Q forecasts,2015-05-05 22:42:53 +0000,http://sg.finance.yahoo.com/news/globus-medical-beats-street-1q-224253212.html,Globus Medical beats Street 1Q forecasts
GMED,GMED:US,BBG002V87SD0,Globus Medical beats 4Q profit forecasts,2015-02-26 00:18:58 +0000,http://sg.finance.yahoo.com/news/globus-medical-beats-4q-profit-001858287.html,Globus Medical beats 4Q profit forecasts
