RESULT_COUNT: 187,PAGE_SIZE: 10000,CURRENT_PAGE: 1,TOTAL_PAGES: 1,API_CALL_CREDITS: 1
TICKER,FIGI_TICKER,FIGI,TITLE,PUBLICATION_DATE,URL,SUMMARY
HCSG,HCSG:UW,BBG000BKZ806,Edited Transcript of HCSG earnings conference call or presentation 18-Oct-17 12:30pm GMT,2017-10-20 12:10:48 +0000,https://finance.yahoo.com/news/edited-transcript-hcsg-earnings-conference-160054044.html?.tsrc=rss,Q3 2017 Healthcare Services Group Inc Earnings Call
HCSG,HCSG:UW,BBG000BKZ806,"Healthcare Services Group, Inc. breached its 50 day moving average in a Bearish Manner : HCSG-US : October 19, 2017",2017-10-19 12:15:04 +0000,http://finance.yahoo.com/r/c7c3e659-aa64-3bd1-a160-8e85d7c19bd9/healthcare-services-group-inc-breached-its-50-day-moving-average-in-a-bearish-manner-hcsg-us-october-19-2017?yptr=yahoo&.tsrc=rss,"Categories:  ETFs Yahoo FinanceGet full CapitalCube analysis *Disclaimer : This is as of previous day’s closing price. Technical Indicators Below is a quick look at 5 technical indicators for Healthcare Services Group, Inc.. More studies are available on the Technical Chart. Indicator Signal Closing Price above/below 50 Day Moving Average Bearish Closing Price above/below 200 Day Moving Average ... Read more
<b>(Read more...)</b>"
HCSG,HCSG:UW,BBG000BKZ806,Healthcare Services misses Street 3Q forecasts,2017-10-17 20:15:14 +0000,https://finance.yahoo.com/news/healthcare-services-misses-street-3q-201514660.html?.tsrc=rss,"On a per-share basis, the Bensalem, Pennsylvania-based company said it had profit of 31 cents. The results missed Wall Street expectations. The average estimate of four analysts surveyed by Zacks Investment ..."
HCSG,HCSG:UW,BBG000BKZ806,"Healthcare Services Group, Inc. Reports Results for the Three and Nine Months Ended September 30, 2017 and Announces Increased Third Quarter 2017 Cash Dividend",2017-10-17 20:05:00 +0000,https://finance.yahoo.com/news/healthcare-services-group-inc-reports-200500256.html?.tsrc=rss,"BENSALEM, Pa., Oct. 17, 2017-- Healthcare Services Group, Inc. reported that revenues for the three months ended September 30, 2017 increased approximately 25% to $491.4 million. Net income for the three ..."
HCSG,HCSG:UW,BBG000BKZ806,Healthcare Services Group Announces 19% Rise In Q3 Earnings,2017-10-17 16:25:00 +0000,http://articlefeeds.nasdaq.com/~r/nasdaq/symbols/~3/ULCpbEKIRcU/healthcare-services-group-announces-19-rise-in-q3-earnings-20171017-01320,Healthcare Services Group Announces 19% Rise In Q3 Earnings
HCSG,HCSG:UW,BBG000BKZ806,Is Healthcare Services Group Inc’s (HCSG) ROE Of 24.21% Sustainable?,2017-10-09 11:19:15 +0000,https://finance.yahoo.com/news/healthcare-services-group-inc-hcsg-111915792.html?.tsrc=rss,"With an ROE of 24.21%, Healthcare Services Group Inc (NASDAQ:HCSG) outpaced its own industry which delivered a less exciting 12.89% over the past year. While the impressive ratio tells usRead More..."
HCSG,HCSG:UW,BBG000BKZ806,"IJR, MKSI, HCSG, ALE: ETF Inflow Alert",2017-10-06 16:42:18 +0000,http://articlefeeds.nasdaq.com/~r/nasdaq/symbols/~3/sq8JHtRmurE/ijr-mksi-hcsg-ale-etf-inflow-alert-cm856272,Looking today at week over week shares outstanding changes among the universe of ETFs covered at ETF Channel one standout is the iShares Core S amp P Small Cap ETF Symbol IJR where we have detected an approximate 496 3 million dollar inflow that s a 1 5 increase week over week
HCSG,HCSG:UW,BBG000BKZ806,"ETFs with exposure to Healthcare Services Group, Inc. : October 3, 2017",2017-10-03 15:17:01 +0000,http://finance.yahoo.com/r/7c09d854-f50f-3dfd-8265-d2d24e2b6bc1/etfs-with-exposure-to-healthcare-services-group-inc-october-3-2017?yptr=yahoo&.tsrc=rss,"Categories:  ETFs Yahoo FinanceClick here to see latest analysis ETFs with exposure to Healthcare Services Group, Inc. Here are 5 ETFs with the largest exposure to HCSG-US. Comparing the performance and risk of Healthcare Services Group, Inc. with the ETFs that have exposure to it gives us some ETF choices that could give us similar returns with lower ... Read more
<b>(Read more...)</b>"
HCSG,HCSG:UW,BBG000BKZ806,Should You Sell Healthcare Services Group Inc (HCSG) At $54.94?,2017-10-01 01:27:11 +0000,https://finance.yahoo.com/news/sell-healthcare-services-group-inc-012711392.html?.tsrc=rss,"Healthcare Services Group Inc (NASDAQ:HCSG) is trading with a trailing P/E of 47.5x, which is higher than the industry average of 25.1x. While this makes HCSG appear like a stockRead More..."
HCSG,HCSG:UW,BBG000BKZ806,"IJR, MKSI, HCSG, ALE: Large Inflows Detected at ETF",2017-09-28 16:39:34 +0000,http://articlefeeds.nasdaq.com/~r/nasdaq/symbols/~3/ZW3gxUz5NDM/ijr-mksi-hcsg-ale-large-inflows-detected-at-etf-cm852611,Looking today at week over week shares outstanding changes among the universe of ETFs covered at ETF Channel one standout is the iShares Core S amp P Small Cap ETF Symbol IJR where we have detected an approximate 298 6 million dollar inflow that s a 0 9 increase week over week
HCSG,HCSG:UW,BBG000BKZ806,Avis Budget's Zipcar Extends Global Geographic Footprint,2017-09-28 14:42:20 +0000,http://articlefeeds.nasdaq.com/~r/nasdaq/symbols/~3/LE0yWkyYNRI/avis-budgets-zipcar-extends-global-geographic-footprint-cm852498,Zipcar the leading car sharing network and subsidiary of vehicle rental amp leasing services provider Avis Budget Group Inc CAR is expanding its geographic footprint across the globe to strengthen its leading position in the market The company recently forayed into the Latin
HCSG,HCSG:UW,BBG000BKZ806,"Notable ETF Inflow Detected - IJR, MKSI, ALE, HCSG",2017-09-19 16:36:26 +0000,http://articlefeeds.nasdaq.com/~r/nasdaq/symbols/~3/n2QivszA5Ok/notable-etf-inflow-detected-ijr-mksi-ale-hcsg-cm847804,Looking today at week over week shares outstanding changes among the universe of ETFs covered at ETF Channel one standout is the iShares Core S amp P Small Cap ETF Symbol IJR where we have detected an approximate 124 8 million dollar inflow that s a 0 4 increase week over week
HCSG,HCSG:UW,BBG000BKZ806,"Healthcare Services Group, Inc. breached its 50 day moving average in a Bullish Manner : HCSG-US : September 19, 2017",2017-09-19 13:31:56 +0000,http://finance.yahoo.com/r/2a6933c0-60ce-35a7-8462-9adbedc5b432/healthcare-services-group-inc-breached-its-50-day-moving-average-in-a-bullish-manner-hcsg-us-september-19-2017?yptr=yahoo&.tsrc=rss,"Categories:  ETFs Yahoo FinanceGet full CapitalCube analysis *Disclaimer : This is as of previous day’s closing price. Technical Indicators Below is a quick look at 5 technical indicators for Healthcare Services Group, Inc.. More studies are available on the Technical Chart. Indicator Signal Closing Price above/below 50 Day Moving Average Bullish Closing Price above/below 200 Day Moving Average ... Read more
<b>(Read more...)</b>"
HCSG,HCSG:UW,BBG000BKZ806,"Healthcare Services Group, Inc. : HCSG-US: Dividend Analysis : August 18th, 2017 (record date) : By the numbers : September 15, 2017",2017-09-15 19:11:52 +0000,http://finance.yahoo.com/r/e59c87d3-0d02-346d-a2ea-1cb8744d919d/healthcare-services-group-inc-hcsg-us-dividend-analysis-august-18th-2017-record-date-by-the-numbers-september-15-2017?yptr=yahoo&.tsrc=rss,"Categories:  Yahoo FinanceGet free summary analysis Our analysis is based on comparing Healthcare Services Group, Inc. with the following peers – Cintas Corporation, ABM Industries Incorporated, UniFirst Corporation, Aramark and Tailored Brands, Inc. (CTAS-US, ABM-US, UNF-US, ARMK-US and TLRD-US). Healthcare Services Group, Inc.’s dividend yield is 1.48 percent and its dividend payout is 64.57 percent. This compares ... Read more
<b>(Read more...)</b>"
HCSG,HCSG:UW,BBG000BKZ806,"IJR, MKSI, ALE, HCSG: Large Inflows Detected at ETF",2017-09-07 16:51:30 +0000,http://articlefeeds.nasdaq.com/~r/nasdaq/symbols/~3/xb4EBCovnTA/ijr-mksi-ale-hcsg-large-inflows-detected-at-etf-cm842362,Looking today at week over week shares outstanding changes among the universe of ETFs covered at ETF Channel one standout is the iShares Core S amp P Small Cap ETF Symbol IJR where we have detected an approximate 100 1 million dollar inflow that s a 0 3 increase week over week
HCSG,HCSG:UW,BBG000BKZ806,Avis Budget's Zipcar Enters Latin America Through Costa Rica,2017-09-07 14:55:07 +0000,http://articlefeeds.nasdaq.com/~r/nasdaq/symbols/~3/3_R0Uc0zY2M/avis-budgets-zipcar-enters-latin-america-through-costa-rica-cm842158,Zipcar the leading car sharing network and subsidiary of vehicle rental amp leasing services provider Avis Budget Group Inc CAR recently forayed into the Latin American market by launching its services in Costa Rica The strategic move is part of the international expansion plans of
HCSG,HCSG:UW,BBG000BKZ806,Avis Budget&apos;s Zipcar Enters Latin America Through Costa Rica,2017-09-07 13:04:01 +0000,https://finance.yahoo.com/news/avis-budget-apos-zipcar-enters-130401236.html?.tsrc=rss,"As part of the international expansion plans of Avis Budget Group, Inc. (CAR), its subsidiary Zipcar has forayed into the Latin American market by launching its services in Costa Rica."
HCSG,HCSG:UW,BBG000BKZ806,"Healthcare Services Group, Inc. breached its 50 day moving average in a Bullish Manner : HCSG-US : September 1, 2017",2017-09-01 13:43:34 +0000,http://finance.yahoo.com/r/24bbd9df-6cf0-3bf0-bfad-7ac289b8642b/healthcare-services-group-inc-breached-its-50-day-moving-average-in-a-bullish-manner-hcsg-us-september-1-2017?yptr=yahoo&.tsrc=rss,"Categories:  ETFs Yahoo FinanceGet full CapitalCube analysis *Disclaimer : This is as of previous day’s closing price. Technical Indicators Below is a quick look at 5 technical indicators for Healthcare Services Group, Inc.. More studies are available on the Technical Chart. Indicator Signal Closing Price above/below 50 Day Moving Average Bullish Closing Price above/below 200 Day Moving Average ... Read more
<b>(Read more...)</b>"
HCSG,HCSG:UW,BBG000BKZ806,"IJR, MKSI, ALE, HCSG: Large Outflows Detected at ETF",2017-08-28 16:51:27 +0000,http://articlefeeds.nasdaq.com/~r/nasdaq/symbols/~3/_-PFBlzjzSg/ijr-mksi-ale-hcsg-large-outflows-detected-at-etf-cm838029,Looking today at week over week shares outstanding changes among the universe of ETFs covered at ETF Channel one standout is the iShares Core S amp P Small Cap ETF Symbol IJR where we have detected an approximate 132 5 million dollar outflow that s a 0 4 decrease week over week
HCSG,HCSG:UW,BBG000BKZ806,Here's Why Small Cap ETFs Are Underperforming,2017-08-21 22:39:51 +0000,http://articlefeeds.nasdaq.com/~r/nasdaq/symbols/~3/quyCsr2-WZ0/heres-why-small-cap-etfs-are-underperforming-cm835006,U S small caps have been continuously lagging their large cap counterparts this year Although small cap stocks have had a disappointing earnings season large cap stocks have been gaining on strong earnings currency effects and higher growth prospects internationally Small cap stocks on
HCSG,HCSG:UW,BBG000BKZ806,"Noteworthy ETF Inflows: IJR, HCSG, ALE, CACI",2017-08-18 16:37:42 +0000,http://articlefeeds.nasdaq.com/~r/nasdaq/symbols/~3/C9pDyGYRL00/noteworthy-etf-inflows-ijr-hcsg-ale-caci-cm833969,Looking today at week over week shares outstanding changes among the universe of ETFs covered at ETF Channel one standout is the iShares Core S amp P Small Cap ETF Symbol IJR where we have detected an approximate 141 3 million dollar inflow that s a 0 5 increase week over week
HCSG,HCSG:UW,BBG000BKZ806,ABM Industries Augments UK Footprint With Key Contract Wins,2017-08-18 13:42:00 +0000,http://articlefeeds.nasdaq.com/~r/nasdaq/symbols/~3/A4MwPp0AUyQ/abm-industries-augments-uk-footprint-with-key-contract-wins-cm833787,Leading provider of facility solutions ABM Industries Incorporated ABM recently extended its footprint in the U K with key contract wins across the country The company reportedly secured contracts worth 100 million 75 million in annualized revenues to consolidate its regional
HCSG,HCSG:UW,BBG000BKZ806,Waste Management Hits 52-Week High on Pricing Discipline,2017-08-18 13:41:09 +0000,http://articlefeeds.nasdaq.com/~r/nasdaq/symbols/~3/eo-LoOxXfsI/waste-management-hits-52-week-high-on-pricing-discipline-cm833767,Shares of Waste Management Inc WM scaled a 52 week high of 76 33 during yesterday s trading session before closing a notch lower at 75 53 Barring minor hiccups Waste Management s share price has steadily been on an uptrend since mid May This Zacks Rank 3 Hold stock has the
HCSG,HCSG:UW,BBG000BKZ806,ABM Industries Augments UK Footprint With Key Contract Wins,2017-08-18 11:40:11 +0000,https://finance.yahoo.com/news/abm-industries-augments-uk-footprint-114011638.html?.tsrc=rss,Key contract wins across the U.K. has enabled ABM Industries (ABM) to strengthen its footprint in the country.
HCSG,HCSG:UW,BBG000BKZ806,Should You Get Rid of Acacia Research (ACTG) Now?,2017-08-17 14:43:39 +0000,http://articlefeeds.nasdaq.com/~r/nasdaq/symbols/~3/5buLkO-NMsE/should-you-get-rid-of-acacia-research-actg-now-cm833258,Similar to wise buying decisions exiting certain underperformers at the right time helps maximize portfolio returns Selling off losers can be difficult but if both the share price and estimates are falling it could be time to get rid of the security before more losses hit your portfolio
HCSG,HCSG:UW,BBG000BKZ806,"ETFs with exposure to Healthcare Services Group, Inc. : August 15, 2017",2017-08-15 20:21:32 +0000,http://finance.yahoo.com/r/60714ad7-4351-3e11-941d-97a659ea9012/etfs-with-exposure-to-healthcare-services-group-inc-august-15-2017?yptr=yahoo&.tsrc=rss,"Categories:  ETFs Yahoo FinanceClick here to see latest analysis ETFs with exposure to Healthcare Services Group, Inc. Here are 5 ETFs with the largest exposure to HCSG-US. Comparing the performance and risk of Healthcare Services Group, Inc. with the ETFs that have exposure to it gives us some ETF choices that could give us similar returns with lower ... Read more
<b>(Read more...)</b>"
HCSG,HCSG:UW,BBG000BKZ806,"Healthcare Services Group, Inc. (HCSG) Ex-Dividend Date Scheduled for August 16, 2017",2017-08-15 13:17:36 +0000,http://articlefeeds.nasdaq.com/~r/nasdaq/symbols/~3/uYZgyx_4y6M/healthcare-services-group-inc-hcsg-ex-dividend-date-scheduled-for-august-16-2017-cm832091,Healthcare Services Group Inc HCSG will begin trading ex dividend on August 16 2017 A cash dividend payment of 0 189 per share is scheduled to be paid on September 22 2017 Shareholders who purchased HCSG prior to the ex dividend date are eligible for the cash dividend payment
HCSG,HCSG:UW,BBG000BKZ806,Edited Transcript of HCSG earnings conference call or presentation 12-Jul-17 12:30pm GMT,2017-08-12 13:15:59 +0000,https://finance.yahoo.com/news/edited-transcript-hcsg-earnings-conference-144857152.html?.tsrc=rss,Q2 2017 Healthcare Services Group Inc Earnings Call
HCSG,HCSG:UW,BBG000BKZ806,New Strong Buy Stocks for August 11th,2017-08-11 13:40:37 +0000,http://articlefeeds.nasdaq.com/~r/nasdaq/symbols/~3/M-uCIZIs-Tc/new-strong-buy-stocks-for-august-11th-cm830904,Here are 5 stocks added to the Zacks Rank 1 Strong Buy List today Altra Industrial Motion Corp AIMC This designer producer and marketer of a range of mechanical power transmission MPT components has witnessed the Zacks Consensus Estimate for its current year earnings increasing 5
HCSG,HCSG:UW,BBG000BKZ806,New Strong Buy Stocks for August 11th,2017-08-11 10:51:10 +0000,https://finance.yahoo.com/news/strong-buy-stocks-august-11th-105110327.html?.tsrc=rss,New Strong Buy Stocks for August 11th
HCSG,HCSG:UW,BBG000BKZ806,U.S. Small Business Confidence Up in July: ETFs in Focus,2017-08-10 22:36:40 +0000,http://articlefeeds.nasdaq.com/~r/nasdaq/symbols/~3/CNpNYFFQepc/us-small-business-confidence-up-in-july-etfs-in-focus-cm830590,Per a National Federation of Independent Business report released August 9 2017 small business activity improved in July The index increased to 105 2 in July compared with 103 6 in June and was above market forecast of 103 5 The optimism is primarily being attributed to strong
HCSG,HCSG:UW,BBG000BKZ806,"Avis (CAR) Lags Q2 Earnings Estimates, Updates 2017 Guidance",2017-08-08 12:37:26 +0000,http://articlefeeds.nasdaq.com/~r/nasdaq/symbols/~3/by14-DxqvoI/avis-car-lags-q2-earnings-estimates-updates-2017-guidance-cm828515,Avis Budget Group Inc CAR reported mixed second quarter 2017 results wherein adjusted earnings per share were 30 cents compared with 63 cents in the prior year quarter Adjusted earnings also missed the Zacks Consensus Estimate of 42 cents GAAP earnings for the quarter was 4 cents per
HCSG,HCSG:UW,BBG000BKZ806,"Avis (CAR) Lags Q2 Earnings Estimates, Updates 2017 Guidance",2017-08-08 10:43:10 +0000,https://finance.yahoo.com/news/avis-car-lags-q2-earnings-104310411.html?.tsrc=rss,Avis Budget (CAR) reported mixed second-quarter results. The company lowered its guidance for the full year.
HCSG,HCSG:UW,BBG000BKZ806,"Notable ETF Outflow Detected - PRN, LMT, PH, HCSG",2017-08-07 16:33:46 +0000,http://articlefeeds.nasdaq.com/~r/nasdaq/symbols/~3/h0JLsa8CaAg/notable-etf-outflow-detected-prn-lmt-ph-hcsg-cm828124,Looking today at week over week shares outstanding changes among the universe of ETFs covered at ETF Channel one standout is the PowerShares DWA Industrials Momentum Portfolio Symbol PRN where we have detected an approximate 33 2 million dollar outflow that s a 21 4 decrease week
HCSG,HCSG:UW,BBG000BKZ806,"Humana Lifts FY17 Earnings View, Above Market Estimates - Quick Facts",2017-08-02 06:55:00 +0000,http://articlefeeds.nasdaq.com/~r/nasdaq/symbols/~3/zSSqACU2zrg/humana-lifts-fy17-earnings-view-above-market-estimates--quick-facts-20170802-00349,"Humana Lifts FY17 Earnings View, Above Market Estimates - Quick Facts"
HCSG,HCSG:UW,BBG000BKZ806,Robert Half Down 5% Post Earnings: What's Hurting the Stock?,2017-08-01 15:59:24 +0000,http://articlefeeds.nasdaq.com/~r/nasdaq/symbols/~3/V19P0FulM7Y/robert-half-down-5-post-earnings-whats-hurting-the-stock-cm824994,Robert Half International Inc s RHI performance has been dismal of late owing to sluggish hiring activity in the U S and soft results from the Protiviti segment The stock has declined 5 3 since the company released its second quarter results on Jul 25 In fact shares of the company
HCSG,HCSG:UW,BBG000BKZ806,"Healthcare Services Group, Inc. :HCSG-US: Earnings Analysis: Q2, 2017 By the Numbers : August 1, 2017",2017-08-01 15:32:21 +0000,http://finance.yahoo.com/r/73250f08-8535-3679-a311-0a6fe51642ae/healthcare-services-group-inc-hcsg-us-earnings-analysis-q2-2017-by-the-numbers-august-1-2017?yptr=yahoo&.tsrc=rss,"Categories:  Yahoo FinanceGet free summary analysis Healthcare Services Group, Inc. reports financial results for the quarter ended June 30, 2017. We analyze the earnings along side the following peers of Healthcare Services Group, Inc. – Cintas Corporation and UniFirst Corporation (CTAS-US and UNF-US) that have also reported for this period. Highlights Summary numbers: Revenues of USD 470.88 ... Read more
<b>(Read more...)</b>"
HCSG,HCSG:UW,BBG000BKZ806,"Xerox (XRX) Beats Q2 Earnings Estimates, Narrows Guidance",2017-08-01 13:00:01 +0000,https://finance.yahoo.com/news/xerox-xrx-beats-q2-earnings-130001129.html?.tsrc=rss,Xerox (XRX) reported mixed second-quarter results. The company narrowed its guidance for full-year 2017.
HCSG,HCSG:UW,BBG000BKZ806,"The Zacks Analyst Blog Highlights: Applied Optoelectronics, The Brink's Company, Facebook, Healthcare Services Group and LPL Financial",2017-07-27 15:02:43 +0000,http://articlefeeds.nasdaq.com/~r/nasdaq/symbols/~3/5OEZnFBu9Q8/the-zacks-analyst-blog-highlights-applied-optoelectronics-the-brinks-company-facebook-healthcare-services-group-and-lpl-financial-cm822534,For Immediate Release Chicago IL July 27 2017 Zacks com announces the list of stocks featured in the Analyst Blog Every day the Zacks Equity Research analysts discuss the latest news and events impacting stocks and the financial markets Stocks recently featured in the blog include
HCSG,HCSG:UW,BBG000BKZ806,"The Zacks Analyst Blog Highlights: Applied Optoelectronics, The Brink&apos;s Company, Facebook, Healthcare Services Group and LPL Financial",2017-07-27 13:37:01 +0000,https://finance.yahoo.com/news/zacks-analyst-blog-highlights-applied-133701670.html?.tsrc=rss,"The Zacks Analyst Blog Highlights: Applied Optoelectronics, The Brink&apos;s Company, Facebook, Healthcare Services Group and LPL Financial"
HCSG,HCSG:UW,BBG000BKZ806,"Robert Half (RHI) Q2 Earnings Miss Estimates, Revenues Down",2017-07-26 16:05:32 +0000,http://articlefeeds.nasdaq.com/~r/nasdaq/symbols/~3/MUBsdfV9nSU/robert-half-rhi-q2-earnings-miss-estimates-revenues-down-cm821716,Robert Half International Inc RHI reported dismal second quarter 2017 results wherein earnings missed the Zacks Consensus Estimate and revenues were in line with the same Despite increase in staffing operations in international regions both sales and earnings depicted a year over year
HCSG,HCSG:UW,BBG000BKZ806,Five Stocks Surging through Highs,2017-07-25 22:00:49 +0000,http://articlefeeds.nasdaq.com/~r/nasdaq/symbols/~3/9Ja0QgIyYLQ/five-stocks-surging-through-highs-cm821182,Despite an early disappointment from Alphabet the NASDAQ fought off the pressure to barely finish at record highs The large caps led the way to highs on the session as earnings season continues to roll on As long as earnings can continue to support stocks up here the market can keep rocking
HCSG,HCSG:UW,BBG000BKZ806,"IJR, MKSI, HCSG, ALE: ETF Inflow Alert",2017-07-25 16:04:54 +0000,http://articlefeeds.nasdaq.com/~r/nasdaq/symbols/~3/ZQMX07Jbt9g/ijr-mksi-hcsg-ale-etf-inflow-alert-cm820892,Looking today at week over week shares outstanding changes among the universe of ETFs covered at ETF Channel one standout is the iShares Core S amp P Small Cap ETF Symbol IJR where we have detected an approximate 249 3 million dollar inflow that s a 0 8 increase week over week
HCSG,HCSG:UW,BBG000BKZ806,"ETFs with exposure to Healthcare Services Group, Inc. : July 24, 2017",2017-07-24 20:22:44 +0000,http://finance.yahoo.com/r/d541531b-811c-33ec-884a-93cfe4f2ce9e/etfs-with-exposure-to-healthcare-services-group-inc-july-24-2017?yptr=yahoo&.tsrc=rss,"Categories:  ETFs Yahoo FinanceClick here to see latest analysis ETFs with exposure to Healthcare Services Group, Inc. Here are 5 ETFs with the largest exposure to HCSG-US. Comparing the performance and risk of Healthcare Services Group, Inc. with the ETFs that have exposure to it gives us some ETF choices that could give us similar returns with lower ... Read more
<b>(Read more...)</b>"
HCSG,HCSG:UW,BBG000BKZ806,Avis Budget Partners Amazon on Car Rental Booking via Echo,2017-07-19 14:33:02 +0000,https://finance.yahoo.com/news/avis-budget-partners-amazon-car-143302283.html?.tsrc=rss,"Avis Budget Group, Inc. (CAR), recently entered into a strategic partnership with Amazon.com, Inc. (AMZN) to offer its customers car rental reservations services."
HCSG,HCSG:UW,BBG000BKZ806,Why Franklin Covey (FC) Could Be Positioned for a Slump,2017-07-18 14:07:28 +0000,http://articlefeeds.nasdaq.com/~r/nasdaq/symbols/~3/TUQsGqO0yLQ/why-franklin-covey-fc-could-be-positioned-for-a-slump-cm817456,Similar to wise buying decisions exiting certain underperformers at the right time helps maximize portfolio returns Selling off losers can be difficult but if both the share price and estimates are falling it could be time to get rid of the security before more losses hit your portfolio
HCSG,HCSG:UW,BBG000BKZ806,"ETFs with exposure to Healthcare Services Group, Inc. : July 14, 2017",2017-07-14 18:47:12 +0000,http://finance.yahoo.com/r/765705dc-ac65-3cfc-b2c5-6579cfc7ad75/etfs-with-exposure-to-healthcare-services-group-inc-july-14-2017?yptr=yahoo&.tsrc=rss,"Categories:  ETFs Yahoo FinanceClick here to see latest analysis ETFs with exposure to Healthcare Services Group, Inc. Here are 5 ETFs with the largest exposure to HCSG-US. Comparing the performance and risk of Healthcare Services Group, Inc. with the ETFs that have exposure to it gives us some ETF choices that could give us similar returns with lower ... Read more
<b>(Read more...)</b>"
HCSG,HCSG:UW,BBG000BKZ806,Healthcare Services Group (HCSG) Jumps: Stock Rises 10.9%,2017-07-13 14:57:03 +0000,http://articlefeeds.nasdaq.com/~r/nasdaq/symbols/~3/7sZEnDl5Wng/healthcare-services-group-hcsg-jumps-stock-rises-109-cm815526,Healthcare Services Group Inc HCSG was a big mover last session as the company saw its shares rise nearly 11 on the day The move came on solid volume too with far more shares changing hands than in a normal session This breaks the recent trend of the company as the stock is now
HCSG,HCSG:UW,BBG000BKZ806,"Healthcare Services Group, Inc. breached its 50 day moving average in a Bullish Manner : HCSG-US : July 13, 2017",2017-07-13 12:51:56 +0000,http://finance.yahoo.com/r/0dd0f158-8d84-3196-a7d4-fa570ff09b06/healthcare-services-group-inc-breached-its-50-day-moving-average-in-a-bullish-manner-hcsg-us-july-13-2017?yptr=yahoo&.tsrc=rss,"Categories:  ETFs Yahoo FinanceGet full CapitalCube analysis *Disclaimer : This is as of previous day’s closing price. Technical Indicators Below is a quick look at 5 technical indicators for Healthcare Services Group, Inc.. More studies are available on the Technical Chart. Indicator Signal Closing Price above/below 50 Day Moving Average Bullish Closing Price above/below 200 Day Moving Average ... Read more
<b>(Read more...)</b>"
HCSG,HCSG:UW,BBG000BKZ806,Healthcare Services Group (HCSG) Jumps: Stock Rises 10.9%,2017-07-13 12:37:12 +0000,https://finance.yahoo.com/news/healthcare-services-group-hcsg-jumps-123712594.html?.tsrc=rss,"Healthcare Services Group (HCSG) was a big mover last session, as the company saw its shares rise nearly 11% on the day."
HCSG,HCSG:UW,BBG000BKZ806,"Why Lithia Motors, Healthcare Services Group, and Petrobras Jumped Today",2017-07-12 22:17:41 +0000,http://articlefeeds.nasdaq.com/~r/nasdaq/symbols/~3/pQiLXZCgjwY/why-lithia-motors-healthcare-services-group-and-petrobras-jumped-today-cm815294,The stock market picked up ground on Wednesday with major benchmarks rising as much as 1 on the day As investors have seen countless times before the Federal Reserve calmed nerves among market participants Chair Janet Yellen testified before a House committee in Washington saying
HCSG,HCSG:UW,BBG000BKZ806,"Why Lithia Motors, Healthcare Services Group, and Petrobras Jumped Today",2017-07-12 20:32:00 +0000,http://finance.yahoo.com/r/d1724420-05e2-3865-a5f1-4dc77b0deb16/why-lithia-motors-healthcare-services-group-and-pe.aspx?yptr=yahoo&.tsrc=rss,These stocks helped lead the market higher. Find out why.
HCSG,HCSG:UW,BBG000BKZ806,"3 Stocks to Watch on Wednesday: Square Inc (SQ), Cara Therapeutics Inc (CARA) and Healthcare Services Group, Inc. (HCSG)",2017-07-12 16:45:37 +0000,http://articlefeeds.nasdaq.com/~r/nasdaq/symbols/~3/e2O-A1e5WF0/3-stocks-to-watch-on-wednesday-square-inc-sq-cara-therapeutics-inc-cara-and-healthcare-services-group-inc-hcsg-cm815174,InvestorPlace Stock Market News Stock Advice amp Trading Tips U S markets posted slight gains Tuesday with the Russell 2000 Index leading the way up 0 3 The S amp P 500 Index posted a 0 1 gain the 160 Dow Jones Industrial Average was unmoved and the
HCSG,HCSG:UW,BBG000BKZ806,How to Trade Facebook Inc (FB) Stock’s Climb to Record Highs,2017-07-12 16:44:10 +0000,http://articlefeeds.nasdaq.com/~r/nasdaq/symbols/~3/mO-g4gAPlYw/how-to-trade-facebook-inc-fb-stocks-climb-to-record-highs-cm815159,InvestorPlace Stock Market News Stock Advice amp Trading Tips Much digital ink has been spilled of late regarding the exodus from big cap tech stocks I ve certainly engaged in my fair share of analysis of the topic But with money rotating back into the sector I wanted to take a
HCSG,HCSG:UW,BBG000BKZ806,"3 Stocks to Watch on Wednesday: Square Inc (SQ), Cara Therapeutics Inc (CARA) and Healthcare Services Group, Inc. (HCSG)",2017-07-12 12:03:23 +0000,https://finance.yahoo.com/news/3-stocks-watch-wednesday-square-120323684.html?.tsrc=rss,"U.S. markets posted slight gains Tuesday, with the Russell 2000 Index leading the way, up 0.3%.  Square Inc (NYSE:SQ) is on top of the world as it continues a rip-roaring 2017, while Cara Therapeutics Inc (NASDAQ:CARA) and Healthcare Services Group, Inc. (NASDAQ:HCSG) are advancing after letting loose with some positive headlines.  The most recent optimism was sparked by a note from Loop Capital Markets’ Joseph Vafi, who thinks PayPal Holdings Inc (NASDAQ:PYPL) should acquire Square to better insert itself into more brick-and-mortar operations, and that the tie-up would make technological sense given that the two systems already are somewhat integrated."
HCSG,HCSG:UW,BBG000BKZ806,Healthcare Services Group (HCSG) Has Broken Out To A New High On Q2 Results,2017-07-12 09:37:00 +0000,http://articlefeeds.nasdaq.com/~r/nasdaq/symbols/~3/PbQoXVSNrVE/healthcare-services-group-hcsg-has-broken-out-to-a-new-high-on-q2-results-20170712-00644,Healthcare Services Group (HCSG) Has Broken Out To A New High On Q2 Results
HCSG,HCSG:UW,BBG000BKZ806,Healthcare Services tops Street 2Q forecasts,2017-07-12 01:25:44 +0000,https://finance.yahoo.com/news/healthcare-services-tops-street-2q-202444763.html?.tsrc=rss,"On a per-share basis, the Bensalem, Pennsylvania-based company said it had profit of 30 cents. The results topped Wall Street expectations. The average estimate of four analysts surveyed by Zacks Investment ..."
HCSG,HCSG:UW,BBG000BKZ806,"After-hours buzz: HCSG, HUM & more",2017-07-11 21:51:39 +0000,http://finance.yahoo.com/r/82f67c29-0913-3503-b1fc-5c3eb2f222c9/104579992?__source=yahoo%7Cfinance%7Cheadline%7Cheadline%7Cstory&par=yahoo&doc=104579992&yptr=yahoo&.tsrc=rss,These are the stocks posting the largest moves after the bell.
HCSG,HCSG:UW,BBG000BKZ806,"Healthcare Services Group, Inc. Reports Results for the Three and Six Months Ended June 30, 2017 and Announces Increased Second Quarter 2017 Cash Dividend",2017-07-11 20:15:00 +0000,https://finance.yahoo.com/news/healthcare-services-group-inc-reports-201500513.html?.tsrc=rss,"BENSALEM, Pa., July 11, 2017-- Healthcare Services Group, Inc. reported that revenues for the three months ended June 30, 2017 increased approximately 22% to $470.9 million. Net income for the three months ..."
HCSG,HCSG:UW,BBG000BKZ806,Healthcare Services Group Profit Rises 20% In Q2,2017-07-11 16:22:00 +0000,http://articlefeeds.nasdaq.com/~r/nasdaq/symbols/~3/UwIsuv_2UOc/healthcare-services-group-profit-rises-20-in-q2-20170711-01171,Healthcare Services Group Profit Rises 20% In Q2
HCSG,HCSG:UW,BBG000BKZ806,"Healthcare Services Group, Inc. – Value Analysis (NASDAQ:HCSG) : July 3, 2017",2017-07-03 20:31:36 +0000,http://finance.yahoo.com/r/d67dcca4-4c92-371f-826a-a6f6e064ac50/healthcare-services-group-inc-value-analysis-nasdaqhcsg-july-3-2017?yptr=yahoo&.tsrc=rss,"Categories:  Fundamental Analysis Yahoo FinanceClick here to see latest analysis Capitalcube gives Healthcare Services Group, Inc. a score of 94. Our analysis is based on comparing Healthcare Services Group, Inc. with the following peers – ABM Industries Incorporated, UniFirst Corporation, Cintas Corporation, Aramark and Tailored Brands, Inc. (ABM-US, UNF-US, CTAS-US, ARMK-US and TLRD-US). Investment Outlook Healthcare Services Group, Inc. ... Read more
<b>(Read more...)</b>"
HCSG,HCSG:UW,BBG000BKZ806,"Healthcare Services Group, Inc. breached its 50 day moving average in a Bearish Manner : HCSG-US : June 30, 2017",2017-06-30 13:26:07 +0000,http://finance.yahoo.com/r/822c730c-de20-3bad-b87a-6c45d5e75730/healthcare-services-group-inc-breached-its-50-day-moving-average-in-a-bearish-manner-hcsg-us-june-30-2017?yptr=yahoo&.tsrc=rss,"Categories:  ETFs Yahoo FinanceGet full CapitalCube analysis *Disclaimer : This is as of previous day’s closing price. Technical Indicators Below is a quick look at 5 technical indicators for Healthcare Services Group, Inc.. More studies are available on the Technical Chart. Indicator Signal Closing Price above/below 50 Day Moving Average Bearish Closing Price above/below 200 Day Moving Average ... Read more
<b>(Read more...)</b>"
HCSG,HCSG:UW,BBG000BKZ806,Edited Transcript of HCSG earnings conference call or presentation 8-Feb-17 1:30pm GMT,2017-05-22 14:52:32 +0000,https://finance.yahoo.com/news/edited-transcript-hcsg-earnings-conference-234347749.html?.tsrc=rss,Q4 2016 Healthcare Services Group Inc Earnings Call
HCSG,HCSG:UW,BBG000BKZ806,Edited Transcript of HCSG earnings conference call or presentation 12-Apr-17 12:30pm GMT,2017-05-22 07:00:43 +0000,https://finance.yahoo.com/news/edited-transcript-hcsg-earnings-conference-233104066.html?.tsrc=rss,Q1 2017 Healthcare Services Group Inc Earnings Call
HCSG,HCSG:UW,BBG000BKZ806,"Healthcare Services Group, Inc. : HCSG-US: Dividend Analysis : May 19th, 2017 (record date) : By the numbers : May 18, 2017",2017-05-18 15:51:21 +0000,http://finance.yahoo.com/r/14eab51b-029e-3ae6-8b13-85282e8b37a9/healthcare-services-group-inc-hcsg-us-dividend-analysis-may-19th-2017-record-date-by-the-numbers-may-18-2017?yptr=yahoo&.tsrc=rss,"Categories:  Yahoo FinanceGet free summary analysis Our analysis is based on comparing Healthcare Services Group, Inc. with the following peers – ABM Industries Incorporated, UniFirst Corporation, Cintas Corporation, Aramark and Tailored Brands, Inc. (ABM-US, UNF-US, CTAS-US, ARMK-US and TLRD-US). Healthcare Services Group, Inc.’s dividend yield is 2.02 percent and its dividend payout is 66.44 percent. This compares ... Read more
<b>(Read more...)</b>"
HCSG,HCSG:UW,BBG000BKZ806,"Healthcare Services Group, Inc. :HCSG-US: Earnings Analysis: Q1, 2017 By the Numbers : May 18, 2017",2017-05-18 13:51:14 +0000,http://finance.yahoo.com/r/276969ea-1ba4-3c24-9a61-c057b9749509/healthcare-services-group-inc-hcsg-us-earnings-analysis-q1-2017-by-the-numbers-may-18-2017?yptr=yahoo&.tsrc=rss,"Categories:  Yahoo FinanceGet free summary analysis Healthcare Services Group, Inc. reports financial results for the quarter ended March 31, 2017. We analyze the earnings along side the following peers of Healthcare Services Group, Inc. – UniFirst Corporation, Cintas Corporation and Aramark (UNF-US, CTAS-US and ARMK-US) that have also reported for this period. Highlights Summary numbers: Revenues of ... Read more
<b>(Read more...)</b>"
HCSG,HCSG:UW,BBG000BKZ806,"Healthcare Services Group, Inc. (HCSG) Ex-Dividend Date Scheduled for May 17, 2017",2017-05-16 13:21:09 +0000,http://articlefeeds.nasdaq.com/~r/nasdaq/symbols/~3/I3PD86ZiaVc/healthcare-services-group-inc-hcsg-ex-dividend-date-scheduled-for-may-17-2017-cm789755,Healthcare Services Group Inc HCSG will begin trading ex dividend on May 17 2017 A cash dividend payment of 0 188 per share is scheduled to be paid on June 23 2017 Shareholders who purchased HCSG prior to the ex dividend date are eligible for the cash dividend payment This
HCSG,HCSG:UW,BBG000BKZ806,Tom Gayner Gains 4 New Stocks in 1st Quarter,2017-05-02 13:25:44 +0000,http://articlefeeds.nasdaq.com/~r/nasdaq/symbols/~3/xAob15QedYQ/tom-gayner-gains-4-new-stocks-in-1st-quarter-cm782542,Markel Gayner Asset Management Corp s Tom Gayner Trades Portfolio gained four new holdings in the first quarter They are Healthcare Services Group Inc HCSG Albemarle Corp ALB International Business Machines Corp IBM and Rockwell Collins Inc COL Markel
HCSG,HCSG:UW,BBG000BKZ806,Analyzing Healthcare Services Group's Steady Charge,2017-04-24 20:47:00 +0000,http://finance.yahoo.com/r/ca30ebc3-d123-3cfc-ac48-d2b8789f3f48/analyzing-healthcare-services-groups-steady-charge-hcsg?partner=YahooSA&yptr=yahoo&.tsrc=rss,Healthcare Services Group stock rose on 1Q 2017 earnings results. Analyze the valuation to asses risk and opportunity.
HCSG,HCSG:UW,BBG000BKZ806,Healthcare Services Group Reaches Analyst Target Price,2017-04-13 14:55:59 +0000,http://articlefeeds.nasdaq.com/~r/nasdaq/symbols/~3/K-eE36FVyUc/healthcare-services-group-reaches-analyst-target-price-cm773704,In recent trading shares of Healthcare Services Group Inc Symbol HCSG have crossed above the average analyst 12 month target price of 44 25 changing hands for 45 55 share When a stock reaches the target an analyst has set the analyst logically has two ways to react downgrade
HCSG,HCSG:UW,BBG000BKZ806,Edited Transcript of HCSG earnings conference call or presentation 12-Apr-17 12:30pm GMT,2017-04-12 23:31:04 +0000,http://finance.yahoo.com/news/edited-transcript-hcsg-earnings-conference-233104066.html?.tsrc=rss,Q1 2017 Healthcare Services Group Inc Earnings Call
HCSG,HCSG:UW,BBG000BKZ806,Healthcare Services Group (HCSG) Has Leaped To A New High On Q1 Results,2017-04-12 09:42:00 +0000,http://articlefeeds.nasdaq.com/~r/nasdaq/symbols/~3/JdwGjQjs5Ug/healthcare-services-group-hcsg-has-leaped-to-a-new-high-on-q1-results-20170412-00652,Healthcare Services Group (HCSG) Has Leaped To A New High On Q1 Results
HCSG,HCSG:UW,BBG000BKZ806,Healthcare Services beats 1Q profit forecasts,2017-04-11 20:26:06 +0000,http://finance.yahoo.com/news/healthcare-services-beats-1q-profit-202606283.html?.tsrc=rss,"The Bensalem, Pennsylvania-based company said it had profit of 30 cents per share. The results surpassed Wall Street expectations. The average estimate of four analysts surveyed by Zacks Investment Research ..."
HCSG,HCSG:UW,BBG000BKZ806,"Healthcare Services Group, Inc. Reports Results for the Three Months Ended March 31, 2017 and Announces Increased First Quarter 2017 Cash Dividend",2017-04-11 20:18:38 +0000,http://finance.yahoo.com/news/healthcare-services-group-inc-reports-201838846.html?.tsrc=rss,"BENSALEM, Pa., April 11, 2017-- Healthcare Services Group, Inc. reported that revenues for the three months ended March 31, 2017 increased approximately 5% to $404.5 million. Net income for the three months ..."
HCSG,HCSG:UW,BBG000BKZ806,Healthcare Services Group Q1 Profit Advances 18%,2017-04-11 16:24:00 +0000,http://articlefeeds.nasdaq.com/~r/nasdaq/symbols/~3/Cazx5PVbNFw/healthcare-services-group-q1-profit-advances-18-20170411-01089,Healthcare Services Group Q1 Profit Advances 18%
HCSG,HCSG:UW,BBG000BKZ806,"Market Recon: Ready or Not, Earnings Season Is Coming",2017-04-11 10:51:00 +0000,http://finance.yahoo.com/r/f94c918a-d96b-33e1-b92c-66f22dc4f667/market-recon-ready-or-not-earnings-season-is-coming.html?puc=yahoo&cm_ven=YAHOO&yptr=yahoo&.tsrc=rss,A couple of significant disappointments early on could have an outsized impact on sentiment.
HCSG,HCSG:UW,BBG000BKZ806,"Healthcare Services Group, Inc. breached its 50 day moving average in a Bearish Manner : HCSG-US : April 6, 2017",2017-04-06 12:26:02 +0000,http://finance.yahoo.com/r/e70e385f-8055-3a9f-8284-6b618794a0a0/healthcare-services-group-inc-breached-its-50-day-moving-average-in-a-bearish-manner-hcsg-us-april-6-2017?yptr=yahoo&.tsrc=rss,"Categories:  ETFs Yahoo FinanceClick here to see latest analysis *Disclaimer : This is as of previous day’s closing price. Technical Indicators Below is a quick look at 5 technical indicators for Healthcare Services Group, Inc.. More studies are available on the Technical Chart. Indicator Signal Closing Price above/below 50 Day Moving Average Bearish Closing Price above/below 200 Day ... Read more
<b>(Read more...)</b>"
HCSG,HCSG:UW,BBG000BKZ806,"ETFs with exposure to Healthcare Services Group, Inc. : April 5, 2017",2017-04-05 20:51:11 +0000,http://finance.yahoo.com/r/d5658a88-0be5-3673-99ee-8f6146a3e0a5/etfs-with-exposure-to-healthcare-services-group-inc-april-5-2017?yptr=yahoo&.tsrc=rss,"Categories:  ETFs Yahoo FinanceClick here to see latest analysis ETFs with exposure to Healthcare Services Group, Inc. Here are 5 ETFs with the largest exposure to HCSG-US. Comparing the performance and risk of Healthcare Services Group, Inc. with the ETFs that have exposure to it gives us some ETF choices that could give us similar returns with lower ... Read more
<b>(Read more...)</b>"
HCSG,HCSG:UW,BBG000BKZ806,HEALTHCARE SERVICES GROUP INC Financials,2017-03-02 18:04:16 +0000,http://finance.yahoo.com/q/is?s=hcsg,HEALTHCARE SERVICES GROUP INC Financials
HCSG,HCSG:UW,BBG000BKZ806,"HEALTHCARE SERVICES GROUP INC Files SEC form 10-K, Annual Report",2017-02-24 22:16:55 +0000,http://biz.yahoo.com/e/170224/hcsg10-k.html,"HEALTHCARE SERVICES GROUP INC Files SEC form 10-K, Annual Report"
HCSG,HCSG:UW,BBG000BKZ806,"Healthcare Services Group, Inc. (HCSG) Ex-Dividend Date Scheduled for February 15, 2017",2017-02-14 14:21:41 +0000,http://articlefeeds.nasdaq.com/~r/nasdaq/symbols/~3/yYMRPYbdOSo/healthcare-services-group-inc-hcsg-ex-dividend-date-scheduled-for-february-15-2017-cm747502,Healthcare Services Group Inc HCSG will begin trading ex dividend on February 15 2017 A cash dividend payment of 0 186 per share is scheduled to be paid on March 24 2017 Shareholders who purchased HCSG prior to the ex dividend date are eligible for the cash dividend payment
HCSG,HCSG:UW,BBG000BKZ806,"Healthcare Services Group, Inc. :HCSG-US: Earnings Analysis: Q4, 2016 By the Numbers : February 9, 2017",2017-02-09 16:10:02 +0000,http://www.capitalcube.com/blog/index.php/healthcare-services-group-inc-hcsg-us-earnings-analysis-q4-2016-by-the-numbers-february-9-2017/,"Healthcare Services Group, Inc. :HCSG-US: Earnings Analysis: Q4, 2016 By the Numbers : February 9, 2017"
HCSG,HCSG:UW,BBG000BKZ806,"Healthcare Services Group, Inc. :HCSG-US: Earnings Analysis: Q4, 2016 By the Numbers : February 9, 2017",2017-02-09 16:10:02 +0000,http://finance.yahoo.com/r/c25d4873-6154-3062-82f1-03b09b467d3f/healthcare-services-group-inc-hcsg-us-earnings-analysis-q4-2016-by-the-numbers-february-9-2017?yptr=yahoo&.tsrc=rss,"Categories:   Yahoo Finance Get free summary analysis Healthcare Services Group, Inc. reports financial results for the quarter ended December 31, 2016. We analyze the earnings along side the following peers of Healthcare Services Group, Inc. – Cintas Corporation, G&K Services, Inc., Class A, UniFirst Corporation and Aramark (CTAS-US, GK-US, UNF-US and ARMK-US) that have also reported for this ... Read more    
<b>(Read more...)</b>"
HCSG,HCSG:UW,BBG000BKZ806,Edited Transcript of HCSG earnings conference call or presentation 8-Feb-17 1:30pm GMT,2017-02-08 23:43:47 +0000,http://finance.yahoo.com/news/edited-transcript-hcsg-earnings-conference-234347749.html?.tsrc=rss,Q4 2016 Healthcare Services Group Inc Earnings Call
HCSG,HCSG:UW,BBG000BKZ806,Edited Transcript of HCSG earnings conference call or presentation 8-Feb-17 1:30pm GMT,2017-02-08 23:43:47 +0000,http://finance.yahoo.com/news/edited-transcript-hcsg-earnings-conference-234347749.html,Edited Transcript of HCSG earnings conference call or presentation 8-Feb-17 1:30pm GMT
HCSG,HCSG:UW,BBG000BKZ806,"Healthcare Services Group, Inc. :HCSG-US: Earnings Analysis: 2016 By the Numbers : February 8, 2017",2017-02-08 17:02:20 +0000,http://www.capitalcube.com/blog/index.php/healthcare-services-group-inc-hcsg-us-earnings-analysis-2016-by-the-numbers-february-8-2017/,"Healthcare Services Group, Inc. :HCSG-US: Earnings Analysis: 2016 By the Numbers : February 8, 2017"
HCSG,HCSG:UW,BBG000BKZ806,"Humana Q4 Adj. Profit Rises, Revenue Down 4%; To Provide 2017 Guidance",2017-02-08 07:05:00 +0000,http://articlefeeds.nasdaq.com/~r/nasdaq/symbols/~3/wI504d3K44s/humana-q4-adj-profit-rises-revenue-down-4-to-provide-2017-guidance-20170208-00422,"Humana Q4 Adj. Profit Rises, Revenue Down 4%; To Provide 2017 Guidance"
HCSG,HCSG:UW,BBG000BKZ806,Healthcare Services meets 4Q profit forecasts,2017-02-07 22:51:00 +0000,http://sg.finance.yahoo.com/news/healthcare-services-meets-4q-profit-225100277.html,Healthcare Services meets 4Q profit forecasts
HCSG,HCSG:UW,BBG000BKZ806,Healthcare Services meets 4Q profit forecasts,2017-02-07 22:51:00 +0000,http://finance.yahoo.com/news/healthcare-services-meets-4q-profit-225100134.html?.tsrc=rss,"On a per-share basis, the Bensalem, Pennsylvania-based company said it had profit of 28 cents. The results met Wall Street expectations. The average estimate of four analysts surveyed by Zacks Investment ..."
HCSG,HCSG:UW,BBG000BKZ806,"HEALTHCARE SERVICES GROUP INC Files SEC form 8-K, Results of Operations and Financial Condition, Financial Statements",2017-02-07 22:20:52 +0000,http://biz.yahoo.com/e/170207/hcsg8-k.html,"HEALTHCARE SERVICES GROUP INC Files SEC form 8-K, Results of Operations and Financial Condition, Financial Statements"
HCSG,HCSG:UW,BBG000BKZ806,"4:21 pm Healthcare Services Group reports EPS in-line, revs in-line",2017-02-07 21:21:00 +0000,http://finance.yahoo.com/news/inplay-briefing-com-055139997.html#hcsg,"4:21 pm Healthcare Services Group reports EPS in-line, revs in-line"
HCSG,HCSG:UW,BBG000BKZ806,"Healthcare Services Group, Inc. Reports Results for the Three Months and Year Ended December 31, 2016",2017-02-07 21:15:00 +0000,http://finance.yahoo.com/news/healthcare-services-group-inc-reports-211500519.html,"[GlobeNewswire] - BENSALEM, Pa., Feb. 07, 2017-- Healthcare Services Group, Inc. reported that revenues for the three months ended December 31, 2016 increased to $398.6 million compared to $366.1 million for the same period ..."
HCSG,HCSG:UW,BBG000BKZ806,"Healthcare Services Group, Inc. Reports Results for the Three Months and Year Ended December 31, 2016",2017-02-07 21:15:00 +0000,http://finance.yahoo.com/news/healthcare-services-group-inc-reports-211500519.html?.tsrc=rss,"BENSALEM, Pa., Feb. 07, 2017-- Healthcare Services Group, Inc. reported that revenues for the three months ended December 31, 2016 increased to $398.6 million compared to $366.1 million for the same period ..."
HCSG,HCSG:UW,BBG000BKZ806,Healthcare Services Group Earnings Advance 122% In Q4,2017-02-07 16:43:00 +0000,http://articlefeeds.nasdaq.com/~r/nasdaq/symbols/~3/fMptbnstZvI/healthcare-services-group-earnings-advance-122-in-q4-20170207-01606,Healthcare Services Group Earnings Advance 122% In Q4
HCSG,HCSG:UW,BBG000BKZ806,Q4 2016 Healthcare Services Group Inc Earnings Release - After Market Close,2017-02-07 12:07:04 +0000,http://biz.yahoo.com/research/earncal/20170207.html?t=hcsg,Q4 2016 Healthcare Services Group Inc Earnings Release - After Market Close
HCSG,HCSG:UW,BBG000BKZ806,"HEALTHCARE SERVICES GROUP INC Files SEC form 8-K, Other Events, Financial Statements and Exhibits",2017-01-31 21:18:04 +0000,http://biz.yahoo.com/e/170131/hcsg8-k.html,"HEALTHCARE SERVICES GROUP INC Files SEC form 8-K, Other Events, Financial Statements and Exhibits"
HCSG,HCSG:UW,BBG000BKZ806,"Healthcare Services Group, Inc. Increases Fourth Quarter Cash Dividend, Provides Update on 2016 Results",2017-01-31 21:15:00 +0000,http://finance.yahoo.com/news/healthcare-services-group-inc-increases-211500915.html?.tsrc=rss,"BENSALEM, Pa., Jan. 31, 2017-- Healthcare Services Group, Inc.’ s Board of Directors has declared a quarterly cash dividend of $0.18625 per common share, payable on March 24, 2017 to shareholders of record ..."
HCSG,HCSG:UW,BBG000BKZ806,"Healthcare Services Group, Inc. Increases Fourth Quarter Cash Dividend, Provides Update on 2016 Results",2017-01-31 21:15:00 +0000,http://finance.yahoo.com/news/healthcare-services-group-inc-increases-211500915.html,"[GlobeNewswire] - BENSALEM, Pa., Jan. 31, 2017-- Healthcare Services Group, Inc.’ s Board of Directors has declared a quarterly cash dividend of $0.18625 per common share, payable on March 24, 2017 to shareholders of record ..."
HCSG,HCSG:UW,BBG000BKZ806,"Healthcare Services Group, Inc. : HCSG-US: Dividend Analysis : November 18th, 2016 (record date) : By the numbers : January 13, 2017",2017-01-13 17:37:50 +0000,http://www.capitalcube.com/blog/index.php/healthcare-services-group-inc-hcsg-us-dividend-analysis-november-18th-2016-record-date-by-the-numbers-january-13-2017/,"Healthcare Services Group, Inc. : HCSG-US: Dividend Analysis : November 18th, 2016 (record date) : By the numbers : January 13, 2017"
HCSG,HCSG:UW,BBG000BKZ806,"Healthcare Services Group, Inc. : HCSG-US: Dividend Analysis : November 18th, 2016 (record date) : By the numbers : January 13, 2017",2017-01-13 17:37:50 +0000,http://finance.yahoo.com/r/21aaf4dd-976b-31f9-b22f-86f5b6b12c3d/healthcare-services-group-inc-hcsg-us-dividend-analysis-november-18th-2016-record-date-by-the-numbers-january-13-2017?yptr=yahoo&.tsrc=rss,"Categories:   Yahoo Finance Get free summary analysis Our analysis is based on comparing Healthcare Services Group, Inc. with the following peers – ABM Industries Incorporated, Cintas Corporation, G&K Services, Inc., Class A, UniFirst Corporation, Aramark and Tailored Brands, Inc. (ABM-US, CTAS-US, GK-US, UNF-US, ARMK-US and TLRD-US). Healthcare Services Group, Inc.’s dividend yield is 1.86 percent and its dividend ... Read more    
<b>(Read more...)</b>"
HCSG,HCSG:UW,BBG000BKZ806,"Is Healthcare Services Group, Inc. (HCSG) A Good Stock To Buy?",2016-12-12 09:32:30 +0000,http://www.insidermonkey.com/blog/is-healthcare-services-group-inc-hcsg-a-good-stock-to-buy-505912/,"Is Healthcare Services Group, Inc. (HCSG) A Good Stock To Buy?"
HCSG,HCSG:UW,BBG000BKZ806,"Is Healthcare Services Group, Inc. (HCSG) A Good Stock To Buy?",2016-12-12 09:32:30 +0000,http://finance.yahoo.com/r/abf17519-bcab-3d4e-a36c-8b96b5e5157a/is-healthcare-services-group-inc-hcsg-a-good-stock-to-buy-505912?yptr=yahoo&.tsrc=rss,Hedge funds run by legendary names like Nelson Peltz and David Tepper make billions of dollars a year for themselves and their super-rich accredited investors (you’ve got to have a minimum of $1 million liquid to invest in a hedge fund) by spending enormous resources on analyzing and uncovering data about small-cap stocks that the […]
HCSG,HCSG:UW,BBG000BKZ806,"ETFs with exposure to Healthcare Services Group, Inc. : December 9, 2016",2016-12-09 18:30:07 +0000,http://www.capitalcube.com/blog/index.php/etfs-with-exposure-to-healthcare-services-group-inc-december-9-2016/,"ETFs with exposure to Healthcare Services Group, Inc. : December 9, 2016"
HCSG,HCSG:UW,BBG000BKZ806,"ETFs with exposure to Healthcare Services Group, Inc. : December 9, 2016",2016-12-09 18:30:07 +0000,http://finance.yahoo.com/r/fc2f284b-55be-3e96-9765-eeb0b6e5c438/etfs-with-exposure-to-healthcare-services-group-inc-december-9-2016?yptr=yahoo&.tsrc=rss,"Categories:   ETFs Yahoo Finance Click here to see latest analysis ETFs with exposure to Healthcare Services Group, Inc. Here are 5 ETFs with the largest exposure to HCSG-US. Comparing the performance and risk of Healthcare Services Group, Inc. with the ETFs that have exposure to it gives us some ETF choices that could give us similar returns with lower ... Read more    
<b>(Read more...)</b>"
HCSG,HCSG:UW,BBG000BKZ806,"Healthcare Services Group, Inc. breached its 50 day moving average in a Bullish Manner : HCSG-US : November 16, 2016",2016-11-16 12:19:17 +0000,http://finance.yahoo.com/r/5241e516-c0df-3638-b1b7-79e6994410f4/healthcare-services-group-inc-breached-its-50-day-moving-average-in-a-bullish-manner-hcsg-us-november-16-2016?yptr=yahoo&.tsrc=rss,"Categories:   ETFs Yahoo Finance Click here to see latest analysis *Disclaimer : This is as of previous day’s closing price. Technical Indicators Below is a quick look at 5 technical indicators for Healthcare Services Group, Inc.. More studies are available on the Technical Chart. Indicator Signal Closing Price above/below 50 Day Moving Average Bullish Closing Price above/below 200 Day ... Read more    
<b>(Read more...)</b>"
HCSG,HCSG:UW,BBG000BKZ806,"Healthcare Services Group, Inc. breached its 50 day moving average in a Bullish Manner : HCSG-US : November 16, 2016",2016-11-16 12:19:17 +0000,http://www.capitalcube.com/blog/index.php/healthcare-services-group-inc-breached-its-50-day-moving-average-in-a-bullish-manner-hcsg-us-november-16-2016/,"Healthcare Services Group, Inc. breached its 50 day moving average in a Bullish Manner : HCSG-US : November 16, 2016"
HCSG,HCSG:UW,BBG000BKZ806,"Healthcare Services Group, Inc. (HCSG) Ex-Dividend Date Scheduled for November 16, 2016",2016-11-15 14:19:13 +0000,http://articlefeeds.nasdaq.com/~r/nasdaq/symbols/~3/FAeXxWUWpjY/healthcare-services-group-inc-hcsg-ex-dividend-date-scheduled-for-november-16-2016-cm709240,Healthcare Services Group Inc HCSG will begin trading ex dividend on November 16 2016 A cash dividend payment of 0 185 per share is scheduled to be paid on December 23 2016 Shareholders who purchased HCSG prior to the ex dividend date are eligible for the cash dividend payment
HCSG,HCSG:UW,BBG000BKZ806,"Ex-Dividend Reminder: Harris, Circor International and Healthcare Services Group",2016-11-14 15:27:30 +0000,http://articlefeeds.nasdaq.com/~r/nasdaq/symbols/~3/N9cD_N_3tzI/ex-dividend-reminder-harris-circor-international-and-healthcare-services-group-cm708616,Looking at the universe of stocks we cover at Dividend Channel on 11 16 16 Harris Corp Symbol HRS Circor International Inc Symbol CIR and Healthcare Services Group Inc Symbol HCSG will all trade ex dividend for their respective upcoming dividends Harris Corp will pay
HCSG,HCSG:UW,BBG000BKZ806,"ETF’s with exposure to Healthcare Services Group, Inc. : November 10, 2016",2016-11-10 17:31:11 +0000,http://finance.yahoo.com/r/82a9f40b-01a8-3934-a9cb-6ba0326ad1c4/etfs-with-exposure-to-healthcare-services-group-inc-november-10-2016?yptr=yahoo&.tsrc=rss,"Categories:   ETFs Yahoo Finance Click here to see latest analysis ETF’s with exposure to Healthcare Services Group, Inc. Here are 5 ETF’s with the largest exposure to HCSG-US. Comparing the performance and risk of Healthcare Services Group, Inc. with the ETF’s that have exposure to it gives us some ETF choices that could give us similar returns with lower ... Read more    
<b>(Read more...)</b>"
HCSG,HCSG:UW,BBG000BKZ806,"ETF’s with exposure to Healthcare Services Group, Inc. : November 10, 2016",2016-11-10 17:31:11 +0000,http://www.capitalcube.com/blog/index.php/etfs-with-exposure-to-healthcare-services-group-inc-november-10-2016/,"ETF’s with exposure to Healthcare Services Group, Inc. : November 10, 2016"
HCSG,HCSG:UW,BBG000BKZ806,"Healthcare Services Group, Inc. :HCSG-US: Earnings Analysis: Q3, 2016 By the Numbers : November 9, 2016",2016-11-09 15:29:17 +0000,http://finance.yahoo.com/r/300a9aad-fde7-3932-842f-80346818ed87/healthcare-services-group-inc-hcsg-us-earnings-analysis-q3-2016-by-the-numbers-november-9-2016?yptr=yahoo&.tsrc=rss,"Categories:   Yahoo Finance Get free summary analysis Healthcare Services Group, Inc. reports financial results for the quarter ended September 30, 2016. We analyze the earnings along side the following peers of Healthcare Services Group, Inc. – Cintas Corporation, G&K Services, Inc., Class A and UniFirst Corporation (CTAS-US, GK-US and UNF-US) that have also reported for this period. Highlights ... Read more    
<b>(Read more...)</b>"
HCSG,HCSG:UW,BBG000BKZ806,"Healthcare Services Group, Inc. :HCSG-US: Earnings Analysis: Q3, 2016 By the Numbers : November 9, 2016",2016-11-09 15:29:17 +0000,http://www.capitalcube.com/blog/index.php/healthcare-services-group-inc-hcsg-us-earnings-analysis-q3-2016-by-the-numbers-november-9-2016/,"Healthcare Services Group, Inc. :HCSG-US: Earnings Analysis: Q3, 2016 By the Numbers : November 9, 2016"
HCSG,HCSG:UW,BBG000BKZ806,Humana Maintains FY16 Adj. EPS View As Q3 Results Top Estimates,2016-11-04 06:54:00 +0000,http://articlefeeds.nasdaq.com/~r/nasdaq/symbols/~3/u-moCzlk3uc/humana-maintains-fy16-adj-eps-view-as-q3-results-top-estimates-20161104-00178,Humana Maintains FY16 Adj. EPS View As Q3 Results Top Estimates
HCSG,HCSG:UW,BBG000BKZ806,"Research Reports Initiation on Business Services Stocks -- Acacia Research, Convergys, Healthcare Services, and Rollins",2016-11-01 18:55:00 +0000,http://finance.yahoo.com/news/research-reports-initiation-business-services-185500413.html,"[PR Newswire] - On Monday, October 31, 2016, the NASDAQ Composite, the Dow Jones Industrial Average, and the S&P 500 all ended the day in negative territory. Following yesterday's trading session, stock-Callers.com has initiated research reports on the following Business Services stocks: Acacia Research Corporation (ACTG), Convergys Corporation (CVG), Healthcare Services Group Inc. (HCSG), and Rollins Inc. (ROL). On Monday, shares in Newport Beach, California headquartered Acacia Research Corp. ended the session 3.31% lower at $5.85 with a total volume of 469,717 shares traded."
HCSG,HCSG:UW,BBG000BKZ806,"HEALTHCARE SERVICES GROUP INC Files SEC form 10-Q, Quarterly Report",2016-10-28 21:05:01 +0000,http://biz.yahoo.com/e/161028/hcsg10-q.html,"HEALTHCARE SERVICES GROUP INC Files SEC form 10-Q, Quarterly Report"
HCSG,HCSG:UW,BBG000BKZ806,Relative Strength Alert For Healthcare Services Group,2016-10-20 17:26:55 +0000,http://articlefeeds.nasdaq.com/~r/nasdaq/symbols/~3/Z-qefysh8jU/relative-strength-alert-for-healthcare-services-group-cm696091,The DividendRank formula at Dividend Channel ranks a coverage universe of thousands of dividend stocks according to a proprietary formula designed to identify those stocks that combine two important characteristics strong fundamentals and a valuation that looks inexpensive
HCSG,HCSG:UW,BBG000BKZ806,6 Dividend Stocks Increasing Payouts – IP BRO AM THO HCSG POL,2016-10-17 17:48:06 +0000,http://articlefeeds.nasdaq.com/~r/nasdaq/symbols/~3/rEJ0bNU3PCo/6-dividend-stocks-increasing-payouts-ip-bro-am-tho-hcsg-pol-cm694320,InvestorPlace InvestorPlace Stock Market News Stock Advice amp Trading Tips The S amp P 500 160 touched a three month low last week before rebounding on Friday to pare some of its losses Investors were feeling jittery after Alcoa Inc 160 NYSE
HCSG,HCSG:UW,BBG000BKZ806,"Healthcare Services Group, Inc. breached its 50 day moving average in a Bearish Manner : HCSG-US : October 13, 2016",2016-10-13 12:19:47 +0000,http://www.capitalcube.com/blog/index.php/healthcare-services-group-inc-breached-its-50-day-moving-average-in-a-bearish-manner-hcsg-us-october-13-2016/,"Healthcare Services Group, Inc. breached its 50 day moving average in a Bearish Manner : HCSG-US : October 13, 2016"
HCSG,HCSG:UW,BBG000BKZ806,"Healthcare Services Group, Inc. breached its 50 day moving average in a Bearish Manner : HCSG-US : October 13, 2016",2016-10-13 12:19:47 +0000,http://finance.yahoo.com/r/bc957b10-5a86-3578-b9b6-4de3a6c3be39/healthcare-services-group-inc-breached-its-50-day-moving-average-in-a-bearish-manner-hcsg-us-october-13-2016?yptr=yahoo&.tsrc=rss,"Categories:   ETFs Yahoo Finance Click here to see latest analysis *Disclaimer : This is as of previous day’s closing price. Technical Indicators Below is a quick look at 5 technical indicators for Healthcare Services Group, Inc.. More studies are available on the Technical Chart. Indicator Signal Closing Price above/below 50 Day Moving Average Bearish Closing Price above/below 200 Day ... Read more    
<b>(Read more...)</b>"
HCSG,HCSG:UW,BBG000BKZ806,Edited Transcript of HCSG earnings conference call or presentation 12-Oct-16 12:30pm GMT,2016-10-12 17:07:28 +0000,http://finance.yahoo.com/news/edited-transcript-hcsg-earnings-conference-170728008.html,Edited Transcript of HCSG earnings conference call or presentation 12-Oct-16 12:30pm GMT
HCSG,HCSG:UW,BBG000BKZ806,Edited Transcript of HCSG earnings conference call or presentation 12-Oct-16 12:30pm GMT,2016-10-12 17:07:28 +0000,http://finance.yahoo.com/news/edited-transcript-hcsg-earnings-conference-170728008.html?.tsrc=rss,Q3 2016 Healthcare Services Group Inc Earnings Call
HCSG,HCSG:UW,BBG000BKZ806,Humana Comments On Medicare Star Quality Ratings And Raises 2016 Profit View,2016-10-12 10:42:00 +0000,http://articlefeeds.nasdaq.com/~r/nasdaq/symbols/~3/mz_UoYCHl3s/humana-comments-on-medicare-star-quality-ratings-and-raises-2016-profit-view-20161012-00641,Humana Comments On Medicare Star Quality Ratings And Raises 2016 Profit View
HCSG,HCSG:UW,BBG000BKZ806,"Healthcare Services Group, Inc. Reports Results for the Three and Nine Months Ended September 30, 2016 & Increases Third Quarter 2016 Cash Dividend",2016-10-11 20:35:07 +0000,http://www.publicnow.com/view/79ED1D311FC6F2ED8340AAFF1E2E10357A47A0B0,"[at noodls] - October 11, 2016 BENSALEM, Pa., Oct. 11, 2016 (GLOBE NEWSWIRE) -- Healthcare Services Group, Inc. (NASDAQ:HCSG) reported that revenues for the three months ended September 30, 2016 increased approximately ..."
HCSG,HCSG:UW,BBG000BKZ806,Healthcare Services meets 3Q profit forecasts,2016-10-11 20:20:58 +0000,http://sg.finance.yahoo.com/news/healthcare-services-meets-3q-profit-202058311.html,Healthcare Services meets 3Q profit forecasts
HCSG,HCSG:UW,BBG000BKZ806,"HEALTHCARE SERVICES GROUP INC Files SEC form 8-K, Results of Operations and Financial Condition, Other Events, Financ",2016-10-11 20:16:31 +0000,http://biz.yahoo.com/e/161011/hcsg8-k.html,"HEALTHCARE SERVICES GROUP INC Files SEC form 8-K, Results of Operations and Financial Condition, Other Events, Financ"
HCSG,HCSG:UW,BBG000BKZ806,Healthcare Services Group Bottom Line Advances 15% In Q3,2016-10-11 16:22:00 +0000,http://articlefeeds.nasdaq.com/~r/nasdaq/symbols/~3/UVhtYKdkdbs/healthcare-services-group-bottom-line-advances-15-in-q3-20161011-00898,Healthcare Services Group Bottom Line Advances 15% In Q3
HCSG,HCSG:UW,BBG000BKZ806,"Healthcare Services Group, Inc. : HCSG-US: Dividend Analysis : August 19th, 2016 (record date) : By the numbers : October 10, 2016",2016-10-10 15:47:48 +0000,http://finance.yahoo.com/r/b23318d9-db17-3f18-8afa-05907d34e3bb/healthcare-services-group-inc-hcsg-us-dividend-analysis-august-19th-2016-record-date-by-the-numbers-october-10-2016?yptr=yahoo&.tsrc=rss,"Categories:   Yahoo Finance Get free summary analysis Our analysis is based on comparing Healthcare Services Group, Inc. with the following peers – ABM Industries Incorporated, Cintas Corporation, G&K Services, Inc., Class A, UniFirst Corporation, Aramark and Tailored Brands, Inc. (ABM-US, CTAS-US, GK-US, UNF-US, ARMK-US and TLRD-US). Healthcare Services Group, Inc.’s dividend yield is 1.84 percent and its dividend ... Read more    
<b>(Read more...)</b>"
HCSG,HCSG:UW,BBG000BKZ806,"Healthcare Services Group, Inc. : HCSG-US: Dividend Analysis : August 19th, 2016 (record date) : By the numbers : October 10, 2016",2016-10-10 15:47:48 +0000,http://www.capitalcube.com/blog/index.php/healthcare-services-group-inc-hcsg-us-dividend-analysis-august-19th-2016-record-date-by-the-numbers-october-10-2016/,"Healthcare Services Group, Inc. : HCSG-US: Dividend Analysis : August 19th, 2016 (record date) : By the numbers : October 10, 2016"
HCSG,HCSG:UW,BBG000BKZ806,"Noteworthy ETF Inflows: IJT, BLKB, MDSO, HCSG",2016-10-07 16:43:51 +0000,http://articlefeeds.nasdaq.com/~r/nasdaq/symbols/~3/eXNBaYiJ0zM/noteworthy-etf-inflows-ijt-blkb-mdso-hcsg-cm690390,Looking today at week over week shares outstanding changes among the universe of ETFs covered at ETF Channel one standout is the iShares S amp P Small Cap 600 Growth ETF Symbol IJT where we have detected an approximate 116 5 million dollar inflow that s a 3 4 increase week over week
HCSG,HCSG:UW,BBG000BKZ806,"Healthcare Services Group, Inc. breached its 50 day moving average in a Bearish Manner : HCSG-US : September 27, 2016",2016-09-27 12:31:07 +0000,http://www.capitalcube.com/blog/index.php/healthcare-services-group-inc-breached-its-50-day-moving-average-in-a-bearish-manner-hcsg-us-september-27-2016/,"Healthcare Services Group, Inc. breached its 50 day moving average in a Bearish Manner : HCSG-US : September 27, 2016"
HCSG,HCSG:UW,BBG000BKZ806,"Healthcare Services Group, Inc. breached its 50 day moving average in a Bearish Manner : HCSG-US : September 27, 2016",2016-09-27 12:31:07 +0000,http://finance.yahoo.com/r/93ad0bb3-0e7f-34ed-9e94-9cc938e70e98/healthcare-services-group-inc-breached-its-50-day-moving-average-in-a-bearish-manner-hcsg-us-september-27-2016?yptr=yahoo&.tsrc=rss,"Categories:   ETFs Yahoo Finance Click here to see latest analysis *Disclaimer : This is as of previous day’s closing price. Technical Indicators Below is a quick look at 5 technical indicators for Healthcare Services Group, Inc.. More studies are available on the Technical Chart. Indicator Signal Closing Price above/below 50 Day Moving Average Bearish Closing Price above/below 200 Day ... Read more    
<b>(Read more...)</b>"
HCSG,HCSG:UW,BBG000BKZ806,"22% Upside Seen In Healthcare Services Group, Baird Initiates At Outperform",2016-09-16 15:09:55 +0000,http://finance.yahoo.com/news/22-upside-seen-healthcare-services-150955881.html?.tsrc=rss,"Baird expects Healthcare Services Group, Inc. (NASDAQ: HCSG ) to gain from rapid demand for long-term and post-acute care backed by a strong management that tasted success in the past. Therefore, the stock ..."
HCSG,HCSG:UW,BBG000BKZ806,"22% Upside Seen In Healthcare Services Group, Baird Initiates At Outperform",2016-09-16 15:09:55 +0000,http://finance.yahoo.com/news/22-upside-seen-healthcare-services-150955881.html,"22% Upside Seen In Healthcare Services Group, Baird Initiates At Outperform"
HCSG,HCSG:UW,BBG000BKZ806,Coverage initiated on Healthcare Services Group by Robert W. Baird,2016-09-16 09:24:41 +0000,http://finance.yahoo.com/q/ud?s=HCSG,Coverage initiated on Healthcare Services Group by Robert W. Baird
HCSG,HCSG:UW,BBG000BKZ806,The Implied Analyst 12-Month Target For PRN,2016-09-13 13:47:33 +0000,http://articlefeeds.nasdaq.com/~r/nasdaq/symbols/~3/9GNrV0aRqyQ/the-implied-analyst-12-month-target-for-prn-cm678449,Looking at the underlying holdings of the ETFs in our coverage universe at ETF Channel we have compared the trading price of each holding against the average analyst 12 month forward target price and computed the weighted average implied analyst target price for the ETF itself For
HCSG,HCSG:UW,BBG000BKZ806,RSI Alert: Healthcare Services Group Now Oversold,2016-09-12 17:30:53 +0000,http://articlefeeds.nasdaq.com/~r/nasdaq/symbols/~3/efzzezPeY6A/rsi-alert-healthcare-services-group-now-oversold-cm678099,The DividendRank formula at Dividend Channel ranks a coverage universe of thousands of dividend stocks according to a proprietary formula designed to identify those stocks that combine two important characteristics strong fundamentals and a valuation that looks inexpensive
HCSG,HCSG:UW,BBG000BKZ806,"Healthcare Services Group, Inc. – Value Analysis (NASDAQ:HCSG) : September 9, 2016",2016-09-09 18:01:12 +0000,http://www.capitalcube.com/blog/index.php/healthcare-services-group-inc-value-analysis-nasdaqhcsg-september-9-2016/,"Healthcare Services Group, Inc. – Value Analysis (NASDAQ:HCSG) : September 9, 2016"
HCSG,HCSG:UW,BBG000BKZ806,"ETF’s with exposure to Healthcare Services Group, Inc. : September 8, 2016",2016-09-08 14:18:37 +0000,http://www.capitalcube.com/blog/index.php/etfs-with-exposure-to-healthcare-services-group-inc-september-8-2016/,"ETF’s with exposure to Healthcare Services Group, Inc. : September 8, 2016"
HCSG,HCSG:UW,BBG000BKZ806,"Healthcare Services Group, Inc. breached its 50 day moving average in a Bearish Manner : HCSG-US : September 8, 2016",2016-09-08 12:31:10 +0000,http://www.capitalcube.com/blog/index.php/healthcare-services-group-inc-breached-its-50-day-moving-average-in-a-bearish-manner-hcsg-us-september-8-2016/,"Healthcare Services Group, Inc. breached its 50 day moving average in a Bearish Manner : HCSG-US : September 8, 2016"
HCSG,HCSG:UW,BBG000BKZ806,"Analysts' Actions -- ConocoPhillips, Discover, DineEquity, Maxim and More",2016-09-07 12:05:00 +0000,http://finance.yahoo.com/news/analysts-actions-conocophillips-discover-dineequity-120500578.html,"Analysts' Actions -- ConocoPhillips, Discover, DineEquity, Maxim and More"
HCSG,HCSG:UW,BBG000BKZ806,"ETF’s with exposure to Healthcare Services Group, Inc. : August 25, 2016",2016-08-25 14:16:16 +0000,http://www.capitalcube.com/blog/index.php/etfs-with-exposure-to-healthcare-services-group-inc-august-25-2016/,"ETF’s with exposure to Healthcare Services Group, Inc. : August 25, 2016"
HCSG,HCSG:UW,BBG000BKZ806,"Healthcare Services Group, Inc. breached its 50 day moving average in a Bullish Manner : HCSG-US : August 24, 2016",2016-08-24 12:07:15 +0000,http://www.capitalcube.com/blog/index.php/healthcare-services-group-inc-breached-its-50-day-moving-average-in-a-bullish-manner-hcsg-us-august-24-2016/,"Healthcare Services Group, Inc. breached its 50 day moving average in a Bullish Manner : HCSG-US : August 24, 2016"
HCSG,HCSG:UW,BBG000BKZ806,"Healthcare Services Group, Inc. (HCSG) Ex-Dividend Date Scheduled for August 17, 2016",2016-08-16 13:21:03 +0000,http://articlefeeds.nasdaq.com/~r/nasdaq/symbols/~3/BgHKmT-I8hw/healthcare-services-group-inc-hcsg-ex-dividend-date-scheduled-for-august-17-2016-cm665759,"Healthcare Services Group, Inc. ( HCSG ) will begin trading ex dividend on August 17, 2016. A cash dividend payment of $0.18375 per share is scheduled to be paid on September 23, 2016. Shareholders who purchased HCSG prior to"
HCSG,HCSG:UW,BBG000BKZ806,New Strong Sell Stocks for August 11th,2016-08-11 15:56:04 +0000,http://articlefeeds.nasdaq.com/~r/nasdaq/symbols/~3/zTXEwDClAaU/new-strong-sell-stocks-for-august-11th-cm664108,"Here are 5 stocks added to the Zacks Rank #5 (Strong Sell) List today •     Twenty First Century Fox, Inc.FOXA is involved in creating and distributing media services. Its business portfolio consists of cable, broadcast, film, pay TV"
HCSG,HCSG:UW,BBG000BKZ806,New Strong Sell Stocks for August 11th,2016-08-11 13:11:01 +0000,http://finance.yahoo.com/news/strong-sell-stocks-august-11th-131101182.html,New Strong Sell Stocks for August 11th
HCSG,HCSG:UW,BBG000BKZ806,"HEALTHCARE SERVICES GROUP INC Files SEC form 10-Q, Quarterly Report",2016-07-22 20:46:37 +0000,http://biz.yahoo.com/e/160722/hcsg10-q.html,"HEALTHCARE SERVICES GROUP INC Files SEC form 10-Q, Quarterly Report"
HCSG,HCSG:UW,BBG000BKZ806,"Healthcare Services Group, Inc. :HCSG-US: Earnings Analysis: Q2, 2016 By the Numbers : July 21, 2016",2016-07-21 15:18:57 +0000,http://www.capitalcube.com/blog/index.php/healthcare-services-group-inc-hcsg-us-earnings-analysis-q2-2016-by-the-numbers-july-21-2016/,"Healthcare Services Group, Inc. :HCSG-US: Earnings Analysis: Q2, 2016 By the Numbers : July 21, 2016"
HCSG,HCSG:UW,BBG000BKZ806,Humana Lifts 2016 Profit View,2016-07-21 11:11:00 +0000,http://articlefeeds.nasdaq.com/~r/nasdaq/symbols/~3/o-q5gr-QfQw/humana-lifts-2016-profit-view-20160721-00916,Humana Lifts 2016 Profit View
HCSG,HCSG:UW,BBG000BKZ806,"Company News for July 14, 2016",2016-07-14 16:34:43 +0000,http://articlefeeds.nasdaq.com/~r/nasdaq/symbols/~3/2A68XUmrL6M/company-news-for-july-14-2016-cm649302,"• Valeant Pharmaceuticals International, Inc's ( VRX ) shares slumped 6.9% after its second biggest shareholder, Sequoia Fund exited the company • Shares of Teva Pharmaceutical Industries Limited ( TEVA ) rose 3.8% after forecasting second quarter adjusted earnings"
HCSG,HCSG:UW,BBG000BKZ806,"Company News for July 14, 2016",2016-07-14 14:10:02 +0000,http://finance.yahoo.com/news/company-news-july-14-2016-141002051.html,"Company News for July 14, 2016"
HCSG,HCSG:UW,BBG000BKZ806,Edited Transcript of HCSG earnings conference call or presentation 13-Jul-16 12:30pm GMT,2016-07-13 17:44:08 +0000,http://finance.yahoo.com/news/edited-transcript-hcsg-earnings-conference-174408786.html,Edited Transcript of HCSG earnings conference call or presentation 13-Jul-16 12:30pm GMT
HCSG,HCSG:UW,BBG000BKZ806,"HEALTHCARE SERVICES GROUP INC Files SEC form 8-K, Results of Operations and Financial Condition, Other Events, Financ",2016-07-12 21:00:46 +0000,http://biz.yahoo.com/e/160712/hcsg8-k.html,"HEALTHCARE SERVICES GROUP INC Files SEC form 8-K, Results of Operations and Financial Condition, Other Events, Financ"
HCSG,HCSG:UW,BBG000BKZ806,"Healthcare Services Group, Inc. Reports Results for the Three and Six Months Ended June 30, 2016 & Increases Second Quarter 2016 Cash Dividend",2016-07-12 20:43:02 +0000,http://www.publicnow.com/view/51B457CBFBA1660D9B01DAEE4C5354A6F43AD68B,"[at noodls] - July 12, 2016 BENSALEM, Pa., July 12, 2016 (GLOBE NEWSWIRE) -- Healthcare Services Group, Inc. (NASDAQ:HCSG) reported that revenues for the three months ended June 30, 2016 increased approximately 9% to ..."
HCSG,HCSG:UW,BBG000BKZ806,Healthcare Services misses Street 2Q forecasts,2016-07-12 20:18:50 +0000,http://sg.finance.yahoo.com/news/healthcare-services-misses-street-2q-201850668.html,Healthcare Services misses Street 2Q forecasts
HCSG,HCSG:UW,BBG000BKZ806,Healthcare Services Group Q2 Earnings Rise 15%,2016-07-12 16:16:00 +0000,http://articlefeeds.nasdaq.com/~r/nasdaq/symbols/~3/8xeymf0qf1w/healthcare-services-group-q2-earnings-rise-15-20160712-01133,Healthcare Services Group Q2 Earnings Rise 15%
HCSG,HCSG:UW,BBG000BKZ806,"ETF’s with exposure to Healthcare Services Group, Inc. : July 1, 2016",2016-07-01 22:17:16 +0000,http://www.capitalcube.com/blog/index.php/etfs-with-exposure-to-healthcare-services-group-inc-july-1-2016/,"ETF’s with exposure to Healthcare Services Group, Inc. : July 1, 2016"
HCSG,HCSG:UW,BBG000BKZ806,Here's One Little-Known Stock That Won't Get Burned by Brexit,2016-06-29 15:40:00 +0000,https://www.thestreet.com/story/13624378/1/here-s-one-little-known-stock-that-won-t-get-burned-by-brexit.html?puc=yahoo&cm_ven=YAHOO,Here's One Little-Known Stock That Won't Get Burned by Brexit
HCSG,HCSG:UW,BBG000BKZ806,"Healthcare Services Group, Inc. :HCSG-US: Earnings Analysis: Q1, 2016 By the Numbers : June 28, 2016",2016-06-28 16:40:51 +0000,http://www.capitalcube.com/blog/index.php/healthcare-services-group-inc-hcsg-us-earnings-analysis-q1-2016-by-the-numbers-june-28-2016/,"Healthcare Services Group, Inc. :HCSG-US: Earnings Analysis: Q1, 2016 By the Numbers : June 28, 2016"
HCSG,HCSG:UW,BBG000BKZ806,"HEALTHCARE SERVICES GROUP INC Files SEC form 8-K, Submission of Matters to a Vote of Security Holders",2016-05-31 21:28:59 +0000,http://biz.yahoo.com/e/160531/hcsg8-k.html,"HEALTHCARE SERVICES GROUP INC Files SEC form 8-K, Submission of Matters to a Vote of Security Holders"
HCSG,HCSG:UW,BBG000BKZ806,"Healthcare Services Group, Inc. (HCSG) Ex-Dividend Date Scheduled for May 18, 2016",2016-05-17 13:24:14 +0000,http://articlefeeds.nasdaq.com/~r/nasdaq/symbols/~3/7FxbOAB0jNk/healthcare-services-group-inc-hcsg-ex-dividend-date-scheduled-for-may-18-2016-cm622037,"Healthcare Services Group, Inc. ( HCSG ) will begin trading ex dividend on May 18, 2016. A cash dividend payment of $0.1825 per share is scheduled to be paid on June 24, 2016. Shareholders who purchased HCSG prior to"
HCSG,HCSG:UW,BBG000BKZ806,"Ex-Dividend Reminder: Timken, HNIC and Healthcare Services Group",2016-05-16 15:47:54 +0000,http://articlefeeds.nasdaq.com/~r/nasdaq/symbols/~3/84eGpSphAzA/ex-dividend-reminder-timken-hnic-and-healthcare-services-group-cm621541,"Looking at the universe of stocks we cover at Dividend Channel , on 5 18 16, Timken Co. (Symbol TKR), HNI Corp (Symbol HNI), and Healthcare Services Group, Inc. (Symbol HCSG) will all trade ex dividend for their respective"
HCSG,HCSG:UW,BBG000BKZ806,"Healthcare Services Group, Inc. :HCSG-US: Earnings Analysis: Q1, 2016 By the Numbers",2016-04-21 15:35:41 +0000,http://www.capitalcube.com/blog/index.php/healthcare-services-group-inc-hcsg-us-earnings-analysis-q1-2016-by-the-numbers/,"Healthcare Services Group, Inc. :HCSG-US: Earnings Analysis: Q1, 2016 By the Numbers"
HCSG,HCSG:UW,BBG000BKZ806,"Company News for April 14, 2016",2016-04-14 16:30:08 +0000,http://articlefeeds.nasdaq.com/~r/nasdaq/symbols/~3/oHWLcX6lvjg/company-news-for-april-14-2016-cm606400,"• Restoration Hardware Holdings, Inc's ( RH ) shares jumped 4.9% after the company agreed to acquire Waterworks for $117 million • Shares of ADTRAN, Inc. ( ADTN ) surged 4% after reporting first quarter earnings of $0.11 per"
HCSG,HCSG:UW,BBG000BKZ806,"Company News for April 14, 2016",2016-04-14 14:10:02 +0000,http://finance.yahoo.com/news/company-news-april-14-2016-141002472.html,"Company News for April 14, 2016"
HCSG,HCSG:UW,BBG000BKZ806,"Healthcare Services Q1 Earnings in Line, Dividend Raised",2016-04-13 16:07:19 +0000,http://articlefeeds.nasdaq.com/~r/nasdaq/symbols/~3/_no_Av-x7H8/healthcare-services-q1-earnings-in-line-dividend-raised-cm605792,"Healthcare Services Group, Inc . HCSG reported first quarter 2016 net income of 26 cents per share, in line with the Zacks Consensus Estimate. Earnings increased 18% year on year. The bottom line growth was driven by an increase"
HCSG,HCSG:UW,BBG000BKZ806,Edited Transcript of HCSG earnings conference call or presentation 13-Apr-16 12:30pm GMT,2016-04-13 15:42:17 +0000,http://finance.yahoo.com/news/edited-transcript-hcsg-earnings-conference-154217033.html,Edited Transcript of HCSG earnings conference call or presentation 13-Apr-16 12:30pm GMT
HCSG,HCSG:UW,BBG000BKZ806,"Healthcare Services Q1 Earnings in Line, Dividend Raised",2016-04-13 14:00:02 +0000,http://finance.yahoo.com/news/healthcare-services-q1-earnings-line-140002786.html,"Healthcare Services Q1 Earnings in Line, Dividend Raised"
HCSG,HCSG:UW,BBG000BKZ806,"Healthcare Services Group, Inc. Reports Results for the Three Months Ended March 31, 2016 & Increases First Quarter 2016 Cash Dividend",2016-04-12 20:46:13 +0000,http://www.publicnow.com/view/08E670BF16B29BFFDF884606D6A2A50A7181E7D1,"[at noodls] - April 12, 2016 BENSALEM, Pa., April 12, 2016 (GLOBE NEWSWIRE) -- Healthcare Services Group, Inc. (NASDAQ:HCSG) reported that revenues for the three months ended March 31, 2016 increased approximately 8% ..."
HCSG,HCSG:UW,BBG000BKZ806,Healthcare Services meets 1Q profit forecasts,2016-04-12 20:24:11 +0000,http://sg.finance.yahoo.com/news/healthcare-services-meets-1q-profit-202411060.html,Healthcare Services meets 1Q profit forecasts
HCSG,HCSG:UW,BBG000BKZ806,Pro: Election outcome won't matter to markets,2016-03-17 19:52:00 +0000,http://finance.yahoo.com/video/pro-election-outcome-wont-matter-195200667.html,Pro: Election outcome won't matter to markets
HCSG,HCSG:UW,BBG000BKZ806,"Price Data and Timing Reveal Opportunities -- Comprehensive Research on Wolverine World Wide, Ritchie Bros. Auctioneers, Childrens Place, and Healthcare Services Group",2016-03-04 13:15:00 +0000,http://finance.yahoo.com/news/price-data-timing-reveal-opportunities-131500600.html,"[Accesswire] - NEW YORK, NY / ACCESSWIRE / March 4, 2016 / Moments ago, Trader's Choice released new research updates concerning several important developing situations including the following equities: Wolverine World ..."
HCSG,HCSG:UW,BBG000BKZ806,"Ex-Dividend Reminder: Healthcare Services Group, United Technologies Corp and AVX",2016-02-16 17:52:07 +0000,http://articlefeeds.nasdaq.com/~r/nasdaq/symbols/~3/XUE7OG0D6E8/ex-dividend-reminder-healthcare-services-group-united-technologies-corp-and-avx-cm580318,"Looking at the universe of stocks we cover at Dividend Channel , on 2 17 16, Healthcare Services Group, Inc. (Symbol HCSG), United Technologies Corp (Symbol UTX), and AVX Corp. (Symbol AVX) will all trade ex dividend for their"
HCSG,HCSG:UW,BBG000BKZ806,"Healthcare Services Group, Inc. (HCSG) Ex-Dividend Date Scheduled for February 17, 2016",2016-02-16 14:24:42 +0000,http://articlefeeds.nasdaq.com/~r/nasdaq/symbols/~3/2geoW7flndQ/healthcare-services-group-inc-hcsg-ex-dividend-date-scheduled-for-february-17-2016-cm580048,"Healthcare Services Group, Inc. ( HCSG ) will begin trading ex dividend on February 17, 2016. A cash dividend payment of $0.18125 per share is scheduled to be paid on March 25, 2016. Shareholders who purchased HCSG prior to"
HCSG,HCSG:UW,BBG000BKZ806,HCSG Crosses Below Key Moving Average Level,2016-02-03 18:14:33 +0000,http://articlefeeds.nasdaq.com/~r/nasdaq/symbols/~3/MDpwR4bLMYc/hcsg-crosses-below-key-moving-average-level-cm574268,"In trading on Wednesday, shares of Healthcare Services Group, Inc. (Symbol HCSG) crossed below their 200 day moving average of $34.04, changing hands as low as $31.50 per share. Healthcare Services Group, Inc. shares are currently trading off about"
HCSG,HCSG:UW,BBG000BKZ806,Healthcare Services misses 4Q profit forecasts,2016-02-02 22:25:59 +0000,http://sg.finance.yahoo.com/news/healthcare-services-misses-4q-profit-222559107.html,Healthcare Services misses 4Q profit forecasts
HCSG,HCSG:UW,BBG000BKZ806,"Healthcare Services Group, Inc. Increases Fourth Quarter Cash Dividend, Provides Update on 2015 Results and 2016 Revenue Growth",2016-01-26 21:54:13 +0000,http://www.publicnow.com/view/E0579DB64B56743CB9D60204EE67A300725132F4,"[at noodls] - January 26, 2016 , (GLOBE NEWSWIRE) -- (NASDAQ:HCSG) Board of Directors has declared a quarterly cash dividend of per common share, payable on to shareholders of record at the close of business on . This ..."
HCSG,HCSG:UW,BBG000BKZ806,Healthcare Services Group Breaks Below 200-Day Moving Average - Notable for HCSG,2016-01-07 18:18:23 +0000,http://articlefeeds.nasdaq.com/~r/nasdaq/symbols/~3/Hgn50DEBuI4/healthcare-services-group-breaks-below-200-day-moving-average-notable-for-hcsg-cm562547,"In trading on Thursday, shares of Healthcare Services Group, Inc. (Symbol HCSG) crossed below their 200 day moving average of $33.87, changing hands as low as $33.82 per share. Healthcare Services Group, Inc. shares are currently trading down about"
HCSG,HCSG:UW,BBG000BKZ806,RSI Alert: Healthcare Services Group (HCSG) Now Oversold,2015-12-18 23:15:26 +0000,http://articlefeeds.nasdaq.com/~r/nasdaq/symbols/~3/aDA76Xm9iQI/rsi-alert-healthcare-services-group-hcsg-now-oversold-cm556682,"Legendary investor Warren Buffett advises to be fearful when others are greedy, and be greedy when others are fearful. One way we can try to measure the level of fear in a given stock is through a technical analysis"
HCSG,HCSG:UW,BBG000BKZ806,"Healthcare Services Group, Inc. (HCSG) Ex-Dividend Date Scheduled for November 18, 2015",2015-11-17 14:37:22 +0000,http://articlefeeds.nasdaq.com/~r/nasdaq/symbols/~3/UcK5xGWX1DQ/healthcare-services-group-inc-hcsg-ex-dividend-date-scheduled-for-november-18-2015-cm543894,"Healthcare Services Group, Inc. ( HCSG ) will begin trading ex dividend on November 18, 2015. A cash dividend payment of $0.18 per share is scheduled to be paid on December 18, 2015. Shareholders who purchased HCSG prior to"
HCSG,HCSG:UW,BBG000BKZ806,Healthcare Services Group (HCSG) Passes Through 2% Yield Mark,2015-11-03 22:12:52 +0000,http://articlefeeds.nasdaq.com/~r/nasdaq/symbols/~3/jypgJw2w3nw/healthcare-services-group-hcsg-passes-through-2-yield-mark-cm538451,"Looking at the universe of stocks we cover at Dividend Channel , in trading on Tuesday, shares of Healthcare Services Group, Inc. (Symbol HCSG) were yielding above the 2% mark based on its quarterly dividend (annualized to $0.72), with"
HCSG,HCSG:UW,BBG000BKZ806,"Healthcare Services Posts In Line Q3 Earnings, Ups Dividend",2015-10-14 15:45:51 +0000,http://articlefeeds.nasdaq.com/~r/nasdaq/symbols/~3/khTnfyMhUbY/healthcare-services-posts-in-line-q3-earnings-ups-dividend-cm530431,"Healthcare Services Group, Inc . HCSG reported third quarter 2015 net income of 24 cents per share, in line with the Zacks Consensus Estimate. Earnings rebounded from the year ago loss of 31 cents per share. The bottom line"
HCSG,HCSG:UW,BBG000BKZ806,"Healthcare Services Group, Inc. Reports Results for the Three and Nine Months Ended September 30, 2015 and Increases Third Quarter 2015 Cash Dividend",2015-10-13 20:28:11 +0000,http://www.noodls.com/view/9F29996DC34B371EC973A6C3659D8814891DB391,"[at noodls] - Healthcare Services Group, Inc. Reports Results for the Three and Nine Months Ended September 30, 2015 and Increases Third Quarter 2015 Cash Dividend"
HCSG,HCSG:UW,BBG000BKZ806,Healthcare Services meets 3Q profit forecasts,2015-10-13 20:27:34 +0000,http://sg.finance.yahoo.com/news/healthcare-services-meets-3q-profit-202734177.html,Healthcare Services meets 3Q profit forecasts
HCSG,HCSG:UW,BBG000BKZ806,"Healthcare Services Group, Inc. (HCSG) Ex-Dividend Date Scheduled for August 19, 2015",2015-08-18 13:20:17 +0000,http://articlefeeds.nasdaq.com/~r/nasdaq/symbols/~3/uizGkeiNAM4/healthcare-services-group-inc-hcsg-ex-dividend-date-scheduled-for-august-19-2015-cm510101,"Healthcare Services Group, Inc. ( HCSG ) will begin trading ex dividend on August 19, 2015. A cash dividend payment of $0.17875 per share is scheduled to be paid on September 25, 2015. Shareholders who purchased HCSG prior to"
HCSG,HCSG:UW,BBG000BKZ806,Healthcare Services misses 1Q profit forecasts,2015-04-14 20:25:06 +0000,http://sg.finance.yahoo.com/news/healthcare-services-misses-1q-profit-202506962.html,Healthcare Services misses 1Q profit forecasts
HCSG,HCSG:UW,BBG000BKZ806,Healthcare Services meets 4Q profit forecasts,2015-02-03 22:24:53 +0000,http://sg.finance.yahoo.com/news/healthcare-services-meets-4q-profit-222453612.html,Healthcare Services meets 4Q profit forecasts
HCSG,HCSG:UW,BBG000BKZ806,Healthcare Services reports 3Q loss,2014-10-14 21:21:48 +0000,http://sg.finance.yahoo.com/news/healthcare-services-reports-3q-loss-212148299--finance.html,Healthcare Services reports 3Q loss
