RESULT_COUNT: 196,PAGE_SIZE: 10000,CURRENT_PAGE: 1,TOTAL_PAGES: 1,API_CALL_CREDITS: 1
TICKER,FIGI_TICKER,FIGI,TITLE,PUBLICATION_DATE,URL,SUMMARY
ICLR,ICLR:UW,BBG000CTV9K6,Top-Rated Stocks Near Buy Point With Earnings Due: ICON,2017-10-20 16:06:48 +0000,http://articlefeeds.nasdaq.com/~r/nasdaq/symbols/~3/bFPxbRn58ws/top-rated-stocks-near-buy-point-with-earnings-due-icon-cm862730,With its next earnings report scheduled for around Oct 26 ICON ICLR is trading about 3 under a 117 63 buy point The current formation is a second stage flat base ibd display video id 2385970 width 50 float left autostart true Understand that buying a
ICLR,ICLR:UW,BBG000CTV9K6,See what the IHS Markit Score report has to say about ICON PLC.,2017-10-19 12:03:37 +0000,https://finance.yahoo.com/news/see-ihs-markit-score-report-120337436.html?.tsrc=rss,ICON PLC NASDAQ/NGS:ICLR
ICLR,ICLR:UW,BBG000CTV9K6,See what the IHS Markit Score report has to say about ICON PLC.,2017-10-18 12:03:17 +0000,https://finance.yahoo.com/news/see-ihs-markit-score-report-120317723.html?.tsrc=rss,ICON PLC NASDAQ/NGS:ICLR
ICLR,ICLR:UW,BBG000CTV9K6,See what the IHS Markit Score report has to say about ICON PLC.,2017-10-16 13:42:32 +0000,https://finance.yahoo.com/news/see-ihs-markit-score-report-134232413.html?.tsrc=rss,ICON PLC NASDAQ/NGS:ICLR
ICLR,ICLR:UW,BBG000CTV9K6,Highly Rated ICON Near Buy Zone With Earnings Due,2017-10-13 15:13:41 +0000,http://articlefeeds.nasdaq.com/~r/nasdaq/symbols/~3/wxBOA1RZdpA/highly-rated-icon-near-buy-zone-with-earnings-due-cm859429,If you re looking for stocks that are setting up in a base ahead of their next quarterly report here s on that fits the bill ICON ICLR It s expected to release its latest numbers on or around Oct 26 and is trading about 0 below a 117 63 buy point The
ICLR,ICLR:UW,BBG000CTV9K6,No. 1-Ranked Medical Stock Tests Buy Zone Ahead Of Earnings,2017-10-11 16:13:51 +0000,http://articlefeeds.nasdaq.com/~r/nasdaq/symbols/~3/gO3x3q2TLIA/no-1-ranked-medical-stock-tests-buy-zone-ahead-of-earnings-cm858201,To build your earnings season watch list look for stocks in or near a potential buy range ahead of their next quarterly report One company that fits that bill is PRA Health Sciences PRAH It s expected to report on Oct 25 The stock is approximately 1 above an 81 09
ICLR,ICLR:UW,BBG000CTV9K6,Icon Reaches Analyst Target Price,2017-10-11 14:12:28 +0000,http://articlefeeds.nasdaq.com/~r/nasdaq/symbols/~3/GAHOiA8GMfk/icon-reaches-analyst-target-price-cm857972,In recent trading shares of Icon plc Symbol ICLR have crossed above the average analyst 12 month target price of 114 00 changing hands for 114 01 share When a stock reaches the target an analyst has set the analyst logically has two ways to react downgrade on valuation or re
ICLR,ICLR:UW,BBG000CTV9K6,Stocks To Watch Ahead Of Earnings: PRA Health Sciences,2017-10-11 07:00:00 +0000,http://finance.yahoo.com/r/accea437-b771-392c-88d5-b44567595826/stocks-to-watch-ahead-of-earnings-pra-health-sciences?src=A00220&yptr=yahoo&.tsrc=rss,"To build your earnings season watch list, look for stocks in or near a potential buy range ahead of their next quarterly report. One company that fits that bill is PRA Health Sciences[ticker symb=PRAH]. It&apos;s expected to report on Oct. 25. The stock is approximately 1% above an 81.09 buy point from a third-stage flat base. Keep in mind that..."
ICLR,ICLR:UW,BBG000CTV9K6,See what the IHS Markit Score report has to say about ICON PLC.,2017-10-09 12:01:43 +0000,https://finance.yahoo.com/news/see-ihs-markit-score-report-120143407.html?.tsrc=rss,"The last change in the short interest score occurred more than 1 month ago and implies that there has been little change in sentiment among investors who seek to profit from falling equity prices.  Index (PMI) data, output in the Healthcare sector is rising."
ICLR,ICLR:UW,BBG000CTV9K6,See what the IHS Markit Score report has to say about ICON PLC.,2017-10-06 12:01:38 +0000,https://finance.yahoo.com/news/see-ihs-markit-score-report-120138209.html?.tsrc=rss,ICON PLC NASDAQ/NGS:ICLR
ICLR,ICLR:UW,BBG000CTV9K6,ICON Announces Appointment of Mr. Eugene McCague to Board of Directors,2017-10-04 10:00:00 +0000,https://finance.yahoo.com/news/icon-announces-appointment-mr-eugene-100000527.html?.tsrc=rss,"ICON plc, global provider of drug development solutions and services to the pharmaceutical, biotechnology and medical device industries, today announced the appointment of Mr."
ICLR,ICLR:UW,BBG000CTV9K6,Bio-Techne Shows Rising Relative Strength; Still Shy Of Key Benchmark,2017-10-03 14:50:47 +0000,http://articlefeeds.nasdaq.com/~r/nasdaq/symbols/~3/fy5-5U1OcJo/bio-techne-shows-rising-relative-strength-still-shy-of-key-benchmark-cm854542,On Tuesday Bio Techne TECH got a positive adjustment to its Relative Strength RS Rating from 68 to 71 ibd display video id 449433 width 50 float left autostart true IBD s proprietary RS Rating measures technical performance by using a 1 worst to 99
ICLR,ICLR:UW,BBG000CTV9K6,"PRA Health Sciences Clears Key Benchmark, Hitting 80-Plus RS Rating",2017-09-28 14:46:17 +0000,http://articlefeeds.nasdaq.com/~r/nasdaq/symbols/~3/g1CS1bKMZKg/pra-health-sciences-clears-key-benchmark-hitting-80-plus-rs-rating-cm852551,On Thursday PRA Health Sciences PRAH hit an important technical milestone seeing its Relative Strength RS Rating jump into the 80 plus percentile with an improvement to 83 up from 80 the day before ibd display video id 449433 width 50 float
ICLR,ICLR:UW,BBG000CTV9K6,4 Momentum Stocks to Pick Despite MedTech Policy Debacle,2017-09-15 17:37:44 +0000,http://articlefeeds.nasdaq.com/~r/nasdaq/symbols/~3/UMBS40bKevU/4-momentum-stocks-to-pick-despite-medtech-policy-debacle-cm846419,The scuffle over the Affordable Care Act ACA or Obamacare continues with Republicans gearing up for a last ditch effort This latest GOP face saver arrived last week from a motley group of GOP Senators consisting of Lindsey Graham of South Carolina Bill Cassidy of Louisiana Dean Heller
ICLR,ICLR:UW,BBG000CTV9K6,4 Momentum Stocks to Pick Despite MedTech Policy Debacle,2017-09-15 15:05:03 +0000,https://finance.yahoo.com/news/4-momentum-stocks-pick-despite-150503535.html?.tsrc=rss,Investors might pay heed to Zacks counsel and hitch the momentum ride to tide over the Obamacare debacle.
ICLR,ICLR:UW,BBG000CTV9K6,See what the IHS Markit Score report has to say about ICON PLC.,2017-09-15 12:02:33 +0000,https://finance.yahoo.com/news/see-ihs-markit-score-report-120233503.html?.tsrc=rss,"The last change in the short interest score occurred more than 1 month ago and implies that there has been little change in sentiment among investors who seek to profit from falling equity prices.  Index (PMI) data, output in the Healthcare sector is rising."
ICLR,ICLR:UW,BBG000CTV9K6,ICLR Crosses Above Average Analyst Target,2017-09-07 14:51:16 +0000,http://articlefeeds.nasdaq.com/~r/nasdaq/symbols/~3/Ovpb-m5ZgYs/iclr-crosses-above-average-analyst-target-cm842175,In recent trading shares of Icon plc Symbol ICLR have crossed above the average analyst 12 month target price of 112 25 changing hands for 113 58 share When a stock reaches the target an analyst has set the analyst logically has two ways to react downgrade on valuation or re
ICLR,ICLR:UW,BBG000CTV9K6,4 Large-Cap Medical Device Stocks to Buy Amid Political Woes,2017-09-04 15:48:50 +0000,http://articlefeeds.nasdaq.com/~r/nasdaq/symbols/~3/M36kmyy7TPQ/4-large-cap-medical-device-stocks-to-buy-amid-political-woes-cm840768,After Trump s failed efforts to repeal and replace Obamacare Trump introduced the skinny repeal that calls for doing away with parts of Affordable Care Act ACA or Obamacare like individual mandate employer mandate and Cadillac taxes Last month the Republicans lost the debate
ICLR,ICLR:UW,BBG000CTV9K6,4 Large-Cap Medical Device Stocks to Buy Amid Political Woes,2017-09-04 14:02:02 +0000,https://finance.yahoo.com/news/4-large-cap-medical-device-140202659.html?.tsrc=rss,Investors facing political doldrums can safely place their bets on the Medical Device space on four large-cap medical device stocks that are poised for impressive returns over the next five years.
ICLR,ICLR:UW,BBG000CTV9K6,"ETFs with exposure to ICON plc : August 23, 2017",2017-08-23 20:27:43 +0000,http://finance.yahoo.com/r/ed0b1110-df73-3064-923f-f8c13b59a724/etfs-with-exposure-to-icon-plc-august-23-2017?yptr=yahoo&.tsrc=rss,"Categories:  ETFs Yahoo FinanceClick here to see latest analysis ETFs with exposure to ICON plc Here are 5 ETFs with the largest exposure to ICLR-US. Comparing the performance and risk of ICON plc with the ETFs that have exposure to it gives us some ETF choices that could give us similar returns with lower volatility. Ticker Fund Name ... Read more
<b>(Read more...)</b>"
ICLR,ICLR:UW,BBG000CTV9K6,See what the IHS Markit Score report has to say about ICON PLC.,2017-08-23 12:02:43 +0000,https://finance.yahoo.com/news/see-ihs-markit-score-report-120243350.html?.tsrc=rss,"The last change in the short interest score occurred more than 1 month ago and implies that there has been little change in sentiment among investors who seek to profit from falling equity prices.  Index (PMI) data, output in the Healthcare sector is rising."
ICLR,ICLR:UW,BBG000CTV9K6,See what the IHS Markit Score report has to say about ICON PLC.,2017-08-14 12:03:39 +0000,https://finance.yahoo.com/news/see-ihs-markit-score-report-120339590.html?.tsrc=rss,"The last change in the short interest score occurred more than 1 month ago and implies that there has been little change in sentiment among investors who seek to profit from falling equity prices.  Index (PMI) data, output in the Healthcare sector is rising."
ICLR,ICLR:UW,BBG000CTV9K6,Edited Transcript of ICLR earnings conference call or presentation 27-Jul-17 1:00pm GMT,2017-08-13 13:40:50 +0000,https://finance.yahoo.com/news/edited-transcript-iclr-earnings-conference-202740726.html?.tsrc=rss,Q2 2017 ICON PLC Earnings Call
ICLR,ICLR:UW,BBG000CTV9K6,See what the IHS Markit Score report has to say about ICON PLC.,2017-08-12 12:02:53 +0000,https://finance.yahoo.com/news/see-ihs-markit-score-report-120253053.html?.tsrc=rss,"The last change in the short interest score occurred more than 1 month ago and implies that there has been little change in sentiment among investors who seek to profit from falling equity prices.  Index (PMI) data, output in the Healthcare sector is rising."
ICLR,ICLR:UW,BBG000CTV9K6,See what the IHS Markit Score report has to say about ICON PLC.,2017-08-11 12:04:27 +0000,https://finance.yahoo.com/news/see-ihs-markit-score-report-120427926.html?.tsrc=rss,"The last change in the short interest score occurred more than 1 month ago and implies that there has been little change in sentiment among investors who seek to profit from falling equity prices.  Index (PMI) data, output in the Healthcare sector is rising."
ICLR,ICLR:UW,BBG000CTV9K6,"ICON plc :ICLR-US: Earnings Analysis: Q2, 2017 By the Numbers : August 10, 2017",2017-08-10 16:25:38 +0000,http://finance.yahoo.com/r/026642b5-163f-30d1-be80-9fc09c96799e/icon-plc-iclr-us-earnings-analysis-q2-2017-by-the-numbers-august-10-2017?yptr=yahoo&.tsrc=rss,"Categories:  Yahoo FinanceGet free summary analysis ICON plc reports financial results for the quarter ended June 30, 2017. We analyze the earnings along side the following peers of ICON plc – Quintiles IMS Holdings, Inc. and Medidata Solutions, Inc. (Q-US and MDSO-US) that have also reported for this period. Highlights Summary numbers: Revenues of USD 431.02 million, ... Read more
<b>(Read more...)</b>"
ICLR,ICLR:UW,BBG000CTV9K6,ICLR Crosses Above Average Analyst Target,2017-08-02 14:54:33 +0000,http://articlefeeds.nasdaq.com/~r/nasdaq/symbols/~3/_ybYKUOOVwQ/iclr-crosses-above-average-analyst-target-cm825654,In recent trading shares of Icon plc Symbol ICLR have crossed above the average analyst 12 month target price of 105 00 changing hands for 106 09 share When a stock reaches the target an analyst has set the analyst logically has two ways to react downgrade on valuation or re
ICLR,ICLR:UW,BBG000CTV9K6,Corporate News Blog - LabCorp to Buy Chiltern for $1.2 Billion in Cash; Advancing Its Leadership in Drug Development,2017-08-02 11:00:00 +0000,https://finance.yahoo.com/news/corporate-news-blog-labcorp-buy-110000936.html?.tsrc=rss,"Research Desk Line-up: ICON PLC Post Earnings Coverage LONDON, UK / ACCESSWIRE / August 2, 2017 / Pro-Trader Daily takes a look at the latest corporate events and news making the headlines for Laboratory ..."
ICLR,ICLR:UW,BBG000CTV9K6,LabCorp just signed a billion-dollar deal for a healthcare company you've probably never heard of,2017-07-31 13:29:00 +0000,https://finance.yahoo.com/news/lab-testing-company-just-inked-132900732.html?.tsrc=rss,Lab-testing giant LabCorp has picked up contract-research organization Chiltern for $1.2...
ICLR,ICLR:UW,BBG000CTV9K6,ICON Public Limited (ICLR) Rises: Stock Adds 6.3% in Session,2017-07-28 14:03:26 +0000,http://articlefeeds.nasdaq.com/~r/nasdaq/symbols/~3/C3loZ3MmeyM/icon-public-limited-iclr-rises-stock-adds-63-in-session-cm823199,ICON Public Limited Company ICLR was a big mover last session as the company saw its shares rise over 6 on the day The move came after the company announced better than expected second quarter 2017 results This also led to far more shares changing hands than in a normal session This
ICLR,ICLR:UW,BBG000CTV9K6,ICON Public Limited (ICLR) Rises: Stock Adds 6.3% in Session,2017-07-28 12:30:12 +0000,https://finance.yahoo.com/news/icon-public-limited-iclr-rises-123012453.html?.tsrc=rss,ICON Public Limited Company (ICLR) shares rose over 6% in the last trading session.
ICLR,ICLR:UW,BBG000CTV9K6,Icon PLC tops Street 2Q forecasts,2017-07-28 02:33:10 +0000,https://finance.yahoo.com/news/icon-plc-tops-street-2q-101631874.html?.tsrc=rss,"On a per-share basis, the Dublin-based company said it had net income of $1.19. Earnings, adjusted for restructuring costs, came to $1.31 per share. The results topped Wall Street expectations. The average ..."
ICLR,ICLR:UW,BBG000CTV9K6,ICON Acquires Mapi Group,2017-07-27 10:05:00 +0000,https://finance.yahoo.com/news/icon-acquires-mapi-group-100500095.html?.tsrc=rss,"ICON plc, a global provider of drug development solutions and services to the pharmaceutical, biotechnology and medical device industries, today announced that it has acquired the Mapi Group, a leading Patient-Centered Health Outcomes Research and Commercialisation company."
ICLR,ICLR:UW,BBG000CTV9K6,ICON Reports Second Quarter 2017 Results,2017-07-27 10:00:00 +0000,https://finance.yahoo.com/news/icon-reports-second-quarter-2017-100000732.html?.tsrc=rss,"ICON plc , a global provider of drug development solutions and services to the pharmaceutical, biotechnology and medical device industries, today reported its financial results for the second quarter ended June 30, 2017."
ICLR,ICLR:UW,BBG000CTV9K6,ICON Shareholders Vote in Favour of All Resolutions at its Annual General Meeting,2017-07-26 10:00:00 +0000,https://finance.yahoo.com/news/icon-shareholders-vote-favour-resolutions-100000742.html?.tsrc=rss,"ICON plc , a global provider of drug development solutions and services to the pharmaceutical, biotechnology and medical device industries, today announced that all resolutions at the Annual General Meeting of the Company held on July 25, 2017 were all duly passed by shareholders."
ICLR,ICLR:UW,BBG000CTV9K6,Wall Street is making huge bets on healthcare companies you've never heard of,2017-07-20 23:07:00 +0000,https://finance.yahoo.com/news/wall-street-making-huge-bets-164040539.html?.tsrc=rss,Wall Street is interested in the companies that help drugmakers research and develop drugs. These...
ICLR,ICLR:UW,BBG000CTV9K6,"Legato Capital Management LLC Buys ASX, Nomad Foods, Pinnacle Financial Partners Inc, Sells ...",2017-07-20 19:02:45 +0000,http://articlefeeds.nasdaq.com/~r/nasdaq/symbols/~3/uf6V1trM2eg/legato-capital-management-llc-buys-asx-nomad-foods-pinnacle-financial-partners-inc-sells-cm818899,Legato Capital Management LLC New Purchases ASXFY NOMD RST SHEN BMTC AERI DBD RMAX FSV ASIX Added Positions PNFP CAE BGS ICLR STE OTEX BECN CBM ENSG PRXL Reduced Positions PAC HDB BAP Sold Out SMCI UNFI VIVO New
ICLR,ICLR:UW,BBG000CTV9K6,"Icon Leads The Pack In ROIC, Looks Like Good Value",2017-07-10 18:26:00 +0000,http://finance.yahoo.com/r/f70688e2-9223-36f7-8ca1-ce6c4dff2957/icon-leads-the-pack-in-roic-looks-like-good-value?utm_source=yahoo&utm_medium=partner&utm_campaign=yahootix&partner=yahootix&yptr=yahoo&.tsrc=rss,"Among public companies in this industry, this one earns our very attractive rating and leads the group in return on invested capital (ROIC), the key driver of shareholder value."
ICLR,ICLR:UW,BBG000CTV9K6,ICON Shares Added To Goldman's 'Conviction Buy' List,2017-07-07 13:21:03 +0000,https://finance.yahoo.com/news/icon-shares-added-goldmans-conviction-132103804.html?.tsrc=rss,Goldman Sachs analyst Robert Jones continues to see Icon PLC (NASDAQ: ICLR ) shares undervalued as he added the pharmaceutical company to America’s Conviction List. Jones has a Buy rating on the stock ...
ICLR,ICLR:UW,BBG000CTV9K6,ICON wins eLearning and Animation Awards for its FIRECREST Digital Solutions,2017-07-06 09:00:00 +0000,https://finance.yahoo.com/news/icon-wins-elearning-animation-awards-090000110.html?.tsrc=rss,"ICON plc, a global provider of drug development solutions and services to the pharmaceutical, biotechnology and medical device industries, today announced that its FIRECREST solutions have won gold and silver awards for eLearning and digital animation."
ICLR,ICLR:UW,BBG000CTV9K6,"Jefferies Highlights A Pair Trade In Pharma: Buy ICON, Hold Tight On INC Research",2017-06-29 18:46:30 +0000,https://finance.yahoo.com/news/jefferies-highlights-pair-trade-pharma-184630405.html?.tsrc=rss,"Jefferies said in a note on Thursday that it's focused on two opposing themes in pharma services, namely slowing outsourcing and revenue growth and consolidation, with the former increasing the need for ..."
ICLR,ICLR:UW,BBG000CTV9K6,[$$] Drug-Research Shake Up Continues as Pamplona Reaches Deal to Buy Parexel,2017-06-21 05:02:36 +0000,http://finance.yahoo.com/r/70dcb3ed-b19b-3d03-bec5-c230ed7ac186/pamplona-capital-management-nears-deal-to-buy-parexel-1497947403?ru=yahoo?mod=yahoo_itp&yptr=yahoo&.tsrc=rss,"Private-equity firm Pamplona has reached a deal to buy Parexel for $4.6 billion, the latest in a series of mergers among drug-research firms."
ICLR,ICLR:UW,BBG000CTV9K6,[$$] Drug-Research Shake Up Continues as Pamplona Reaches Deal to Buy Parexel,2017-06-20 12:36:43 +0000,http://finance.yahoo.com/r/70dcb3ed-b19b-3d03-bec5-c230ed7ac186/pamplona-capital-management-nears-deal-to-buy-parexel-1497947403?mod=yahoo_hs&yptr=yahoo&.tsrc=rss,"Private-equity firm Pamplona has reached a deal to buy Parexel for $4.6 billion, the latest in a series of mergers among drug-research firms."
ICLR,ICLR:UW,BBG000CTV9K6,ICON and DIA Amplify Thought Leadership and Debate with DIA Live 2017,2017-06-16 09:00:00 +0000,https://finance.yahoo.com/news/icon-dia-amplify-thought-leadership-090000939.html?.tsrc=rss,"ICON plc, a global provider of drug development solutions and services to the pharmaceutical, biotechnology and medical device industries, today announced that for the second consecutive year it will present DIA Live – a social media aggregation site that allows visitors to track and analyse Twitter conversations from delegates at the DIA 2017 Annual Meeting ."
ICLR,ICLR:UW,BBG000CTV9K6,Icon Plc (ICLR) Stock is Cultivating a Strong Business,2017-06-01 15:35:59 +0000,http://articlefeeds.nasdaq.com/~r/nasdaq/symbols/~3/h0DoC4zB4QE/icon-plc-iclr-stock-is-cultivating-a-strong-business-cm797515,InvestorPlace Stock Market News Stock Advice amp Trading Tips The biotech sector is rife with hit or miss investments so it s critical that you re very selective when choosing your next buy One under the radar name that recently came across my screen is Icon Plc
ICLR,ICLR:UW,BBG000CTV9K6,Historically Strong Stocks in June,2017-05-31 17:00:00 +0000,http://finance.yahoo.com/r/46028e53-7381-3e69-a4a6-6a54bd04ba8e/historically-strong-stocks-june-iclr-ilmn?partner=YahooSA&yptr=yahoo&.tsrc=rss,"These four stocks including Oracle and Infosys have a strong historical tendency to rise in June, often moving up significantly."
ICLR,ICLR:UW,BBG000CTV9K6,Which Stocks Are Showing Rising Relative Strength?,2017-05-30 19:30:35 +0000,http://finance.yahoo.com/r/fa200388-9cb9-3ac3-9950-f37df6d0879f/which-stocks-are-showing-rising-relative-strength?src=A00220&yptr=yahoo&.tsrc=rss,See which stocks just got an IBD RS Rating upgrade.
ICLR,ICLR:UW,BBG000CTV9K6,ICON and Regeneron Win Best Partnership in Clinical Research Award from PharmaTimes,2017-05-24 09:00:00 +0000,https://finance.yahoo.com/news/icon-regeneron-win-best-partnership-090000203.html?.tsrc=rss,"ICON plc, a global provider of drug development solutions and services to the pharmaceutical, biotechnology and medical device industries, and Regeneron Pharmaceuticals, Inc., a leading science-based biopharmaceutical company that discovers, invents, develops, manufactures and commercializes medicines for the treatment of serious medical conditions, have won the Partnership in Clinical Research award ..."
ICLR,ICLR:UW,BBG000CTV9K6,"ETFs with exposure to ICON Plc : May 22, 2017",2017-05-22 17:46:11 +0000,http://finance.yahoo.com/r/a4c3a96a-a20b-3e52-9a36-8d6d3f910e1e/etfs-with-exposure-to-icon-plc-may-22-2017?yptr=yahoo&.tsrc=rss,"Categories:  ETFs Yahoo FinanceClick here to see latest analysis ETFs with exposure to ICON Plc Here are 5 ETFs with the largest exposure to ICLR-US. Comparing the performance and risk of ICON Plc with the ETFs that have exposure to it gives us some ETF choices that could give us similar returns with lower volatility. Ticker Fund Name ... Read more
<b>(Read more...)</b>"
ICLR,ICLR:UW,BBG000CTV9K6,Edited Transcript of ICLR earnings conference call or presentation 27-Apr-17 1:00pm GMT,2017-05-21 09:01:04 +0000,https://finance.yahoo.com/news/edited-transcript-iclr-earnings-conference-123051257.html?.tsrc=rss,Q1 2017 ICON PLC Earnings Call
ICLR,ICLR:UW,BBG000CTV9K6,ICON Named by Forbes as One of the Best Employers in America,2017-05-11 10:00:00 +0000,http://finance.yahoo.com/news/icon-named-forbes-one-best-100000667.html?.tsrc=rss,"ICON plc, a global provider of drug development solutions and services to the pharmaceutical, biotechnology and medical device industries, today announced that it has been included in Forbes magazine’s America’s Best Employers list for 2017."
ICLR,ICLR:UW,BBG000CTV9K6,Blog Coverage: Genomic Health Announces Favorable LCD on Medicare Coverage for Use of Oncotype DX Genomic Prostate Score,2017-05-08 12:15:00 +0000,http://finance.yahoo.com/news/blog-coverage-genomic-health-announces-121500641.html?.tsrc=rss,"Upcoming AWS Coverage on ICON Post-Earnings Results LONDON, UK / ACCESSWIRE / May 8, 2017 / Active Wall St. blog coverage looks at the headline from Genomic Health, Inc. (NASDAQ: GHDX ) as the Company ..."
ICLR,ICLR:UW,BBG000CTV9K6,"ETFs with exposure to ICON Plc : May 4, 2017",2017-05-04 20:03:27 +0000,http://finance.yahoo.com/r/b14525db-06ae-3d2c-b264-8a49ac216542/etfs-with-exposure-to-icon-plc-may-4-2017?yptr=yahoo&.tsrc=rss,"Categories:  ETFs Yahoo FinanceClick here to see latest analysis ETFs with exposure to ICON Plc Here are 5 ETFs with the largest exposure to ICLR-US. Comparing the performance and risk of ICON Plc with the ETFs that have exposure to it gives us some ETF choices that could give us similar returns with lower volatility. Ticker Fund Name ... Read more
<b>(Read more...)</b>"
ICLR,ICLR:UW,BBG000CTV9K6,Edited Transcript of ICLR earnings conference call or presentation 27-Apr-17 1:00pm GMT,2017-05-03 12:35:58 +0000,http://finance.yahoo.com/news/edited-transcript-iclr-earnings-conference-123051257.html?.tsrc=rss,Q1 2017 ICON PLC Earnings Call
ICLR,ICLR:UW,BBG000CTV9K6,"ICON Plc :ICLR-US: Earnings Analysis: Q1, 2017 By the Numbers : May 2, 2017",2017-05-02 14:21:27 +0000,http://finance.yahoo.com/r/6ce4db9c-e821-338c-be72-d6ee953fb08a/icon-plc-iclr-us-earnings-analysis-q1-2017-by-the-numbers-may-2-2017?yptr=yahoo&.tsrc=rss,"Categories:  Yahoo FinanceGet free summary analysis ICON Plc reports financial results for the quarter ended March 31, 2017. We analyze the earnings along side the following peers of ICON Plc – Medidata Solutions, Inc. (MDSO-US) that have also reported for this period. Highlights Summary numbers: Revenues of USD 431.95 million, Net Earnings of USD 71.41 million. Gross ... Read more
<b>(Read more...)</b>"
ICLR,ICLR:UW,BBG000CTV9K6,"ICON Plc – Value Analysis (NASDAQ:ICLR) : May 1, 2017",2017-05-01 21:02:52 +0000,http://finance.yahoo.com/r/a7c3e27a-3329-36cb-bbab-bdf3287aed53/icon-plc-value-analysis-nasdaqiclr-may-1-2017?yptr=yahoo&.tsrc=rss,"Categories:  Fundamental Analysis Yahoo FinanceClick here to see latest analysis Capitalcube gives ICON Plc a score of 78. Our analysis is based on comparing ICON Plc with the following peers – PAREXEL International Corporation, Charles River Laboratories International, Inc., Quintiles IMS Holdings, Inc., Medidata Solutions, Inc., Bioanalytical Systems, Inc. and SCYNEXIS, Inc. (PRXL-US, CRL-US, Q-US, MDSO-US, BASI-US and SCYX-US). ... Read more
<b>(Read more...)</b>"
ICLR,ICLR:UW,BBG000CTV9K6,ICLR Crosses Above Average Analyst Target,2017-04-28 14:27:26 +0000,http://articlefeeds.nasdaq.com/~r/nasdaq/symbols/~3/pufCSrIVPV0/iclr-crosses-above-average-analyst-target-cm781023,In recent trading shares of Icon plc Symbol ICLR have crossed above the average analyst 12 month target price of 82 62 changing hands for 83 17 share When a stock reaches the target an analyst has set the analyst logically has two ways to react downgrade on valuation or re adjust
ICLR,ICLR:UW,BBG000CTV9K6,"ICON Plc breached its 50 day moving average in a Bullish Manner : ICLR-US : April 28, 2017",2017-04-28 12:21:45 +0000,http://finance.yahoo.com/r/43cbce5e-2def-3caa-8cfa-0f6c7ee1c8df/icon-plc-breached-its-50-day-moving-average-in-a-bullish-manner-iclr-us-april-28-2017?yptr=yahoo&.tsrc=rss,"Categories:  ETFs Yahoo FinanceClick here to see latest analysis *Disclaimer : This is as of previous day’s closing price. Technical Indicators Below is a quick look at 5 technical indicators for ICON Plc. More studies are available on the Technical Chart. Indicator Signal Closing Price above/below 50 Day Moving Average Bullish Closing Price above/below 200 Day Moving Average ... Read more
<b>(Read more...)</b>"
ICLR,ICLR:UW,BBG000CTV9K6,Icon PLC beats 1Q profit forecasts,2017-04-27 10:16:47 +0000,http://finance.yahoo.com/news/icon-plc-beats-1q-profit-101647841.html?.tsrc=rss,"On a per-share basis, the Dublin-based company said it had net income of $1.29. The results exceeded Wall Street expectations. The average estimate of nine analysts surveyed by Zacks Investment Research ..."
ICLR,ICLR:UW,BBG000CTV9K6,ICON Reports First Quarter 2017 Results,2017-04-27 10:00:00 +0000,http://finance.yahoo.com/news/icon-reports-first-quarter-2017-100000583.html?.tsrc=rss,"ICON plc , a global provider of drug development solutions and services to the pharmaceutical, biotechnology and medical device industries, today reported its financial results for the first quarter ended March 31, 2017."
ICLR,ICLR:UW,BBG000CTV9K6,Interesting ICLR Put And Call Options For June 16th,2017-04-26 16:06:43 +0000,http://articlefeeds.nasdaq.com/~r/nasdaq/symbols/~3/t9-h7jEE7Ho/interesting-iclr-put-and-call-options-for-june-16th-cm779505,Investors in Icon plc Symbol ICLR saw new options begin trading this week for the June 16th expiration At Stock Options Channel our YieldBoost formula has looked up and down the ICLR options chain for the new June 16th contracts and identified one put and one call contract of
ICLR,ICLR:UW,BBG000CTV9K6,"American Capital Management Inc Buys Gigamon, Albany Molecular Research, CyberArk Software, ...",2017-04-25 15:02:55 +0000,http://articlefeeds.nasdaq.com/~r/nasdaq/symbols/~3/72-cJelOHYM/american-capital-management-inc-buys-gigamon-albany-molecular-research-cyberark-software-cm778675,American Capital Management Inc Added Positions GIMO AMRI CYBR HCSG MDSO HMSY CBM AVAV VRNT FDS Reduced Positions ECL CGNX GOOGL RBA HAE CEB AZO HD HURN FAST Sold Out CYNO AMGN CELG LLTC CERN BMY T GE JNJ Added Positions
ICLR,ICLR:UW,BBG000CTV9K6,ICON Awarded Best CRO at World Vaccine Congress 2017,2017-04-12 09:00:00 +0000,http://finance.yahoo.com/news/icon-awarded-best-cro-world-090000760.html?.tsrc=rss,"ICON plc, a global provider of drug development solutions and services to the pharmaceutical, biotechnology and medical device industries, today announced that it has been awarded Best Clinical Research Organisation at the Vaccine Industry Excellence Awards."
ICLR,ICLR:UW,BBG000CTV9K6,Parexel Is Discovering the Drugs of the Future,2017-04-10 20:44:00 +0000,http://finance.yahoo.com/r/4d3c9993-ebce-33dc-a8e5-6c3e5d304040/parexel-is-discovering-the-drugs-of-the-future.html?puc=yahoo&cm_ven=YAHOO&yptr=yahoo&.tsrc=rss,The midcap drug maker is finding growth as an outsourcing destination.
ICLR,ICLR:UW,BBG000CTV9K6,"ETFs with exposure to ICON Plc : April 7, 2017",2017-04-07 20:50:51 +0000,http://finance.yahoo.com/r/feba5368-e79a-3d87-a822-dba7458bf4ec/etfs-with-exposure-to-icon-plc-april-7-2017?yptr=yahoo&.tsrc=rss,"Categories:  ETFs Yahoo FinanceClick here to see latest analysis ETFs with exposure to ICON Plc Here are 5 ETFs with the largest exposure to ICLR-US. Comparing the performance and risk of ICON Plc with the ETFs that have exposure to it gives us some ETF choices that could give us similar returns with lower volatility. Ticker Fund Name ... Read more
<b>(Read more...)</b>"
ICLR,ICLR:UW,BBG000CTV9K6,Post Earnings Coverage as DexCom's Q4 Top-line Surged 31%; Outshined Forecasts,2017-03-16 12:15:00 +0000,http://finance.yahoo.com/news/post-earnings-coverage-dexcoms-q4-121500379.html,"[Accesswire] - Upcoming AWS Coverage on ICON Post-Earnings Results LONDON, UK / ACCESSWIRE / March 16, 2017 / Active Wall St. announces its post-earnings coverage on DexCom, Inc. (NASDAQ: DXCM ). The company reported ..."
ICLR,ICLR:UW,BBG000CTV9K6,Post Earnings Coverage as DexCom's Q4 Top-line Surged 31%; Outshined Forecasts,2017-03-16 12:15:00 +0000,http://finance.yahoo.com/news/post-earnings-coverage-dexcoms-q4-121500379.html?.tsrc=rss,"Upcoming AWS Coverage on ICON Post-Earnings Results LONDON, UK / ACCESSWIRE / March 16, 2017 / Active Wall St. announces its post-earnings coverage on DexCom, Inc. (NASDAQ: DXCM ). The company reported ..."
ICLR,ICLR:UW,BBG000CTV9K6,ICON PLC Financials,2017-03-04 18:04:08 +0000,http://finance.yahoo.com/q/is?s=iclr&annual,ICON PLC Financials
ICLR,ICLR:UW,BBG000CTV9K6,Parexel Investors: Swimming With the Whales,2017-03-03 15:16:46 +0000,http://finance.yahoo.com/news/parexel-investors-swimming-whales-151646733.html,Parexel Investors: Swimming With the Whales
ICLR,ICLR:UW,BBG000CTV9K6,"ICON Plc :ICLR-US: Earnings Analysis: 2016 By the Numbers : February 22, 2017",2017-02-22 17:59:43 +0000,http://finance.yahoo.com/r/4d4c1ec0-3674-3c83-b979-cac65b761b39/icon-plc-iclr-us-earnings-analysis-2016-by-the-numbers-february-22-2017?yptr=yahoo&.tsrc=rss,"Categories:   Yahoo Finance Get free summary analysis ICON Plc reports financial results for the year ended December 31, 2016. We analyze the earnings along side the following peers of ICON Plc – PAREXEL International Corporation, Charles River Laboratories International, Inc., Quintiles IMS Holdings, Inc., Medidata Solutions, Inc. and Bioanalytical Systems, Inc. (PRXL-US, CRL-US, Q-US, MDSO-US and BASI-US) that ... Read more    
<b>(Read more...)</b>"
ICLR,ICLR:UW,BBG000CTV9K6,"ICON Plc :ICLR-US: Earnings Analysis: 2016 By the Numbers : February 22, 2017",2017-02-22 17:59:43 +0000,http://www.capitalcube.com/blog/index.php/icon-plc-iclr-us-earnings-analysis-2016-by-the-numbers-february-22-2017/,"ICON Plc :ICLR-US: Earnings Analysis: 2016 By the Numbers : February 22, 2017"
ICLR,ICLR:UW,BBG000CTV9K6,"ICON Plc :ICLR-US: Earnings Analysis: Q4, 2016 By the Numbers : February 21, 2017",2017-02-21 15:30:31 +0000,http://www.capitalcube.com/blog/index.php/icon-plc-iclr-us-earnings-analysis-q4-2016-by-the-numbers-february-21-2017/,"ICON Plc :ICLR-US: Earnings Analysis: Q4, 2016 By the Numbers : February 21, 2017"
ICLR,ICLR:UW,BBG000CTV9K6,ICON Selected by the FDA to Validate Patient-Reported Outcome Endpoints for Antibacterial Drug Trials,2017-02-20 10:00:00 +0000,http://uk.finance.yahoo.com/news/icon-selected-fda-validate-patient-100000761.html,ICON Selected by the FDA to Validate Patient-Reported Outcome Endpoints for Antibacterial Drug Trials
ICLR,ICLR:UW,BBG000CTV9K6,Edited Transcript of ICLR earnings conference call or presentation 16-Feb-17 2:00pm GMT,2017-02-16 23:53:39 +0000,http://finance.yahoo.com/news/edited-transcript-iclr-earnings-conference-235339816.html,Edited Transcript of ICLR earnings conference call or presentation 16-Feb-17 2:00pm GMT
ICLR,ICLR:UW,BBG000CTV9K6,Edited Transcript of ICLR earnings conference call or presentation 16-Feb-17 2:00pm GMT,2017-02-16 23:53:39 +0000,http://finance.yahoo.com/news/edited-transcript-iclr-earnings-conference-235339816.html?.tsrc=rss,Full Year 2016 ICON PLC Earnings Call
ICLR,ICLR:UW,BBG000CTV9K6,Full Year 2016 ICON PLC Earnings Call scheduled for 9:00 am ET today,2017-02-16 14:00:00 +0000,http://biz.yahoo.com/cc/8/155718.html,Full Year 2016 ICON PLC Earnings Call scheduled for 9:00 am ET today
ICLR,ICLR:UW,BBG000CTV9K6,Full Year 2016 ICON PLC Earnings Release - Time Not Supplied,2017-02-16 12:07:02 +0000,http://biz.yahoo.com/research/earncal/20170216.html?t=iclr,Full Year 2016 ICON PLC Earnings Release - Time Not Supplied
ICLR,ICLR:UW,BBG000CTV9K6,Icon PLC meets 4Q profit forecasts,2017-02-16 11:34:40 +0000,http://finance.yahoo.com/news/icon-plc-meets-4q-profit-113440126.html?.tsrc=rss,"On a per-share basis, the Dublin-based company said it had profit of $1.33. Earnings, adjusted for pretax gains, came to $1.26 per share. The results met Wall Street expectations. The average estimate ..."
ICLR,ICLR:UW,BBG000CTV9K6,Icon PLC meets 4Q profit forecasts,2017-02-16 11:34:40 +0000,http://sg.finance.yahoo.com/news/icon-plc-meets-4q-profit-113440093.html,Icon PLC meets 4Q profit forecasts
ICLR,ICLR:UW,BBG000CTV9K6,"6:03 am ICON plc beats by $0.07, misses on revs; reaffirms FY17 EPS, revs guidance",2017-02-16 11:03:00 +0000,http://finance.yahoo.com/news/inplay-briefing-com-055139997.html#iclr,"6:03 am ICON plc beats by $0.07, misses on revs; reaffirms FY17 EPS, revs guidance"
ICLR,ICLR:UW,BBG000CTV9K6,ICON Reports Fourth Quarter and Full Year 2016 Results,2017-02-16 11:00:00 +0000,http://finance.yahoo.com/news/icon-reports-fourth-quarter-full-110000268.html?.tsrc=rss,"ICON plc , a global provider of drug development solutions and services to the pharmaceutical, biotechnology and medical device industries, today reported its financial results for the fourth quarter and full year ended December 31, 2016."
ICLR,ICLR:UW,BBG000CTV9K6,ICON Reports Fourth Quarter and Full Year 2016 Results,2017-02-16 11:00:00 +0000,http://uk.finance.yahoo.com/news/icon-reports-fourth-quarter-full-110000263.html,ICON Reports Fourth Quarter and Full Year 2016 Results
ICLR,ICLR:UW,BBG000CTV9K6,First Week of February 17th Options Trading For Icon (ICLR),2017-02-15 16:55:16 +0000,http://articlefeeds.nasdaq.com/~r/nasdaq/symbols/~3/bjmJSLKgn7Y/first-week-of-february-17th-options-trading-for-icon-iclr-cm748308,Investors in Icon plc Symbol ICLR saw new options begin trading this week for the February 17th expiration At Stock Options Channel our YieldBoost formula has looked up and down the ICLR options chain for the new February 17th contracts and identified one put and one call contract
ICLR,ICLR:UW,BBG000CTV9K6,"Summit Creek Advisors LLC Buys Cynosure Inc, NV5 Global Inc, Heska Corp, Sells Stamps. ...",2017-01-21 14:36:34 +0000,http://articlefeeds.nasdaq.com/~r/nasdaq/symbols/~3/kt--8WxZ-hQ/summit-creek-advisors-llc-buys-cynosure-inc-nv5-global-inc-heska-corp-sells-stamps-cm736340,Summit Creek Advisors LLC New Purchases CYNO NVEE HSKA CHUY QLYS GRUB BEAT LOGM OMCL ALRM Added Positions CAVM OLLI ULTI TYL CALD TECH ICLR VRTU NEO MMS Reduced Positions DLTH ENV LGND THRM ELLI SCOR MTSI WAGE ABCO MPAA
ICLR,ICLR:UW,BBG000CTV9K6,ICLR Crosses Above Average Analyst Target,2017-01-11 14:57:54 +0000,http://articlefeeds.nasdaq.com/~r/nasdaq/symbols/~3/bLnvZEJVGe4/iclr-crosses-above-average-analyst-target-cm732104,In recent trading shares of Icon plc Symbol ICLR have crossed above the average analyst 12 month target price of 81 88 changing hands for 81 96 share When a stock reaches the target an analyst has set the analyst logically has two ways to react downgrade on valuation or re adjust
ICLR,ICLR:UW,BBG000CTV9K6,"ICON Plc – Value Analysis (NASDAQ:ICLR) : January 10, 2017",2017-01-10 15:54:05 +0000,http://finance.yahoo.com/r/93d6e153-fcb5-3618-ac2a-45d6a4e73313/icon-plc-value-analysis-nasdaqiclr-january-10-2017?yptr=yahoo&.tsrc=rss,"Categories:   Fundamental Analysis Yahoo Finance Click here to see latest analysis Capitalcube gives ICON Plc a score of 75. Our analysis is based on comparing ICON Plc with the following peers – PAREXEL International Corporation, Charles River Laboratories International, Inc., Quintiles IMS Holdings, Inc., Medidata Solutions, Inc., Bioanalytical Systems, Inc. and SCYNEXIS, Inc. (PRXL-US, CRL-US, Q-US, MDSO-US, BASI-US and SCYX-US). ... Read more    
<b>(Read more...)</b>"
ICLR,ICLR:UW,BBG000CTV9K6,"ICON Plc – Value Analysis (NASDAQ:ICLR) : January 10, 2017",2017-01-10 15:54:05 +0000,http://www.capitalcube.com/blog/index.php/icon-plc-value-analysis-nasdaqiclr-january-10-2017/,"ICON Plc – Value Analysis (NASDAQ:ICLR) : January 10, 2017"
ICLR,ICLR:UW,BBG000CTV9K6,ICON Issues Financial Guidance for Full Year 2017,2017-01-09 21:15:00 +0000,http://finance.yahoo.com/news/icon-issues-financial-guidance-full-211500128.html?.tsrc=rss,"ICON plc , a global provider of drug development solutions and services to the pharmaceutical, biotechnology and medical device industries, today announced its financial guidance for the year ended December 31, 2017."
ICLR,ICLR:UW,BBG000CTV9K6,ICON Issues Financial Guidance for Full Year 2017,2017-01-09 21:15:00 +0000,http://uk.finance.yahoo.com/news/icon-issues-financial-guidance-full-211500793.html,ICON Issues Financial Guidance for Full Year 2017
ICLR,ICLR:UW,BBG000CTV9K6,"ICON Plc breached its 50 day moving average in a Bullish Manner : ICLR-US : January 9, 2017",2017-01-09 12:23:26 +0000,http://finance.yahoo.com/r/1af03006-d416-34e7-bc2f-60e2671d9f7f/icon-plc-breached-its-50-day-moving-average-in-a-bullish-manner-iclr-us-january-9-2017?yptr=yahoo&.tsrc=rss,"Categories:   ETFs Yahoo Finance Click here to see latest analysis *Disclaimer : This is as of previous day’s closing price. Technical Indicators Below is a quick look at 5 technical indicators for ICON Plc. More studies are available on the Technical Chart. Indicator Signal Closing Price above/below 50 Day Moving Average Bullish Closing Price above/below 200 Day Moving Average ... Read more    
<b>(Read more...)</b>"
ICLR,ICLR:UW,BBG000CTV9K6,"ICON Plc breached its 50 day moving average in a Bullish Manner : ICLR-US : January 9, 2017",2017-01-09 12:23:26 +0000,http://www.capitalcube.com/blog/index.php/icon-plc-breached-its-50-day-moving-average-in-a-bullish-manner-iclr-us-january-9-2017/,"ICON Plc breached its 50 day moving average in a Bullish Manner : ICLR-US : January 9, 2017"
ICLR,ICLR:UW,BBG000CTV9K6,"XLF, EIRL: Big ETF Outflows",2016-12-21 17:58:48 +0000,http://articlefeeds.nasdaq.com/~r/nasdaq/symbols/~3/wYDoIduLoyg/xlf-eirl-big-etf-outflows-cm724676,Looking at units outstanding versus one week prior within the universe of ETFs covered at ETF Channel the biggest outflow was seen in the Financial Select Sector SPDR Fund where 24 200 000 units were destroyed or a 2 5 decrease week over week Among the largest underlying components of XLF
ICLR,ICLR:UW,BBG000CTV9K6,ICON plc upgraded by Goldman,2016-12-16 12:55:18 +0000,http://finance.yahoo.com/q/ud?s=ICLR,ICON plc upgraded by Goldman
ICLR,ICLR:UW,BBG000CTV9K6,Is ICON PLC (ICLR) A Good Stock To Buy?,2016-12-14 07:13:45 +0000,http://www.insidermonkey.com/blog/is-icon-plc-iclr-a-good-stock-to-buy-508267/,Is ICON PLC (ICLR) A Good Stock To Buy?
ICLR,ICLR:UW,BBG000CTV9K6,Is ICON PLC (ICLR) A Good Stock To Buy?,2016-12-14 07:13:45 +0000,http://finance.yahoo.com/r/63c73942-10ac-3c41-8c45-91a57f0e8acb/is-icon-plc-iclr-a-good-stock-to-buy-508267?yptr=yahoo&.tsrc=rss,"Hedge funds and other institutional investors have just completed filing their 13Fs with the Securities and Exchange Commission, revealing their equity portfolios as of the end of September. At Insider Monkey, we follow over 700 of the best-performing investors and by analyzing their 13F filings, we can determine the stocks that they are collectively bullish […]"
ICLR,ICLR:UW,BBG000CTV9K6,"Scott Black Exits Avnet, Deckers in 3rd Quarter",2016-11-21 19:46:31 +0000,http://finance.yahoo.com/news/scott-black-exits-avnet-deckers-194631417.html?.tsrc=rss,An overview of the guru's largest 3rd-quarter trades
ICLR,ICLR:UW,BBG000CTV9K6,"Scott Black Exits Avnet, Deckers in 3rd Quarter",2016-11-21 19:46:31 +0000,http://finance.yahoo.com/news/scott-black-exits-avnet-deckers-194631417.html,"Scott Black Exits Avnet, Deckers in 3rd Quarter"
ICLR,ICLR:UW,BBG000CTV9K6,"ICON Plc breached its 50 day moving average in a Bearish Manner : ICLR-US : November 17, 2016",2016-11-17 12:13:31 +0000,http://finance.yahoo.com/r/46beb38b-a175-3b32-b06d-3120ccc562a4/icon-plc-breached-its-50-day-moving-average-in-a-bearish-manner-iclr-us-november-17-2016?yptr=yahoo&.tsrc=rss,"Categories:   ETFs Yahoo Finance Click here to see latest analysis *Disclaimer : This is as of previous day’s closing price. Technical Indicators Below is a quick look at 5 technical indicators for ICON Plc. More studies are available on the Technical Chart. Indicator Signal Closing Price above/below 50 Day Moving Average Bearish Closing Price above/below 200 Day Moving Average ... Read more    
<b>(Read more...)</b>"
ICLR,ICLR:UW,BBG000CTV9K6,"ICON Plc breached its 50 day moving average in a Bearish Manner : ICLR-US : November 17, 2016",2016-11-17 12:13:31 +0000,http://www.capitalcube.com/blog/index.php/icon-plc-breached-its-50-day-moving-average-in-a-bearish-manner-iclr-us-november-17-2016/,"ICON Plc breached its 50 day moving average in a Bearish Manner : ICLR-US : November 17, 2016"
ICLR,ICLR:UW,BBG000CTV9K6,"ICON Plc breached its 50 day moving average in a Bearish Manner : ICLR-US : November 2, 2016",2016-11-02 12:28:27 +0000,http://www.capitalcube.com/blog/index.php/icon-plc-breached-its-50-day-moving-average-in-a-bearish-manner-iclr-us-november-2-2016/,"ICON Plc breached its 50 day moving average in a Bearish Manner : ICLR-US : November 2, 2016"
ICLR,ICLR:UW,BBG000CTV9K6,"ETF’s with exposure to ICON Plc : October 31, 2016",2016-10-31 17:43:43 +0000,http://www.capitalcube.com/blog/index.php/etfs-with-exposure-to-icon-plc-october-31-2016/,"ETF’s with exposure to ICON Plc : October 31, 2016"
ICLR,ICLR:UW,BBG000CTV9K6,"ETF’s with exposure to ICON Plc : October 31, 2016",2016-10-31 17:43:43 +0000,http://finance.yahoo.com/r/b64e8586-0f37-363d-89ae-a3a47cd285f1/etfs-with-exposure-to-icon-plc-october-31-2016?yptr=yahoo&.tsrc=rss,"Categories:   ETFs Yahoo Finance Click here to see latest analysis ETF’s with exposure to ICON Plc Here are 5 ETF’s with the largest exposure to ICLR-US. Comparing the performance and risk of ICON Plc with the ETF’s that have exposure to it gives us some ETF choices that could give us similar returns with lower volatility. Ticker Fund Name ... Read more    
<b>(Read more...)</b>"
ICLR,ICLR:UW,BBG000CTV9K6,"ICON Further Enhances Clinical Trial Feasibility, Protocol Optimisation and Patient Recruitment Capabilities with TriNetX",2016-10-27 09:06:06 +0000,http://www.publicnow.com/view/2FA35BEE86FBDDACD6690BE536798DCEA7F071BD,"[at noodls] - ICON applies real-world health research network to improve clinical development DUBLIN--(BUSINESS WIRE)-- ICON plc, (NASDAQ: ICLR) a global provider of drug development solutions and services to the pharmaceutical, ..."
ICLR,ICLR:UW,BBG000CTV9K6,"ICON Plc :ICLR-US: Earnings Analysis: Q3, 2016 By the Numbers : October 26, 2016",2016-10-26 14:08:48 +0000,http://www.capitalcube.com/blog/index.php/icon-plc-iclr-us-earnings-analysis-q3-2016-by-the-numbers-october-26-2016/,"ICON Plc :ICLR-US: Earnings Analysis: Q3, 2016 By the Numbers : October 26, 2016"
ICLR,ICLR:UW,BBG000CTV9K6,ICON Announces Appointment of Mr. Ronan Murphy to Board of Directors,2016-10-24 10:11:01 +0000,http://www.publicnow.com/view/4716039E7A29FE3B8886C28D004275B803AD0DB6,"[at noodls] - DUBLIN--(BUSINESS WIRE)-- ICON plc, (NASDAQ:ICLR) global provider of drug development solutions and services to the pharmaceutical, biotechnology and medical device industries, today announced the appointment ..."
ICLR,ICLR:UW,BBG000CTV9K6,ICON Announces Appointment of Mr. Ronan Murphy to Board of Directors,2016-10-24 10:00:00 +0000,http://uk.finance.yahoo.com/news/icon-announces-appointment-mr-ronan-100000690.html,ICON Announces Appointment of Mr. Ronan Murphy to Board of Directors
ICLR,ICLR:UW,BBG000CTV9K6,ICON Announces Appointment of Mr. Ronan Murphy to Board of Directors,2016-10-24 10:00:00 +0000,http://finance.yahoo.com/news/icon-announces-appointment-mr-ronan-100000220.html?.tsrc=rss,"ICON plc, global provider of drug development solutions and services to the pharmaceutical, biotechnology and medical device industries, today announced the appointment of Mr."
ICLR,ICLR:UW,BBG000CTV9K6,Edited Transcript of ICLR earnings conference call or presentation 20-Oct-16 1:00pm GMT,2016-10-21 01:05:52 +0000,http://finance.yahoo.com/news/edited-transcript-iclr-earnings-conference-010552196.html?.tsrc=rss,Q3 2016 ICON PLC Earnings Call
ICLR,ICLR:UW,BBG000CTV9K6,Edited Transcript of ICLR earnings conference call or presentation 20-Oct-16 1:00pm GMT,2016-10-21 01:05:52 +0000,http://finance.yahoo.com/news/edited-transcript-iclr-earnings-conference-010552196.html,Edited Transcript of ICLR earnings conference call or presentation 20-Oct-16 1:00pm GMT
ICLR,ICLR:UW,BBG000CTV9K6,ICON PLC Earnings Call scheduled for 9:00 am ET today,2016-10-20 13:00:00 +0000,http://biz.yahoo.com/cc/9/154359.html,ICON PLC Earnings Call scheduled for 9:00 am ET today
ICLR,ICLR:UW,BBG000CTV9K6,Q3 2016 ICON PLC Earnings Release - Time Not Supplied,2016-10-20 11:07:05 +0000,http://biz.yahoo.com/research/earncal/20161020.html?t=iclr,Q3 2016 ICON PLC Earnings Release - Time Not Supplied
ICLR,ICLR:UW,BBG000CTV9K6,Icon PLC tops Street 3Q forecasts,2016-10-20 09:48:38 +0000,http://sg.finance.yahoo.com/news/icon-plc-tops-street-3q-094838574.html,Icon PLC tops Street 3Q forecasts
ICLR,ICLR:UW,BBG000CTV9K6,ICON Announces Executive Leadership Transition,2016-10-20 08:28:03 +0000,http://www.publicnow.com/view/347CA268CFFD55721EE19C82AC40ED456A647399,"[at noodls] - Mr. Ciaran Murray to transition to Chairman, effective 1March 2017 Dr. Steve Cutler to be appointed Chief Executive Officer, effective 1March 2017 DUBLIN--(BUSINESS WIRE)-- ICON plc, (NASDAQ: ICLR) a global ..."
ICLR,ICLR:UW,BBG000CTV9K6,ICON Announces Executive Leadership Transition,2016-10-20 08:15:00 +0000,http://finance.yahoo.com/news/icon-announces-executive-leadership-transition-081500001.html?.tsrc=rss,"ICON plc, a global provider of drug development solutions and services to the pharmaceutical, biotechnology and medical device industries, today announced that, as part of its planned succession of executive leadership, Mr."
ICLR,ICLR:UW,BBG000CTV9K6,ICON Reports Third Quarter 2016 Results,2016-10-20 08:08:01 +0000,http://www.publicnow.com/view/E2E0658259FAA091BF68ACB3BC838DBE6068A686,[at noodls] - Highlights Net business wins of $510 million; net book to bill of 1.21. Backlog of business grows 11.8% year on year to $4.25 billion. Net revenue increases 6.4% to $420 million in the quarter. Income ...
ICLR,ICLR:UW,BBG000CTV9K6,ICON Reports Third Quarter 2016 Results,2016-10-20 08:00:00 +0000,http://finance.yahoo.com/news/icon-reports-third-quarter-2016-080000032.html?.tsrc=rss,"ICON plc , a global provider of drug development solutions and services to the pharmaceutical, biotechnology and medical device industries, today reported its financial results for the third quarter ended September 30, 2016."
ICLR,ICLR:UW,BBG000CTV9K6,"ETF’s with exposure to ICON Plc : October 19, 2016",2016-10-19 16:23:13 +0000,http://www.capitalcube.com/blog/index.php/etfs-with-exposure-to-icon-plc-october-19-2016/,"ETF’s with exposure to ICON Plc : October 19, 2016"
ICLR,ICLR:UW,BBG000CTV9K6,Why ICON (ICLR) Might Surprise This Earnings Season,2016-10-19 14:50:26 +0000,http://articlefeeds.nasdaq.com/~r/nasdaq/symbols/~3/5UNqi8FYMaA/why-icon-iclr-might-surprise-this-earnings-season-cm695263,Investors are always looking for stocks that are poised to beat at earnings season and ICON Public Limited Company ICLR may be one such company The firm has earnings coming up pretty soon and events are shaping up quite nicely for their report That is because ICON is seeing
ICLR,ICLR:UW,BBG000CTV9K6,Why ICON (ICLR) Might Surprise This Earnings Season,2016-10-19 12:54:12 +0000,http://finance.yahoo.com/news/why-icon-iclr-might-surprise-125412019.html?.tsrc=rss,"ICON Public Limited Company (ICLR) seems poised to beat estimates in the upcoming earnings season, as it has a favorable Zacks Rank and a positive ESP."
ICLR,ICLR:UW,BBG000CTV9K6,Why ICON (ICLR) Might Surprise This Earnings Season,2016-10-19 12:54:12 +0000,http://finance.yahoo.com/news/why-icon-iclr-might-surprise-125412019.html,Why ICON (ICLR) Might Surprise This Earnings Season
ICLR,ICLR:UW,BBG000CTV9K6,"Healthcare Stocks' Q3 Earnings to Watch on Oct 20: DGX, ICLR",2016-10-19 12:47:50 +0000,http://articlefeeds.nasdaq.com/~r/nasdaq/symbols/~3/Fl2pYujJJx0/healthcare-stocks-q3-earnings-to-watch-on-oct-20-dgx-iclr-cm695210,The Q3 earnings season has begun and as per the latest Earnings Trends report post a sluggish Q2 there will be modest improvements in the overall earnings picture this quarter While Q3 is expected to represent the sixth quarter in a row of earnings declines for the S amp P 500 index
ICLR,ICLR:UW,BBG000CTV9K6,"Healthcare Stocks' Q3 Earnings to Watch on Oct 20: DGX, ICLR",2016-10-19 11:39:11 +0000,http://finance.yahoo.com/news/healthcare-stocks-q3-earnings-watch-113911527.html,"Healthcare Stocks' Q3 Earnings to Watch on Oct 20: DGX, ICLR"
ICLR,ICLR:UW,BBG000CTV9K6,Can Icon (ICLR) Sustain its Surprise Streak in Q3 Earnings?,2016-10-18 15:50:54 +0000,http://articlefeeds.nasdaq.com/~r/nasdaq/symbols/~3/oHdJHDL0Wig/can-icon-iclr-sustain-its-surprise-streak-in-q3-earnings-cm694742,Icon Plc ICLR is set to report third quarter 2016 earnings results on Oct 20 Last quarter the company posted earnings of 1 14 per share a penny above the Zacks Consensus Estimate We note that Icon surpassed the Zacks Consensus Estimate in the last four quarters by an average of 0
ICLR,ICLR:UW,BBG000CTV9K6,"UnitedHealth (UNH) Beats on Earnings in Q3, Guides Higher",2016-10-18 15:50:28 +0000,http://articlefeeds.nasdaq.com/~r/nasdaq/symbols/~3/XZP-h9N2OC0/unitedhealth-unh-beats-on-earnings-in-q3-guides-higher-cm694714,UnitedHealth Group Inc UNH reported third quarter 2016 earnings of 2 17 per share beating the Zacks Consensus Estimate of 2 08 Earnings improved 23 year over year The earnings beat came on the back of higher revenues Strong results from the health services business Optum and
ICLR,ICLR:UW,BBG000CTV9K6,"UnitedHealth (UNH) Beats on Earnings in Q3, Guides Higher",2016-10-18 13:59:01 +0000,http://finance.yahoo.com/news/unitedhealth-unh-beats-earnings-q3-135901923.html,"UnitedHealth (UNH) Beats on Earnings in Q3, Guides Higher"
ICLR,ICLR:UW,BBG000CTV9K6,Can Icon (ICLR) Sustain its Surprise Streak in Q3 Earnings?,2016-10-18 13:39:01 +0000,http://finance.yahoo.com/news/icon-iclr-sustain-surprise-streak-133901742.html,Can Icon (ICLR) Sustain its Surprise Streak in Q3 Earnings?
ICLR,ICLR:UW,BBG000CTV9K6,5 Healthcare Players Poised to Beat Q3 Earnings Estimates,2016-10-13 18:41:08 +0000,http://articlefeeds.nasdaq.com/~r/nasdaq/symbols/~3/sS8xwNP3Bfk/5-healthcare-players-poised-to-beat-q3-earnings-estimates-cm693049,The third quarter earnings season is round the corner Let s find out how the health care sector which includes diversified industries like managed care organizations clinical laboratories and diagnostics research medical equipment hospitals and more is likely to perform this time
ICLR,ICLR:UW,BBG000CTV9K6,5 Healthcare Players Poised to Beat Q3 Earnings Estimates,2016-10-13 16:29:04 +0000,http://finance.yahoo.com/news/5-healthcare-players-poised-beat-162904193.html,5 Healthcare Players Poised to Beat Q3 Earnings Estimates
ICLR,ICLR:UW,BBG000CTV9K6,ICLR Crosses Above Average Analyst Target,2016-10-07 14:44:37 +0000,http://articlefeeds.nasdaq.com/~r/nasdaq/symbols/~3/HcJC6Yg0ydk/iclr-crosses-above-average-analyst-target-cm690242,In recent trading shares of Icon plc Symbol ICLR have crossed above the average analyst 12 month target price of 77 57 changing hands for 78 06 share When a stock reaches the target an analyst has set the analyst logically has two ways to react downgrade on valuation or re adjust
ICLR,ICLR:UW,BBG000CTV9K6,2 Healthcare Stocks to Buy Before Earnings Season,2016-10-05 00:42:37 +0000,http://articlefeeds.nasdaq.com/~r/nasdaq/symbols/~3/zZB7YGB8Tas/2-healthcare-stocks-to-buy-before-earnings-season-cm688861,Many stocks tend to see more trading activity after reporting their quarterly earnings results 160 The increased share volume can do great things for a company that surpasses investor expectations 160 However higher volume levels can also hurt firms if they had a bad quarter 160
ICLR,ICLR:UW,BBG000CTV9K6,"ICON Plc breached its 50 day moving average in a Bullish Manner : ICLR-US : October 3, 2016",2016-10-03 12:19:39 +0000,http://www.capitalcube.com/blog/index.php/icon-plc-breached-its-50-day-moving-average-in-a-bullish-manner-iclr-us-october-3-2016/,"ICON Plc breached its 50 day moving average in a Bullish Manner : ICLR-US : October 3, 2016"
ICLR,ICLR:UW,BBG000CTV9K6,How To Avoid Breakout Traps And Painful Reversals,2016-09-23 21:59:46 +0000,http://www.investors.com/research/swing-trading/how-to-avoid-breakout-traps-and-painful-reversals/,How To Avoid Breakout Traps And Painful Reversals
ICLR,ICLR:UW,BBG000CTV9K6,"ICON Plc – Value Analysis (NASDAQ:ICLR) : September 21, 2016",2016-09-21 15:34:34 +0000,http://www.capitalcube.com/blog/index.php/icon-plc-value-analysis-nasdaqiclr-september-21-2016/,"ICON Plc – Value Analysis (NASDAQ:ICLR) : September 21, 2016"
ICLR,ICLR:UW,BBG000CTV9K6,"ICON Plc breached its 50 day moving average in a Bearish Manner : ICLR-US : September 20, 2016",2016-09-20 12:29:40 +0000,http://www.capitalcube.com/blog/index.php/icon-plc-breached-its-50-day-moving-average-in-a-bearish-manner-iclr-us-september-20-2016/,"ICON Plc breached its 50 day moving average in a Bearish Manner : ICLR-US : September 20, 2016"
ICLR,ICLR:UW,BBG000CTV9K6,"ICON Completes the Acquisition of Clinical Research Management, Inc.",2016-09-19 10:08:04 +0000,http://www.publicnow.com/view/FD8D899BF364730744B4D65388609DFFB47D3FF1,"[at noodls] - Acquisition extends ICON's presence in the market for government sponsored research and enhances capabilities in Vaccines and Infectious Disease DUBLIN--(BUSINESS WIRE)-- ICON plc, (NASDAQ:ICLR) a global ..."
ICLR,ICLR:UW,BBG000CTV9K6,"ICON Completes the Acquisition of Clinical Research Management, Inc.",2016-09-19 10:00:00 +0000,http://finance.yahoo.com/news/icon-completes-acquisition-clinical-research-100000303.html,"[Business Wire] - ICON plc, a global provider of drug development solutions and services to the pharmaceutical, biotechnology and medical device industries, today announced that it has completed the previously announced acquisition of Clinical Research Management, Inc."
ICLR,ICLR:UW,BBG000CTV9K6,Will This Clinical Researcher Become Next Breakout Medical Stock?,2016-08-11 14:44:02 +0000,http://finance.yahoo.com/video/clinical-researcher-become-next-breakout-144402076.html,Will This Clinical Researcher Become Next Breakout Medical Stock?
ICLR,ICLR:UW,BBG000CTV9K6,PRA Health Sciences Vs. Medpace: How 2 Medical IPOs Stack Up,2016-08-11 14:07:28 +0000,http://www.investors.com/research/ibd-stock-analysis/pra-health-sciences-vs-medpace-how-2-medical-ipos-stack-up/,PRA Health Sciences Vs. Medpace: How 2 Medical IPOs Stack Up
ICLR,ICLR:UW,BBG000CTV9K6,Icon Reaches Analyst Target Price,2016-07-28 13:21:43 +0000,http://articlefeeds.nasdaq.com/~r/nasdaq/symbols/~3/b8JXyvWigI4/icon-reaches-analyst-target-price-cm656245,"In recent trading, shares of Icon plc (Symbol ICLR) have crossed above the average analyst 12 month target price of $76.71, changing hands for $77.89 share. When a stock reaches the target an analyst has set, the analyst logically"
ICLR,ICLR:UW,BBG000CTV9K6,Edited Transcript of ICLR earnings conference call or presentation 26-Jul-16 1:00pm GMT,2016-07-26 17:54:34 +0000,http://finance.yahoo.com/news/edited-transcript-iclr-earnings-conference-175434805.html,Edited Transcript of ICLR earnings conference call or presentation 26-Jul-16 1:00pm GMT
ICLR,ICLR:UW,BBG000CTV9K6,ICON PLC Earnings Call scheduled for 9:00 am ET today,2016-07-26 13:00:00 +0000,http://biz.yahoo.com/cc/4/153094.html,ICON PLC Earnings Call scheduled for 9:00 am ET today
ICLR,ICLR:UW,BBG000CTV9K6,Q2 2016 ICON PLC Earnings Release - Time Not Supplied,2016-07-26 11:07:02 +0000,http://biz.yahoo.com/research/earncal/20160726.html?t=iclr,Q2 2016 ICON PLC Earnings Release - Time Not Supplied
ICLR,ICLR:UW,BBG000CTV9K6,ICON Reports Second Quarter 2016 Results,2016-07-26 10:08:04 +0000,http://www.publicnow.com/view/745649CEB9A85ABD1E4C9703DA39185432092833,"[at noodls] - Highlights Record net business wins of $502 million, a net book to bill of 1.22. Backlog of business grows 8.6% year on year to surpass $4 billion for the first time. Net revenue increases 5.7% to $411 ..."
ICLR,ICLR:UW,BBG000CTV9K6,Icon PLC beats Street 2Q forecasts,2016-07-26 10:07:31 +0000,http://sg.finance.yahoo.com/news/icon-plc-beats-street-2q-100731734.html,Icon PLC beats Street 2Q forecasts
ICLR,ICLR:UW,BBG000CTV9K6,"Healthcare Earnings Scheduled on Jul 26: CNC, ICLR, UHS",2016-07-25 16:14:41 +0000,http://articlefeeds.nasdaq.com/~r/nasdaq/symbols/~3/czz0e_1KJlQ/healthcare-earnings-scheduled-on-jul-26-cnc-iclr-uhs-cm654118,The second quarter earnings season is set to pick up steam this week (Jul 25 29) with more than 189 S&P 500 companies set to report their quarterly figures. We note that 126 S&P companies have disclosed their numbers
ICLR,ICLR:UW,BBG000CTV9K6,"Healthcare Earnings Scheduled on Jul 26: CNC, ICLR, UHS",2016-07-25 14:04:02 +0000,http://finance.yahoo.com/news/healthcare-earnings-scheduled-jul-26-140402974.html,"Healthcare Earnings Scheduled on Jul 26: CNC, ICLR, UHS"
ICLR,ICLR:UW,BBG000CTV9K6,ICON Shareholders Vote in Favour of All Resolutions at its Annual General Meeting,2016-07-25 10:18:07 +0000,http://www.publicnow.com/view/7DBD2EA320695BAF10F985F4C58B553E71496896,"[at noodls] - DUBLIN--(BUSINESS WIRE)-- ICONplc (NASDAQ:ICLR), a global provider of drug development solutions and services to the pharmaceutical, biotechnology and medical device industries, today announced that all ..."
ICLR,ICLR:UW,BBG000CTV9K6,"ETF’s with exposure to ICON Plc : July 19, 2016",2016-07-19 16:34:02 +0000,http://www.capitalcube.com/blog/index.php/etfs-with-exposure-to-icon-plc-july-19-2016/,"ETF’s with exposure to ICON Plc : July 19, 2016"
ICLR,ICLR:UW,BBG000CTV9K6,"ETF’s with exposure to ICON Plc : July 1, 2016",2016-07-01 22:19:18 +0000,http://www.capitalcube.com/blog/index.php/etfs-with-exposure-to-icon-plc-july-1-2016/,"ETF’s with exposure to ICON Plc : July 1, 2016"
ICLR,ICLR:UW,BBG000CTV9K6,ICON (ICLR) Set to Acquire Clinical Research Management,2016-07-01 14:56:07 +0000,http://articlefeeds.nasdaq.com/~r/nasdaq/symbols/~3/oLDnWoJyuGE/icon-iclr-set-to-acquire-clinical-research-management-cm643806,"ICON PlcICLR , a global contract research organization (CRO) recently announced plans to acquire Hinckley, OH based Clinical Research Management Inc. (ClinicalRM) for an undisclosed sum. Notably, the deal is subject to certain regulatory approvals and closing conditions, which"
ICLR,ICLR:UW,BBG000CTV9K6,"ICON to Acquire Clinical Research Management, Inc.",2016-06-30 12:11:08 +0000,http://www.publicnow.com/view/20AFA9F7032AB52449DA921DD609C5CE2FA806FE,"[at noodls] - Acquisition extends ICON's presence in the market for government sponsored research and enhances capabilities in Vaccines and Infectious Disease DUBLIN--(BUSINESS WIRE)-- ICON plc, (NASDAQ:ICLR) a global ..."
ICLR,ICLR:UW,BBG000CTV9K6,"ICON Plc :ICLR-US: Earnings Analysis: Q1, 2016 By the Numbers : June 28, 2016",2016-06-28 16:47:21 +0000,http://www.capitalcube.com/blog/index.php/icon-plc-iclr-us-earnings-analysis-q1-2016-by-the-numbers-june-28-2016/,"ICON Plc :ICLR-US: Earnings Analysis: Q1, 2016 By the Numbers : June 28, 2016"
ICLR,ICLR:UW,BBG000CTV9K6,Healthcare Opportunities in Light of Brexit-Driven Selloff,2016-06-28 14:19:00 +0000,https://www.thestreet.com/story/13621711/1/healthcare-opportunities-in-light-of-brexit-driven-sell-off.html?puc=yahoo&cm_ven=YAHOO,Healthcare Opportunities in Light of Brexit-Driven Selloff
ICLR,ICLR:UW,BBG000CTV9K6,"ICON Plc breached its 50 day moving average in a Bullish Manner : ICLR-US : June 27, 2016",2016-06-27 12:06:04 +0000,http://www.capitalcube.com/blog/index.php/icon-plc-breached-its-50-day-moving-average-in-a-bullish-manner-iclr-us-june-27-2016/,"ICON Plc breached its 50 day moving average in a Bullish Manner : ICLR-US : June 27, 2016"
ICLR,ICLR:UW,BBG000CTV9K6,ICON: DIA Live to Provide a Digital Window into DIA Conference 2016,2016-06-23 07:09:04 +0000,http://www.publicnow.com/view/F695C8526363B6FEFB301E04A0459CFBC51E8036,"[at noodls] - Social media aggregation site will highlight digital conversation hotspots and help amplify thought leadership and debate at DIA 2016 DUBLIN--(BUSINESS WIRE)-- ICON plc, (NASDAQ: ICLR) a global provider ..."
ICLR,ICLR:UW,BBG000CTV9K6,"ICON and Pfizer Extend Ties, Sign New Agreement",2016-06-15 15:10:51 +0000,http://articlefeeds.nasdaq.com/~r/nasdaq/symbols/~3/4Kx1f7gOsx4/icon-and-pfizer-extend-ties-sign-new-agreement-cm635760,"Contract research organization (CRO), ICON PlcICLR , recently signed a three year service agreement with its existing customer Pfizer Inc. PFE . The drug giant has the scope to extend this agreement by another two years. Last month, ICON"
ICLR,ICLR:UW,BBG000CTV9K6,"ICON and Pfizer Extend Ties, Sign New Agreement",2016-06-15 13:12:01 +0000,http://finance.yahoo.com/news/icon-pfizer-extend-ties-sign-131201934.html,"ICON and Pfizer Extend Ties, Sign New Agreement"
ICLR,ICLR:UW,BBG000CTV9K6,New Research from ICON Demonstrates Support for ‘Bring Your Own Device' Approach in Clinical Trials,2016-06-15 07:09:07 +0000,http://www.publicnow.com/view/C3583123884EF91DCD52DC195361E797C2863AAF,"[at noodls] - Research shows that commonly-cited equivalence and technical concerns around BYOD may not deter adoption DUBLIN--(BUSINESS WIRE)-- ICON plc, (NASDAQ: ICLR) a global provider of drug development solutions ..."
ICLR,ICLR:UW,BBG000CTV9K6,New Research from ICON Demonstrates Support for ‘Bring Your Own Device’ Approach in Clinical Trials,2016-06-15 07:00:00 +0000,http://finance.yahoo.com/news/research-icon-demonstrates-support-bring-070000521.html,"[Business Wire] - ICON plc, a global provider of drug development solutions and services to the pharmaceutical, biotechnology and medical device industries, today announced research showing many pharmaceutical and clinical research organisations support the use of a ‘Bring Your Own Device’ approach in clinical studies, enabling patients to use their own mobile devices to collect patient-reported outcomes data."
ICLR,ICLR:UW,BBG000CTV9K6,ICON Reveals Service Deal With Pfizer,2016-06-10 11:17:24 +0000,http://finance.yahoo.com/news/icon-reveals-deal-pfizer-111724994.html,ICON Reveals Service Deal With Pfizer
ICLR,ICLR:UW,BBG000CTV9K6,ICON Announces Service Agreement with Pfizer,2016-06-10 10:09:04 +0000,http://www.publicnow.com/view/7A6A211046B6F977FEA6E90694C36903DFBA880D,"[at noodls] - DUBLIN--(BUSINESS WIRE)-- ICONplc, (NASDAQ: ICLR), a global provider of outsourced development services to the pharmaceutical, biotechnology and medical device industries, today announced it has signed ..."
ICLR,ICLR:UW,BBG000CTV9K6,ICON Signs 3-year Deal With Pfizer; Terms Not Disclosed - Quick Facts,2016-06-10 06:07:00 +0000,http://articlefeeds.nasdaq.com/~r/nasdaq/symbols/~3/qYZPRozue7w/icon-signs-3year-deal-with-pfizer-terms-not-disclosed--quick-facts-20160610-00110,ICON Signs 3-year Deal With Pfizer; Terms Not Disclosed - Quick Facts
ICLR,ICLR:UW,BBG000CTV9K6,Icon Breaks Above 200-Day Moving Average - Bullish for ICLR,2016-06-01 17:05:41 +0000,http://articlefeeds.nasdaq.com/~r/nasdaq/symbols/~3/pPM7y-v8mr8/icon-breaks-above-200-day-moving-average-bullish-for-iclr-cm629067,"In trading on Wednesday, shares of Icon plc (Symbol ICLR) crossed above their 200 day moving average of $71.51, changing hands as high as $71.68 per share. Icon plc shares are currently trading up about 1.6% on the day."
ICLR,ICLR:UW,BBG000CTV9K6,"ICON Plc breached its 50 day moving average in a Bullish Manner : ICLR-US : June 1, 2016",2016-06-01 12:16:51 +0000,http://www.capitalcube.com/blog/index.php/icon-plc-breached-its-50-day-moving-average-in-a-bullish-manner-iclr-us-june-1-2016/,"ICON Plc breached its 50 day moving average in a Bullish Manner : ICLR-US : June 1, 2016"
ICLR,ICLR:UW,BBG000CTV9K6,ICON and Pfizer Honoured as Clinical Research Team of the Year at the Clinical and Research Excellence Awards,2016-05-16 10:02:01 +0000,http://www.publicnow.com/view/0BBA7BC422BC00BF5F3C19922F5B2B8C74AD7B9A,"[at noodls] - Joint ICON and Pfizer team win award for excellence in study start-up and patient recruitment in cardiovascular outcome studies DUBLIN--(BUSINESS WIRE)-- ICON plc, (NASDAQ: ICLR) a global provider of drug ..."
ICLR,ICLR:UW,BBG000CTV9K6,DWAQ's Underlying Holdings Could Mean 10% Gain Potential,2016-05-04 18:44:12 +0000,http://articlefeeds.nasdaq.com/~r/nasdaq/symbols/~3/ykuajmffxcw/dwaqs-underlying-holdings-could-mean-10-gain-potential-cm616317,"Looking at the underlying holdings of the ETFs in our coverage universe at ETF Channel , we have compared the trading price of each holding against the average analyst 12 month forward target price, and computed the weighted average"
ICLR,ICLR:UW,BBG000CTV9K6,Icon PLC beats 1Q profit forecasts,2016-04-26 10:06:04 +0000,http://sg.finance.yahoo.com/news/icon-plc-beats-1q-profit-100604683.html,Icon PLC beats 1Q profit forecasts
ICLR,ICLR:UW,BBG000CTV9K6,ICON Reports First Quarter 2016 Results,2016-04-26 10:04:20 +0000,http://www.publicnow.com/view/653D5556CE3C7BBAF75BF0B218F3AE36EC7E5D72,"[at noodls] - Highlights Backlog of business up 9% year on year to $3.95 billion Quarter 1 gross business wins of $514 million, a gross book to bill of 1.29. Net business wins of $440 million, a net book to bill of ..."
ICLR,ICLR:UW,BBG000CTV9K6,Mr. Thomas Lynch Notifies ICON of His Retirement as Chairman and That He Will Not Stand for Re-Election to the Board of Directors at the Annual General Meeting,2016-03-29 10:11:13 +0000,http://www.publicnow.com/view/4E175230469135D5A51A7B200EAC1AF1131B4C5B,"[at noodls] - DUBLIN--(BUSINESS WIRE)-- ICONplc, (NASDAQ: ICLR) a global provider of drug development solutions and services to the pharmaceutical, biotechnology and medical device industries, today announced that Mr. ..."
ICLR,ICLR:UW,BBG000CTV9K6,4 Hot Stocks to Keep an Eye Out For in Medical Services,2016-03-22 15:16:02 +0000,http://articlefeeds.nasdaq.com/~r/nasdaq/symbols/~3/sWG5_WxRUj8/4-hot-stocks-to-keep-an-eye-out-for-in-medical-services-cm596297,"""Risk comes from not knowing what you're doing."" Warren Buffett Indeed, uncertainty is not new to the world of investing. A regular investor knows that nothing pays off better than adequate, up to date knowledge of the current market"
ICLR,ICLR:UW,BBG000CTV9K6,ICLR Crosses Above Key Moving Average Level,2016-03-18 17:54:45 +0000,http://articlefeeds.nasdaq.com/~r/nasdaq/symbols/~3/cQQA-oOMnwM/iclr-crosses-above-key-moving-average-level-cm595123,"In trading on Friday, shares of Icon plc (Symbol ICLR) crossed above their 200 day moving average of $71.85, changing hands as high as $72.20 per share. Icon plc shares are currently trading up about 1.9% on the day."
ICLR,ICLR:UW,BBG000CTV9K6,Envision Healthcare (EVHC) Set to Buy EPMG in Michigan,2016-03-18 16:54:00 +0000,http://articlefeeds.nasdaq.com/~r/nasdaq/symbols/~3/NW1V58VOXVg/envision-healthcare-evhc-set-to-buy-epmg-in-michigan-cm595042,"Envision Healthcare Holdings Inc. EVHC is set to acquire Michigan based Emergency Physicians Medical Group (EPMG) for approximately $120 million. Post completion (expected to be completed within the next 30 days), EPMG is likely to contribute approximately $140 million"
ICLR,ICLR:UW,BBG000CTV9K6,ICON and ICHOM to Roll out GLOBE Benchmarking Program,2016-03-10 18:40:37 +0000,http://articlefeeds.nasdaq.com/~r/nasdaq/symbols/~3/jFWtp_osUvw/icon-and-ichom-to-roll-out-globe-benchmarking-program-cm591422,"ICON Public Limited CompanyICLR recently announced that its data management, data analytics and consultancy capabilities have been selected by the International Consortium for Health Outcomes Measurement (ICHOM). The companies will join forces to roll out a global healthcare outcomes"
ICLR,ICLR:UW,BBG000CTV9K6,ICON Selected by the International Consortium for Health Outcomes Measurement to Help Advance Value-based Healthcare,2016-03-08 11:00:00 +0000,http://uk.finance.yahoo.com/news/icon-selected-international-consortium-health-110000046.html,ICON Selected by the International Consortium for Health Outcomes Measurement to Help Advance Value-based Healthcare
ICLR,ICLR:UW,BBG000CTV9K6,"ICON (ICLR) Beats Q4 Earnings, Misses Revenue Estimates",2016-02-24 18:26:12 +0000,http://articlefeeds.nasdaq.com/~r/nasdaq/symbols/~3/3maJSt0gm9I/icon-iclr-beats-q4-earnings-misses-revenue-estimates-cm584198,"Global provider of drug development solutions and services, ICON plcICLR , reported fourth quarter 20Array5 earnings of $Array.ArrayArray per share, which beat the Zacks Consensus Estimate by a penny and surged 27.6% year over year on the back of"
ICLR,ICLR:UW,BBG000CTV9K6,Icon PLC tops 4Q profit forecasts,2016-02-23 11:17:36 +0000,http://sg.finance.yahoo.com/news/icon-plc-tops-4q-profit-111736041.html,Icon PLC tops 4Q profit forecasts
ICLR,ICLR:UW,BBG000CTV9K6,ICON selected by Genomics England to support the largest genome sequencing project of its kind for cancer and rare diseases,2016-02-09 10:00:00 +0000,http://uk.finance.yahoo.com/news/icon-selected-genomics-england-support-100000320.html,ICON selected by Genomics England to support the largest genome sequencing project of its kind for cancer and rare diseases
ICLR,ICLR:UW,BBG000CTV9K6,Icon is Now Oversold (ICLR),2016-01-20 19:25:26 +0000,http://articlefeeds.nasdaq.com/~r/nasdaq/symbols/~3/Qo7YHDMznAg/icon-is-now-oversold-iclr-cm568080,"Legendary investor Warren Buffett advises to be fearful when others are greedy, and be greedy when others are fearful. One way we can try to measure the level of fear in a given stock is through a technical analysis"
ICLR,ICLR:UW,BBG000CTV9K6,ICON Releases Flex Advantage to Enhance Patient Randomisation and Clinical Supply Management in Clinical Trials,2016-01-19 11:45:03 +0000,http://www.noodls.com/view/51F1D25D2C9C23AACEF2ED4F84F25D34F125A3BF,"[at noodls] - Dublin, Ireland, 19th January, 2015 - ICON plc, (NASDAQ: ICLR) a global provider of drug development solutions and services to the pharmaceutical, biotechnology and medical device industries, today announced ..."
ICLR,ICLR:UW,BBG000CTV9K6,"The Zacks Analyst Blog Highlights: Aegean Marine Petroleum Network, Danaos, Tsakos Energy Navigation, Horizon Pharma and ICON Public Limited",2016-01-13 16:17:19 +0000,http://articlefeeds.nasdaq.com/~r/nasdaq/symbols/~3/B9yr66b01yQ/the-zacks-analyst-blog-highlights-aegean-marine-petroleum-network-danaos-tsakos-energy-navigation-horizon-pharma-and-icon-public-limited-cm565184,"For Immediate Release Chicago, IL January 13, 2016 Zacks.com announces the list of stocks featured in the Analyst Blog. Every day the Zacks Equity Research analysts discuss the latest news and events impacting stocks and the financial markets. Stocks"
ICLR,ICLR:UW,BBG000CTV9K6,5 Smart PIIGS Stocks to Buy Now,2016-01-12 21:18:14 +0000,http://articlefeeds.nasdaq.com/~r/nasdaq/symbols/~3/1aw_M9FT6d4/5-smart-piigs-stocks-to-buy-now-cm564924,"After struggling for a year, the economic situation in Europe seems to be stabilizing. According to data released last week, December's reading for Markit PMI was revised upward to 54.3 from the earlier figure of 54. The improvement in"
ICLR,ICLR:UW,BBG000CTV9K6,ICLR Crosses Below Key Moving Average Level,2016-01-11 17:15:09 +0000,http://articlefeeds.nasdaq.com/~r/nasdaq/symbols/~3/WAYjzxeqrF4/iclr-crosses-below-key-moving-average-level-cm563984,"In trading on Monday, shares of Icon plc (Symbol ICLR) crossed below their 200 day moving average of $71.43, changing hands as low as $69.64 per share. Icon plc shares are currently trading down about 3.6% on the day."
ICLR,ICLR:UW,BBG000CTV9K6,ICON Secures Investment Grade Credit Ratings,2016-01-05 11:06:17 +0000,http://www.noodls.com/view/7B43EC90FAF48A7F038238E41BB0007FB59E9229,"[at noodls] - --(BUSINESS WIRE)-- , (: ICLR) a global provider of drug development solutions and services to the pharmaceutical, biotechnology and medical device industries, today reported that Moody's Investors Service ..."
ICLR,ICLR:UW,BBG000CTV9K6,"ICON plc Announces Private Placement of US$350,000,000 of Senior Notes",2015-12-16 11:33:07 +0000,http://www.noodls.com/view/660822CEE5FB9EFC66A4A3C8B56EB66E39198D70,"[at noodls] - --(BUSINESS WIRE)-- , (: ICLR), today announced the successful completion and settlement of the private placement by its subsidiary (the 'Issuer') of aggregate principal amount of its 3.64% Senior Notes ..."
ICLR,ICLR:UW,BBG000CTV9K6,ICON Accelerates Site Activation Timelines by up to 25%,2015-12-09 10:36:25 +0000,http://www.noodls.com/view/8A59C80001E031A03D4AD63256D1FEE6094148BF,"[at noodls] - Dublin, Ireland, 9 December, 2015 - ICON plc, (NASDAQ: ICLR) a global provider of drug development solutions and services to the pharmaceutical, biotechnology and medical device industries, today announced ..."
ICLR,ICLR:UW,BBG000CTV9K6,"ICON Acquires PMG Research, Inc.",2015-12-07 13:45:25 +0000,http://www.noodls.com/view/685DCD243A4AA7E031B504BD77BC81FFE496CCCA,"[at noodls] - Acquisition enhances ICON's site and patient engagement capabilities DUBLIN--(BUSINESS WIRE)-- ICON plc, (NASDAQ: ICLR) a global provider of drug development solutions and services to the pharmaceutical, ..."
ICLR,ICLR:UW,BBG000CTV9K6,ICON Acquires PMG Research Inc.,2015-12-07 13:45:25 +0000,http://www.noodls.com/view/6A0A91A82D663438F8E1BCFF4B5E27771A5AFEB5,"[at noodls] - Dublin, Ireland, 7th December, 2015 - ICON plc, (NASDAQ: ICLR) a global provider of drug development solutions and services to the pharmaceutical, biotechnology and medical device industries, today announced ..."
ICLR,ICLR:UW,BBG000CTV9K6,ICON Announces the Appointment of Dr. Steve Cutler to Board of Directors,2015-11-25 11:08:46 +0000,http://www.noodls.com/view/888D4413CC071EE463113A95D9C3B3D2102B9D91,"[at noodls] - DUBLIN--(BUSINESS WIRE)-- ICON plc, (NASDAQ:ICLR) a global provider of drug development solutions and services to the pharmaceutical, biotechnology and medical device industries, today announced the appointment ..."
ICLR,ICLR:UW,BBG000CTV9K6,ICON Partners with iCardiac Technologies to Provide an Earlier and More Precise Method for Evaluating Cardiac Safety,2015-11-03 10:16:07 +0000,http://www.noodls.com/view/7F0949F8DB4C71D5630877B2AD0106801F80A757,"[at noodls] - Dublin, Ireland, 3rd November, 2015 - ICON plc, (NASDAQ: ICLR) a global provider of drug development solutions and services to the pharmaceutical, biotechnology and medical device industries, today announced ..."
ICLR,ICLR:UW,BBG000CTV9K6,ICON Reports Third Quarter 2015,2015-10-27 15:27:06 +0000,http://www.noodls.com/view/4B458FF694C168C73C12FE7CD11D8F5A4B22999D,"[at noodls] - Highlights Gross business wins of $518 million, representing a gross book to bill of 1.31. Net business wins of $475 million, representing a net book to bill of 1.20. Quarter 3 net revenue of $395 million, ..."
ICLR,ICLR:UW,BBG000CTV9K6,Icon PLC beats 3Q profit forecasts,2015-10-27 10:08:19 +0000,http://sg.finance.yahoo.com/news/icon-plc-beats-3q-profit-100819331.html,Icon PLC beats 3Q profit forecasts
ICLR,ICLR:UW,BBG000CTV9K6,ICON Reports Third Quarter 2015,2015-10-27 10:00:00 +0000,http://uk.finance.yahoo.com/news/icon-reports-third-quarter-2015-100000500.html,ICON Reports Third Quarter 2015
ICLR,ICLR:UW,BBG000CTV9K6,ICON Strengthens its Leadership Team in Asia Pacific with Two Key Appointments,2015-10-22 10:39:15 +0000,http://www.noodls.com/view/6447AFA7D4ACE224CD03D4992AB4B4BD6E317E0F,"[at noodls] - Hiroshi Ichikawa joins ICON with30 years of CRO and pharmaceutical industry experience in Japan. Prior to ICON, Ichikawa-san was Executive Vice President and Senior Director of the Regulatory Science Department ..."
ICLR,ICLR:UW,BBG000CTV9K6,ICON Receives Finalist Nomination for the 2015 Scrip Awards,2015-09-21 18:05:19 +0000,http://www.noodls.com/view/95A47930AFD633622A8717F9C1D7F45DD408CE27,"[at noodls] - Firecrest eConsent Shortlisted in Best Technological Development in Clinical Trials Category Dublin, Ireland, 21 September, 2015 - ICON plc, (NASDAQ: ICLR), a global provider of drug development solutions ..."
ICLR,ICLR:UW,BBG000CTV9K6,"ICON and IBM to Revolutionise Clinical Trial Feasibility, Patient Recruitment and Study Start-up Timelines",2015-09-10 12:01:00 +0000,http://uk.finance.yahoo.com/news/icon-ibm-revolutionise-clinical-trial-120100994.html,"ICON and IBM to Revolutionise Clinical Trial Feasibility, Patient Recruitment and Study Start-up Timelines"
ICLR,ICLR:UW,BBG000CTV9K6,Icon PLC beats 2Q profit forecasts,2015-07-28 10:09:59 +0000,http://sg.finance.yahoo.com/news/icon-plc-beats-2q-profit-100959404.html,Icon PLC beats 2Q profit forecasts
