RESULT_COUNT: 240,PAGE_SIZE: 10000,CURRENT_PAGE: 1,TOTAL_PAGES: 1,API_CALL_CREDITS: 1
TICKER,FIGI_TICKER,FIGI,TITLE,PUBLICATION_DATE,URL,SUMMARY
ICUI,ICUI:UW,BBG000CQWFW4,"ETFs with exposure to ICU Medical, Inc. : October 17, 2017",2017-10-17 13:46:22 +0000,http://finance.yahoo.com/r/453f93e1-5e88-38c2-b2f2-a7c571e085a4/etfs-with-exposure-to-icu-medical-inc-october-17-2017?yptr=yahoo&.tsrc=rss,"Categories:  ETFs Yahoo FinanceClick here to see latest analysis ETFs with exposure to ICU Medical, Inc. Here are 5 ETFs with the largest exposure to ICUI-US. Comparing the performance and risk of ICU Medical, Inc. with the ETFs that have exposure to it gives us some ETF choices that could give us similar returns with lower volatility. Ticker ... Read more
<b>(Read more...)</b>"
ICUI,ICUI:UW,BBG000CQWFW4,"ICU Medical, Inc. Announces Time of Third Quarter 2017 Earnings Call",2017-10-12 20:05:00 +0000,https://finance.yahoo.com/news/icu-medical-inc-announces-time-200500700.html?.tsrc=rss,"SAN CLEMENTE, Calif., Oct. 12, 2017-- ICU Medical, Inc., a leader in the development, manufacture and sale of innovative medical devices used in infusion therapy and critical care applications, today announced ..."
ICUI,ICUI:UW,BBG000CQWFW4,See what the IHS Markit Score report has to say about ICU Medical Inc.,2017-10-09 12:01:45 +0000,https://finance.yahoo.com/news/see-ihs-markit-score-report-120145950.html?.tsrc=rss,"The last change in the short interest score occurred more than 1 month ago and implies that there has been little change in sentiment among investors who seek to profit from falling equity prices.  Index (PMI) data, output in the Healthcare sector is rising."
ICUI,ICUI:UW,BBG000CQWFW4,"ETFs with exposure to ICU Medical, Inc. : October 6, 2017",2017-10-06 14:53:44 +0000,http://finance.yahoo.com/r/41c41cee-62c4-3d98-812f-d427a91148d5/etfs-with-exposure-to-icu-medical-inc-october-6-2017?yptr=yahoo&.tsrc=rss,"Categories:  ETFs Yahoo FinanceClick here to see latest analysis ETFs with exposure to ICU Medical, Inc. Here are 5 ETFs with the largest exposure to ICUI-US. Comparing the performance and risk of ICU Medical, Inc. with the ETFs that have exposure to it gives us some ETF choices that could give us similar returns with lower volatility. Ticker ... Read more
<b>(Read more...)</b>"
ICUI,ICUI:UW,BBG000CQWFW4,"ICU Medical, Inc. :ICUI-US: Earnings Analysis: Q2, 2017 By the Numbers : October 5, 2017",2017-10-05 13:32:13 +0000,http://finance.yahoo.com/r/a754c8c7-b503-3267-8f27-ae29f26f0a86/icu-medical-inc-icui-us-earnings-analysis-q2-2017-by-the-numbers-october-5-2017?yptr=yahoo&.tsrc=rss,"Categories:  Yahoo FinanceGet free summary analysis ICU Medical, Inc. reports financial results for the quarter ended June 30, 2017. We analyze the earnings along side the following peers of ICU Medical, Inc. – AngioDynamics, Inc. (ANGO-US) that have also reported for this period. Highlights Summary numbers: Revenues of USD 331.51 million, Net Earnings of USD -37.06 million. ... Read more
<b>(Read more...)</b>"
ICUI,ICUI:UW,BBG000CQWFW4,See what the IHS Markit Score report has to say about ICU Medical Inc.,2017-10-02 12:01:31 +0000,https://finance.yahoo.com/news/see-ihs-markit-score-report-120131848.html?.tsrc=rss,"The last change in the short interest score occurred more than 1 month ago and implies that there has been little change in sentiment among investors who seek to profit from falling equity prices.  Index (PMI) data, output in the Healthcare sector is rising."
ICUI,ICUI:UW,BBG000CQWFW4,See what the IHS Markit Score report has to say about ICU Medical Inc.,2017-09-29 12:06:02 +0000,https://finance.yahoo.com/news/see-ihs-markit-score-report-120602971.html?.tsrc=rss,"The last change in the short interest score occurred more than 1 month ago and implies that there has been little change in sentiment among investors who seek to profit from falling equity prices.  Index (PMI) data, output in the Healthcare sector is rising."
ICUI,ICUI:UW,BBG000CQWFW4,See what the IHS Markit Score report has to say about ICU Medical Inc.,2017-09-28 12:06:01 +0000,https://finance.yahoo.com/news/see-ihs-markit-score-report-120601473.html?.tsrc=rss,"The last change in the short interest score occurred more than 1 month ago and implies that there has been little change in sentiment among investors who seek to profit from falling equity prices.  Index (PMI) data, output in the Healthcare sector is rising."
ICUI,ICUI:UW,BBG000CQWFW4,See what the IHS Markit Score report has to say about ICU Medical Inc.,2017-09-26 12:06:07 +0000,https://finance.yahoo.com/news/see-ihs-markit-score-report-120607483.html?.tsrc=rss,"The last change in the short interest score occurred more than 1 month ago and implies that there has been little change in sentiment among investors who seek to profit from falling equity prices.  Index (PMI) data, output in the Healthcare sector is rising."
ICUI,ICUI:UW,BBG000CQWFW4,See what the IHS Markit Score report has to say about ICU Medical Inc.,2017-09-12 12:02:46 +0000,https://finance.yahoo.com/news/see-ihs-markit-score-report-120246371.html?.tsrc=rss,"The last change in the short interest score occurred more than 1 month ago and implies that there has been little change in sentiment among investors who seek to profit from falling equity prices.  Index (PMI) data, output in the Healthcare sector is rising."
ICUI,ICUI:UW,BBG000CQWFW4,See what the IHS Markit Score report has to say about ICU Medical Inc.,2017-09-11 12:02:26 +0000,https://finance.yahoo.com/news/see-ihs-markit-score-report-120226881.html?.tsrc=rss,"The last change in the short interest score occurred more than 1 month ago and implies that there has been little change in sentiment among investors who seek to profit from falling equity prices.  Index (PMI) data, output in the Healthcare sector is rising."
ICUI,ICUI:UW,BBG000CQWFW4,ICU Medical Reaches Analyst Target Price,2017-09-06 14:52:50 +0000,http://articlefeeds.nasdaq.com/~r/nasdaq/symbols/~3/fXtR5L4lkYg/icu-medical-reaches-analyst-target-price-cm841629,In recent trading shares of ICU Medical Inc Symbol ICUI have crossed above the average analyst 12 month target price of 175 67 changing hands for 175 90 share When a stock reaches the target an analyst has set the analyst logically has two ways to react downgrade on valuation
ICUI,ICUI:UW,BBG000CQWFW4,See what the IHS Markit Score report has to say about ICU Medical Inc.,2017-09-06 12:04:24 +0000,https://finance.yahoo.com/news/see-ihs-markit-score-report-120424045.html?.tsrc=rss,"The last change in the short interest score occurred more than 1 month ago and implies that there has been little change in sentiment among investors who seek to profit from falling equity prices.  Index (PMI) data, output in the Healthcare sector is rising."
ICUI,ICUI:UW,BBG000CQWFW4,See what the IHS Markit Score report has to say about ICU Medical Inc.,2017-09-04 12:03:03 +0000,https://finance.yahoo.com/news/see-ihs-markit-score-report-120303202.html?.tsrc=rss,"The last change in the short interest score occurred more than 1 month ago and implies that there has been little change in sentiment among investors who seek to profit from falling equity prices.  Index (PMI) data, output in the Healthcare sector is rising."
ICUI,ICUI:UW,BBG000CQWFW4,See what the IHS Markit Score report has to say about ICU Medical Inc.,2017-09-02 12:10:00 +0000,https://finance.yahoo.com/news/see-ihs-markit-score-report-121000243.html?.tsrc=rss,"The last change in the short interest score occurred more than 1 month ago and implies that there has been little change in sentiment among investors who seek to profit from falling equity prices.  Index (PMI) data, output in the Healthcare sector is rising."
ICUI,ICUI:UW,BBG000CQWFW4,"ICU Medical, Inc. breached its 50 day moving average in a Bullish Manner : ICUI-US : August 29, 2017",2017-08-29 12:43:23 +0000,http://finance.yahoo.com/r/6a95c64e-7805-3d7d-9a96-f71fb3496f4a/icu-medical-inc-breached-its-50-day-moving-average-in-a-bullish-manner-icui-us-august-29-2017?yptr=yahoo&.tsrc=rss,"Categories:  ETFs Yahoo FinanceGet full CapitalCube analysis *Disclaimer : This is as of previous day’s closing price. Technical Indicators Below is a quick look at 5 technical indicators for ICU Medical, Inc.. More studies are available on the Technical Chart. Indicator Signal Closing Price above/below 50 Day Moving Average Bullish Closing Price above/below 200 Day Moving Average Bullish ... Read more
<b>(Read more...)</b>"
ICUI,ICUI:UW,BBG000CQWFW4,"ICU Medical, Inc. – Value Analysis (NASDAQ:ICUI) : August 23, 2017",2017-08-23 21:37:21 +0000,http://finance.yahoo.com/r/6c627f1d-1604-3ddb-aa06-98ee894f5e6b/icu-medical-inc-value-analysis-nasdaqicui-august-23-2017?yptr=yahoo&.tsrc=rss,"Categories:  Fundamental Analysis Yahoo FinanceClick here to see latest analysis Capitalcube gives ICU Medical, Inc. a score of 66. Our analysis is based on comparing ICU Medical, Inc. with the following peers – Merit Medical Systems, Inc., Edwards Lifesciences Corporation, AngioDynamics, Inc., Insulet Corporation, Delcath Systems, Inc., Teleflex Incorporated, Becton, Dickinson and Company and Baxter International Inc. (MMSI-US, EW-US, ... Read more
<b>(Read more...)</b>"
ICUI,ICUI:UW,BBG000CQWFW4,See what the IHS Markit Score report has to say about ICU Medical Inc.,2017-08-23 12:02:37 +0000,https://finance.yahoo.com/news/see-ihs-markit-score-report-120244310.html?.tsrc=rss,"The last change in the short interest score occurred more than 1 month ago and implies that there has been little change in sentiment among investors who seek to profit from falling equity prices.  Index (PMI) data, output in the Healthcare sector is rising."
ICUI,ICUI:UW,BBG000CQWFW4,"ICU Medical, Inc. to Participate at the Morgan Stanley 15th Annual Global Healthcare Conference",2017-08-17 17:00:00 +0000,https://finance.yahoo.com/news/icu-medical-inc-participate-morgan-170000560.html?.tsrc=rss,"SAN CLEMENTE, Calif., Aug. 17, 2017-- ICU Medical, Inc., a leader in the development, manufacture and sale of innovative medical devices used in infusion therapy, oncology and critical care applications, ..."
ICUI,ICUI:UW,BBG000CQWFW4,Corporate News Blog - STAAR Surgical Announces Strategic Cooperation Agreement with Seoul/Busan Eye Clinic,2017-08-17 11:00:00 +0000,https://finance.yahoo.com/news/corporate-news-blog-staar-surgical-110000315.html?.tsrc=rss,"Research Desk Line-up: ICU Medical Post Earnings Coverage LONDON, UK / ACCESSWIRE / August 17, 2017 / Pro-Trader Daily takes a look at the latest corporate events and news making the headlines for STAAR ..."
ICUI,ICUI:UW,BBG000CQWFW4,See what the IHS Markit Score report has to say about ICU Medical Inc.,2017-08-12 12:02:53 +0000,https://finance.yahoo.com/news/see-ihs-markit-score-report-120253949.html?.tsrc=rss,"The last change in the short interest score occurred more than 1 month ago and implies that there has been little change in sentiment among investors who seek to profit from falling equity prices.  Index (PMI) data, output in the Healthcare sector is rising."
ICUI,ICUI:UW,BBG000CQWFW4,Edited Transcript of ICUI earnings conference call or presentation 9-Aug-17 8:30pm GMT,2017-08-12 07:11:18 +0000,https://finance.yahoo.com/news/edited-transcript-icui-earnings-conference-021234614.html?.tsrc=rss,Q2 2017 ICU Medical Inc Earnings Call
ICUI,ICUI:UW,BBG000CQWFW4,"ICU Medical, Inc. breached its 50 day moving average in a Bearish Manner : ICUI-US : August 11, 2017",2017-08-11 14:13:58 +0000,http://finance.yahoo.com/r/9eda9058-3eb3-3335-863b-5924c2b7baf3/icu-medical-inc-breached-its-50-day-moving-average-in-a-bearish-manner-icui-us-august-11-2017?yptr=yahoo&.tsrc=rss,"Categories:  ETFs Yahoo FinanceGet full CapitalCube analysis *Disclaimer : This is as of previous day’s closing price. Technical Indicators Below is a quick look at 5 technical indicators for ICU Medical, Inc.. More studies are available on the Technical Chart. Indicator Signal Closing Price above/below 50 Day Moving Average Bearish Closing Price above/below 200 Day Moving Average Bullish ... Read more
<b>(Read more...)</b>"
ICUI,ICUI:UW,BBG000CQWFW4,ICU Medical reports 2Q loss,2017-08-10 02:32:00 +0000,https://finance.yahoo.com/news/icu-medical-reports-2q-loss-213606721.html?.tsrc=rss,"On a per-share basis, the San Clemente, California-based company said it had a loss of $1.87. Earnings, adjusted for non-recurring costs and stock option expense, were 76 cents per share. The medical device ..."
ICUI,ICUI:UW,BBG000CQWFW4,"ICU Medical, Inc. Announces Second Quarter 2017 Results",2017-08-09 20:05:00 +0000,https://finance.yahoo.com/news/icu-medical-inc-announces-second-200500894.html?.tsrc=rss,"SAN CLEMENTE, Calif., Aug. 09, 2017-- ICU Medical, Inc., a leader in the development, manufacture and sale of innovative medical devices used in infusion therapy and critical care applications, today announced ..."
ICUI,ICUI:UW,BBG000CQWFW4,"Investor Network: ICU Medical, Inc. to Host Earnings Call",2017-08-09 16:20:00 +0000,https://finance.yahoo.com/news/investor-network-icu-medical-inc-162000652.html?.tsrc=rss,"NEW YORK, NY / ACCESSWIRE / August 9, 2017 / ICU Medical, Inc. (NASDAQ: ICUI ) will be discussing their earnings results in their Q2 Earnings Call to be held on Wednesday, August 9, 2017 at 4:30 PM Eastern ..."
ICUI,ICUI:UW,BBG000CQWFW4,ICU Medical Recalls One Lot Of 0.9% Sodium Chloride Injection,2017-07-31 06:30:00 +0000,http://articlefeeds.nasdaq.com/~r/nasdaq/symbols/~3/6wMYTiPxrI8/icu-medical-recalls-one-lot-of-09-sodium-chloride-injection-20170731-00295,ICU Medical Recalls One Lot Of 0.9% Sodium Chloride Injection
ICUI,ICUI:UW,BBG000CQWFW4,ICU Medical Recalls One Lot Of 0.9% Sodium Chloride Injection,2017-07-31 06:30:00 +0000,http://articlefeeds.nasdaq.com/~r/nasdaq/symbols/~3/sNAg2XNNwhs/icu-medical-recalls-one-lot-of-09%25-sodium-chloride-injection-20170731-00295,ICU Medical Recalls One Lot Of 0.9% Sodium Chloride Injection
ICUI,ICUI:UW,BBG000CQWFW4,3 Things You Can Expect With Pfizer's Q2 Results,2017-07-30 12:54:41 +0000,http://articlefeeds.nasdaq.com/~r/nasdaq/symbols/~3/Zqz_q6_sru0/3-things-you-can-expect-with-pfizers-q2-results-cm823881,There was good news and bad news for Pfizer NYSE PFE the last time it reported quarterly results In May the big drugmaker announced earnings for the first quarter that beat analysts estimates but revenue that fell from the prior year period Pfizer provides its update
ICUI,ICUI:UW,BBG000CQWFW4,InPlay from Briefing.com,2017-07-28 20:56:54 +0000,https://finance.yahoo.com/news/inplay-briefing-com-125529772.html?.tsrc=rss,InPlay from Briefing.com
ICUI,ICUI:UW,BBG000CQWFW4,ICU Medical Issues a Voluntary Nationwide Recall of One Lot of 0.9% Sodium Chloride Injection Due to the Presence of Particulate Matter,2017-07-28 20:30:00 +0000,https://finance.yahoo.com/news/icu-medical-issues-voluntary-nationwide-203000858.html?.tsrc=rss,"LAKE FOREST, Ill. , July 28, 2017 /PRNewswire/ --   ICU Medical, Inc. is voluntarily recalling one lot of 0.9% Sodium Chloride Injection, USP 1000 mL to the hospital/user level due to a confirmed customer ..."
ICUI,ICUI:UW,BBG000CQWFW4,"ETFs with exposure to ICU Medical, Inc. : July 11, 2017",2017-07-11 18:40:20 +0000,http://finance.yahoo.com/r/60019513-b440-3321-bf49-b034485f2915/etfs-with-exposure-to-icu-medical-inc-july-11-2017?yptr=yahoo&.tsrc=rss,"Categories:  ETFs Yahoo FinanceClick here to see latest analysis ETFs with exposure to ICU Medical, Inc. Here are 5 ETFs with the largest exposure to ICUI-US. Comparing the performance and risk of ICU Medical, Inc. with the ETFs that have exposure to it gives us some ETF choices that could give us similar returns with lower volatility. Ticker ... Read more
<b>(Read more...)</b>"
ICUI,ICUI:UW,BBG000CQWFW4,"ICU Medical, Inc. Announces Time of Second Quarter 2017 Earnings Call",2017-07-11 11:30:00 +0000,https://finance.yahoo.com/news/icu-medical-inc-announces-time-113000517.html?.tsrc=rss,"SAN CLEMENTE, Calif., July 11, 2017-- ICU Medical, Inc., a leader in the development, manufacture and sale of innovative medical devices used in infusion therapy and critical care applications, today announced ..."
ICUI,ICUI:UW,BBG000CQWFW4,"ETFs with exposure to ICU Medical, Inc. : June 30, 2017",2017-06-30 19:03:00 +0000,http://finance.yahoo.com/r/fd48c37d-e49c-30e9-bada-d638c79684c5/etfs-with-exposure-to-icu-medical-inc-june-30-2017?yptr=yahoo&.tsrc=rss,"Categories:  ETFs Yahoo FinanceClick here to see latest analysis ETFs with exposure to ICU Medical, Inc. Here are 5 ETFs with the largest exposure to ICUI-US. Comparing the performance and risk of ICU Medical, Inc. with the ETFs that have exposure to it gives us some ETF choices that could give us similar returns with lower volatility. Ticker ... Read more
<b>(Read more...)</b>"
ICUI,ICUI:UW,BBG000CQWFW4,ICU Medical Reaches Analyst Target Price,2017-06-20 14:20:41 +0000,http://articlefeeds.nasdaq.com/~r/nasdaq/symbols/~3/1-hVyRCBmKc/icu-medical-reaches-analyst-target-price-cm805522,In recent trading shares of ICU Medical Inc Symbol ICUI have crossed above the average analyst 12 month target price of 171 67 changing hands for 172 10 share When a stock reaches the target an analyst has set the analyst logically has two ways to react downgrade on valuation
ICUI,ICUI:UW,BBG000CQWFW4,"ETFs with exposure to ICU Medical, Inc. : June 19, 2017",2017-06-19 19:30:22 +0000,http://finance.yahoo.com/r/21f659e5-5758-3aad-a9f7-ad7f7352177a/etfs-with-exposure-to-icu-medical-inc-june-19-2017?yptr=yahoo&.tsrc=rss,"Categories:  ETFs Yahoo FinanceClick here to see latest analysis ETFs with exposure to ICU Medical, Inc. Here are 5 ETFs with the largest exposure to ICUI-US. Comparing the performance and risk of ICU Medical, Inc. with the ETFs that have exposure to it gives us some ETF choices that could give us similar returns with lower volatility. Ticker ... Read more
<b>(Read more...)</b>"
ICUI,ICUI:UW,BBG000CQWFW4,"ICU Medical, Inc. :ICUI-US: Earnings Analysis: Q1, 2017 By the Numbers : June 16, 2017",2017-06-16 15:58:00 +0000,http://finance.yahoo.com/r/ac2bcd6f-dd83-349b-bba0-bd13ae829de6/icu-medical-inc-icui-us-earnings-analysis-q1-2017-by-the-numbers-june-16-2017?yptr=yahoo&.tsrc=rss,"Categories:  Yahoo FinanceGet free summary analysis ICU Medical, Inc. reports financial results for the quarter ended March 31, 2017. We analyze the earnings along side the following peers of ICU Medical, Inc. – Merit Medical Systems, Inc., Edwards Lifesciences Corporation, Insulet Corporation, Delcath Systems, Inc., Teleflex Incorporated, Becton, Dickinson and Company and Baxter International Inc. (MMSI-US, EW-US, ... Read more
<b>(Read more...)</b>"
ICUI,ICUI:UW,BBG000CQWFW4,Edited Transcript of ICUI earnings conference call or presentation 10-May-17 8:30pm GMT,2017-05-16 17:20:52 +0000,https://finance.yahoo.com/news/edited-transcript-icui-earnings-conference-124619653.html?.tsrc=rss,Q1 2017 ICU Medical Inc Earnings Call
ICUI,ICUI:UW,BBG000CQWFW4,ICU Medical Inc. (ICUI) Has Climbed To A New High Following Q1 Report,2017-05-11 09:40:00 +0000,http://articlefeeds.nasdaq.com/~r/nasdaq/symbols/~3/FhQh6bBhuUU/icu-medical-inc-icui-has-climbed-to-a-new-high-following-q1-report-20170511-00916,ICU Medical Inc. (ICUI) Has Climbed To A New High Following Q1 Report
ICUI,ICUI:UW,BBG000CQWFW4,ICU Medical posts 1Q profit,2017-05-10 20:38:28 +0000,http://finance.yahoo.com/news/icu-medical-posts-1q-profit-203828163.html?.tsrc=rss,"On a per-share basis, the San Clemente, California-based company said it had profit of $2.86. Earnings, adjusted for one-time gains and costs, were $1.68 per share. The medical device maker posted revenue ..."
ICUI,ICUI:UW,BBG000CQWFW4,"ICU Medical, Inc. Announces First Quarter 2017 Results",2017-05-10 20:05:00 +0000,http://finance.yahoo.com/news/icu-medical-inc-announces-first-200500387.html?.tsrc=rss,"SAN CLEMENTE, Calif., May 10, 2017-- ICU Medical, Inc., a leader in the development, manufacture and sale of innovative medical devices used in infusion therapy and critical care applications, today announced ..."
ICUI,ICUI:UW,BBG000CQWFW4,"Investor Network: ICU Medical, Inc. to Host Earnings Call",2017-05-10 13:45:00 +0000,http://finance.yahoo.com/news/investor-network-icu-medical-inc-134500322.html?.tsrc=rss,"NEW YORK, NY / ACCESSWIRE / May 10, 2017 / ICU Medical, Inc. (NASDAQ: ICUI ) will be discussing their earnings results in their Q1 Earnings Call to be held May 10, 2017 at 4:30 PM Eastern Time. To listen ..."
ICUI,ICUI:UW,BBG000CQWFW4,NanoString Appoints Elisha W. Finney to Board of Directors,2017-05-10 10:00:00 +0000,http://finance.yahoo.com/news/nanostring-appoints-elisha-w-finney-100000364.html?.tsrc=rss,"SEATTLE, May 10, 2017-- NanoString Technologies, Inc., a provider of life science tools for translational research and molecular diagnostic products, today announced the appointment of Elisha W. Finney, ..."
ICUI,ICUI:UW,BBG000CQWFW4,"3 Reasons Pfizer, Inc. Investors Shouldn't Be Concerned About the Q1 Revenue Dip",2017-05-02 22:29:07 +0000,http://articlefeeds.nasdaq.com/~r/nasdaq/symbols/~3/2rK64CZy-Us/3-reasons-pfizer-inc-investors-shouldnt-be-concerned-about-the-q1-revenue-dip-cm783099,Pfizer Inc NYSE PFE reported its first quarter results before the market opened on Tuesday The big drugmaker s revenue of 12 8 billion reflected a 2 drop from the prior year period Falling sales isn t usually a good sign Should Pfizer investors be concerned Nope Here
ICUI,ICUI:UW,BBG000CQWFW4,"Pfizer (PFE) Q1 Earnings Beat, Sales Lag, 2017 View Intact",2017-05-02 15:32:08 +0000,http://articlefeeds.nasdaq.com/~r/nasdaq/symbols/~3/dmU_YftnQrU/pfizer-pfe-q1-earnings-beat-sales-lag-2017-view-intact-cm782614,Pfizer Inc PFE reported first quarter 2017 adjusted earnings per share of 69 cents which beat the Zacks Consensus Estimate of 67 cents by 3 Earnings also rose 3 year over year as lower costs offset a soft top line performance On the other hand revenues missed expectations
ICUI,ICUI:UW,BBG000CQWFW4,"ICU Medical, Inc. Announces Time of First Quarter 2017 Earnings Call",2017-05-02 11:30:00 +0000,http://finance.yahoo.com/news/icu-medical-inc-announces-time-113000752.html?.tsrc=rss,"SAN CLEMENTE, Calif., May 02, 2017-- ICU Medical, Inc., a leader in the development, manufacture and sale of innovative medical devices used in infusion therapy and critical care applications, today announced ..."
ICUI,ICUI:UW,BBG000CQWFW4,"Lifshitz & Miller LLP Announces Investigation of Amyris, Inc., Commvault Systems, Inc., ICU Medical, Inc., Incyte Corporation, MOCON, Inc., Ocwen Financial Corporation and ThereapeuticsMD, Inc.",2017-04-28 23:17:00 +0000,http://finance.yahoo.com/news/lifshitz-miller-llp-announces-investigation-231700102.html?.tsrc=rss,"NEW YORK, April 28, 2017 /PRNewswire/ -- Amyris, Inc. (AMRS) Lifshitz & Miller announces investigation on behalf of AMRS investors after AMRS reported a $10 million decrease in revenue from March 2, 2017 ..."
ICUI,ICUI:UW,BBG000CQWFW4,"ICU Medical, Inc. breached its 50 day moving average in a Bullish Manner : ICUI-US : April 28, 2017",2017-04-28 12:20:56 +0000,http://finance.yahoo.com/r/4e29a0f5-64e5-3c45-8696-32f6e3b7fd98/icu-medical-inc-breached-its-50-day-moving-average-in-a-bullish-manner-icui-us-april-28-2017?yptr=yahoo&.tsrc=rss,"Categories:  ETFs Yahoo FinanceClick here to see latest analysis *Disclaimer : This is as of previous day’s closing price. Technical Indicators Below is a quick look at 5 technical indicators for ICU Medical, Inc.. More studies are available on the Technical Chart. Indicator Signal Closing Price above/below 50 Day Moving Average Bullish Closing Price above/below 200 Day Moving ... Read more
<b>(Read more...)</b>"
ICUI,ICUI:UW,BBG000CQWFW4,"SHAREHOLDER ALERT: Bronstein, Gewirtz & Grossman, LLC Announces Investigation of ICU Medical, Inc. (ICUI)",2017-04-20 14:00:00 +0000,http://finance.yahoo.com/news/shareholder-alert-bronstein-gewirtz-grossman-140000193.html?.tsrc=rss,"NEW YORK, April 20, 2017 /PRNewswire/ -- Attorney Advertising -- Bronstein, Gewirtz & Grossman, LLC is investigating potential claims on behalf of purchasers of ICE Medical, Inc. (""ICU Medical"" ..."
ICUI,ICUI:UW,BBG000CQWFW4,Pfizer subpoenaed in U.S. intravenous saline solution probe,2017-04-20 01:13:21 +0000,http://finance.yahoo.com/news/pfizer-subpoenaed-u-intravenous-saline-011321158.html?.tsrc=rss,"Pfizer Inc has received  grand jury subpoenas from the U.S. Justice Department in  connection with an antitrust investigation focusing on  drugmakers that market intravenous saline solutions.  The drugmaker disclosed the subpoenas in a statement on  Wednesday after ICU Medical Inc, which recently  acquired Pfizer's global infusion therapy business, and Baxter  International Inc said they received similar subpoenas.  ICU Medical said the probe related to Hospira Infusion  Systems, which it purchased in February from Pfizer, after  Pfizer had acquired it in a merger with Hospira Inc in 2015."
ICUI,ICUI:UW,BBG000CQWFW4,Pfizer Gets US DoJ Subpoena In Intravenous Saline Investigation,2017-04-19 23:11:00 +0000,http://articlefeeds.nasdaq.com/~r/nasdaq/symbols/~3/KgKGvDaRTso/pfizer-gets-us-doj-subpoena-in-intravenous-saline-investigation-20170419-01469,Pfizer Gets US DoJ Subpoena In Intravenous Saline Investigation
ICUI,ICUI:UW,BBG000CQWFW4,Pfizer is latest to get Justice Department subpoena in intravenous saline investigation,2017-04-19 20:03:01 +0000,http://finance.yahoo.com/r/5e9bc3f2-bf05-3424-91d0-e2fde42f2ce2/Story.aspx?guid=8420F8DA-0882-41F2-A42F-1CAB7E0C3F69&siteid=yhoof2&yptr=yahoo&.tsrc=rss,"Pfizer Inc. has been subpoenaed by the Justice Department as part of an antitrust investigation into intravenous saline sales practices, requests that it is ""evaluating,"" the company said Wednesday. ..."
ICUI,ICUI:UW,BBG000CQWFW4,Pfizer subpoenaed in U.S. intravenous saline solution probe,2017-04-19 19:05:29 +0000,http://finance.yahoo.com/news/pfizer-subpoenaed-u-intravenous-saline-155252390.html?.tsrc=rss,"Pfizer Inc has received  grand jury subpoenas from the U.S. Justice Department in  connection with an antitrust investigation focusing on  drugmakers that market intravenous saline solutions.  The drugmaker disclosed the subpoenas in a statement on  Wednesday after ICU Medical Inc, which recently  acquired Pfizer's global infusion therapy business, and Baxter  International Inc said they received similar subpoenas."
ICUI,ICUI:UW,BBG000CQWFW4,"SHAREHOLDER ALERT: Pomerantz Law Firm Investigates Claims On Behalf of Investors of ICU Medical, Inc. -- ICUI",2017-04-19 17:06:00 +0000,http://finance.yahoo.com/news/shareholder-alert-pomerantz-law-firm-170600157.html?.tsrc=rss,"NEW YORK, April 19, 2017 /PRNewswire/ -- Pomerantz LLP is investigating claims on behalf of investors of  ICU Medical, Inc. (""ICU Medical"" or the ""Company"") (NASDAQ: ICUI).   Such investors ..."
ICUI,ICUI:UW,BBG000CQWFW4,"ICU Medical, Inc. – Value Analysis (NASDAQ:ICUI) : April 17, 2017",2017-04-17 17:31:25 +0000,http://finance.yahoo.com/r/ec602a70-123b-34eb-8a02-9c2bf855469a/icu-medical-inc-value-analysis-nasdaqicui-april-17-2017?yptr=yahoo&.tsrc=rss,"Categories:  Fundamental Analysis Yahoo FinanceClick here to see latest analysis Capitalcube gives ICU Medical, Inc. a score of 78. Our analysis is based on comparing ICU Medical, Inc. with the following peers – Merit Medical Systems, Inc., Edwards Lifesciences Corporation, AngioDynamics, Inc., Insulet Corporation, Delcath Systems, Inc., Teleflex Incorporated, Becton, Dickinson and Company and Baxter International Inc. (MMSI-US, EW-US, ... Read more
<b>(Read more...)</b>"
ICUI,ICUI:UW,BBG000CQWFW4,"ICU Medical, Inc. breached its 50 day moving average in a Bearish Manner : ICUI-US : April 13, 2017",2017-04-13 12:15:15 +0000,http://finance.yahoo.com/r/1de26163-1fb6-30a1-9b0c-07aae992ee3f/icu-medical-inc-breached-its-50-day-moving-average-in-a-bearish-manner-icui-us-april-13-2017?yptr=yahoo&.tsrc=rss,"Categories:  ETFs Yahoo FinanceClick here to see latest analysis *Disclaimer : This is as of previous day’s closing price. Technical Indicators Below is a quick look at 5 technical indicators for ICU Medical, Inc.. More studies are available on the Technical Chart. Indicator Signal Closing Price above/below 50 Day Moving Average Bearish Closing Price above/below 200 Day Moving ... Read more
<b>(Read more...)</b>"
ICUI,ICUI:UW,BBG000CQWFW4,"Gannett Welsh & Kotler Buys American Tower, Silicon Laboratories, United Bankshares, Sells ...",2017-04-11 13:53:27 +0000,http://articlefeeds.nasdaq.com/~r/nasdaq/symbols/~3/ZLLHtUlr3EM/gannett-welsh-kotler-buys-american-tower-silicon-laboratories-united-bankshares-sells-cm772597,Gannett Welsh Kotler New Purchases SLAB AMZN ZAYO PII HZN CUB ENTG TAST SIGI ROCK Added Positions AMT UBSI COTV CVA EPAM ENB PBCT GSK IT EXP Reduced Positions CEB URBN DORM LOGM LOPE MIDD FRC MKTX RBA TYL Sold Out
ICUI,ICUI:UW,BBG000CQWFW4,"ETFs with exposure to ICU Medical, Inc. : April 5, 2017",2017-04-05 20:54:30 +0000,http://finance.yahoo.com/r/8aedc927-0e19-36fd-a5e1-f79fc4071496/etfs-with-exposure-to-icu-medical-inc-april-5-2017?yptr=yahoo&.tsrc=rss,"Categories:  ETFs Yahoo FinanceClick here to see latest analysis ETFs with exposure to ICU Medical, Inc. Here are 5 ETFs with the largest exposure to ICUI-US. Comparing the performance and risk of ICU Medical, Inc. with the ETFs that have exposure to it gives us some ETF choices that could give us similar returns with lower volatility. Ticker ... Read more
<b>(Read more...)</b>"
ICUI,ICUI:UW,BBG000CQWFW4,ICU MEDICAL INC/DE Financials,2017-03-07 18:04:14 +0000,http://finance.yahoo.com/q/is?s=icui,ICU MEDICAL INC/DE Financials
ICUI,ICUI:UW,BBG000CQWFW4,"ICU Medical, Inc. :ICUI-US: Earnings Analysis: Q4, 2016 By the Numbers : March 7, 2017",2017-03-07 16:34:19 +0000,http://finance.yahoo.com/r/e5f24f56-9438-3b99-a62b-407cf87f16aa/icu-medical-inc-icui-us-earnings-analysis-q4-2016-by-the-numbers-march-7-2017?yptr=yahoo&.tsrc=rss,"Categories:   Yahoo Finance Get free summary analysis ICU Medical, Inc. reports financial results for the quarter ended December 31, 2016. We analyze the earnings along side the following peers of ICU Medical, Inc. – Merit Medical Systems, Inc., Edwards Lifesciences Corporation, Insulet Corporation, Teleflex Incorporated, Becton, Dickinson and Company and Baxter International Inc. (MMSI-US, EW-US, PODD-US, TFX-US, BDX-US ... Read more    
<b>(Read more...)</b>"
ICUI,ICUI:UW,BBG000CQWFW4,"ICU Medical, Inc. :ICUI-US: Earnings Analysis: Q4, 2016 By the Numbers : March 7, 2017",2017-03-07 16:34:19 +0000,http://www.capitalcube.com/blog/index.php/icu-medical-inc-icui-us-earnings-analysis-q4-2016-by-the-numbers-march-7-2017/,"ICU Medical, Inc. :ICUI-US: Earnings Analysis: Q4, 2016 By the Numbers : March 7, 2017"
ICUI,ICUI:UW,BBG000CQWFW4,"ICU Medical, Inc. to Present at the 29th Annual ROTH Conference",2017-03-07 12:00:00 +0000,http://finance.yahoo.com/news/icu-medical-inc-present-29th-120000675.html?.tsrc=rss,"SAN CLEMENTE, Calif., March 07, 2017-- ICU Medical, Inc., a leader in the development, manufacture and sale of innovative medical devices used in infusion therapy, oncology and critical care applications, ..."
ICUI,ICUI:UW,BBG000CQWFW4,"ICU Medical, Inc. to Present at the 29th Annual ROTH Conference",2017-03-07 12:00:00 +0000,http://finance.yahoo.com/news/icu-medical-inc-present-29th-120000675.html,"[GlobeNewswire] - SAN CLEMENTE, Calif., March 07, 2017-- ICU Medical, Inc., a leader in the development, manufacture and sale of innovative medical devices used in infusion therapy, oncology and critical care applications, ..."
ICUI,ICUI:UW,BBG000CQWFW4,[$$] ICU Medical Outlook Misses Wall Street Targets,2017-03-02 02:40:25 +0000,http://finance.yahoo.com/r/32f1232b-e883-3eff-b522-721e3f201132/icu-medical-2017-outlook-falls-short-of-wall-street-estimates-1488404325?mod=yahoo_hs&yptr=yahoo&.tsrc=rss,ICU Medical said profits and revenue rose but gave a 2017 outlook shy of analysts’ estimates.
ICUI,ICUI:UW,BBG000CQWFW4,[$$] ICU Medical Outlook Misses Wall Street Targets,2017-03-02 02:40:25 +0000,https://www.wsj.com/articles/icu-medical-2017-outlook-falls-short-of-wall-street-estimates-1488404325?mod=yahoo_hs,[$$] ICU Medical Outlook Misses Wall Street Targets
ICUI,ICUI:UW,BBG000CQWFW4,Edited Transcript of ICUI earnings conference call or presentation 1-Mar-17 9:30pm GMT,2017-03-02 01:56:36 +0000,http://finance.yahoo.com/news/edited-transcript-icui-earnings-conference-015636667.html,Edited Transcript of ICUI earnings conference call or presentation 1-Mar-17 9:30pm GMT
ICUI,ICUI:UW,BBG000CQWFW4,Edited Transcript of ICUI earnings conference call or presentation 1-Mar-17 9:30pm GMT,2017-03-02 01:56:36 +0000,http://finance.yahoo.com/news/edited-transcript-icui-earnings-conference-015636667.html?.tsrc=rss,Q4 2016 ICU Medical Inc Earnings Call
ICUI,ICUI:UW,BBG000CQWFW4,ICU Medical beats 4Q profit forecasts,2017-03-01 22:48:55 +0000,http://finance.yahoo.com/news/icu-medical-beats-4q-profit-224855041.html?.tsrc=rss,"The San Clemente, California-based company said it had profit of 54 cents per share. Earnings, adjusted for non-recurring costs and stock option expense, came to $1.20 per share. The results exceeded Wall ..."
ICUI,ICUI:UW,BBG000CQWFW4,ICU Medical beats 4Q profit forecasts,2017-03-01 22:48:55 +0000,http://sg.finance.yahoo.com/news/icu-medical-beats-4q-profit-224855644.html,ICU Medical beats 4Q profit forecasts
ICUI,ICUI:UW,BBG000CQWFW4,"4:12 pm ICU Medical beats by $0.01, beats on revs; guides FY17 EPS below consensus, revs above consensus",2017-03-01 21:12:00 +0000,http://finance.yahoo.com/news/inplay-briefing-com-055139997.html#icui,"4:12 pm ICU Medical beats by $0.01, beats on revs; guides FY17 EPS below consensus, revs above consensus"
ICUI,ICUI:UW,BBG000CQWFW4,"ICU MEDICAL INC/DE Files SEC form 8-K, Financial Statements and Exhibits",2017-03-01 21:11:00 +0000,http://biz.yahoo.com/e/170301/icui8-k.html,"ICU MEDICAL INC/DE Files SEC form 8-K, Financial Statements and Exhibits"
ICUI,ICUI:UW,BBG000CQWFW4,"ICU Medical, Inc. Announces Fourth Quarter and Fiscal Year 2016 Results",2017-03-01 21:05:00 +0000,http://finance.yahoo.com/news/icu-medical-inc-announces-fourth-210500427.html,"[GlobeNewswire] - SAN CLEMENTE, Calif., March 01, 2017-- ICU Medical, Inc., a leader in the development, manufacture and sale of innovative medical devices used in infusion therapy, oncology and critical care applications, ..."
ICUI,ICUI:UW,BBG000CQWFW4,"ICU Medical, Inc. Announces Fourth Quarter and Fiscal Year 2016 Results",2017-03-01 21:05:00 +0000,http://finance.yahoo.com/news/icu-medical-inc-announces-fourth-210500427.html?.tsrc=rss,"SAN CLEMENTE, Calif., March 01, 2017-- ICU Medical, Inc., a leader in the development, manufacture and sale of innovative medical devices used in infusion therapy, oncology and critical care applications, ..."
ICUI,ICUI:UW,BBG000CQWFW4,"After-Hours Earnings Report for March 1, 2017 :  AVGO, MNST, OPK, VGR, XON, FSIC, JUNO, ICUI, NKTR, SQM, FGEN, GKOS",2017-03-01 20:11:56 +0000,http://articlefeeds.nasdaq.com/~r/nasdaq/symbols/~3/ICffZYcD1Ho/after-hours-earnings-report-for-march-1-2017-avgo-mnst-opk-vgr-xon-fsic-juno-icui-nktr-sqm-fgen-gkos-cm754988,The following companies are expected to report earnings after hours on 03 01 2017 Visit our Earnings Calendar for a full list of expected earnings releases Broadcom Limited AVGO is reporting for the quarter ending January 31 2017 The electric
ICUI,ICUI:UW,BBG000CQWFW4,ICU Medical Q4 Profit Tops Estimates; Issues FY17 Guidance - Quick Facts,2017-03-01 17:19:00 +0000,http://articlefeeds.nasdaq.com/~r/nasdaq/symbols/~3/YU_uaSvcMeE/icu-medical-q4-profit-tops-estimates-issues-fy17-guidance--quick-facts-20170301-01791,ICU Medical Q4 Profit Tops Estimates; Issues FY17 Guidance - Quick Facts
ICUI,ICUI:UW,BBG000CQWFW4,Q4 2016 ICU Medical Inc Earnings Release - 4:00 pm ET,2017-03-01 12:07:04 +0000,http://biz.yahoo.com/research/earncal/20170301.html?t=icui,Q4 2016 ICU Medical Inc Earnings Release - 4:00 pm ET
ICUI,ICUI:UW,BBG000CQWFW4,"MedTech Stocks' Q4 Earnings on Mar 1: ICUI, GKOS & EGRX",2017-02-28 14:53:44 +0000,http://articlefeeds.nasdaq.com/~r/nasdaq/symbols/~3/tSBNna3AlY8/medtech-stocks-q4-earnings-on-mar-1-icui-gkos-egrx-cm754178,With 411 S amp P members 88 4 of the index s total market cap results already out the fourth quarter earnings season is almost at the finishing line According to our latest Earnings Preview the scorecard so far has portrayed an encouraging picture with the quarter emerging as the
ICUI,ICUI:UW,BBG000CQWFW4,"MedTech Stocks' Q4 Earnings on Mar 1: ICUI, GKOS & EGRX",2017-02-28 13:26:01 +0000,http://finance.yahoo.com/news/medtech-stocks-q4-earnings-mar-132601203.html?.tsrc=rss,"Let's take a look at the major MedTech stocks within the broader medical community, slated to release their reports on Mar 1."
ICUI,ICUI:UW,BBG000CQWFW4,"MedTech Stocks' Q4 Earnings on Mar 1: ICUI, GKOS & EGRX",2017-02-28 13:26:01 +0000,http://finance.yahoo.com/news/medtech-stocks-q4-earnings-mar-132601203.html,"MedTech Stocks' Q4 Earnings on Mar 1: ICUI, GKOS & EGRX"
ICUI,ICUI:UW,BBG000CQWFW4,"ICU Medical, Inc. to Present at Raymond James 38th Annual Institutional Investors Conference",2017-02-27 14:00:00 +0000,http://finance.yahoo.com/news/icu-medical-inc-present-raymond-140000539.html,"[GlobeNewswire] - SAN CLEMENTE, Calif., Feb. 27, 2017-- ICU Medical, Inc., a leader in the development, manufacture and sale of innovative medical devices used in infusion therapy, oncology and critical care applications, ..."
ICUI,ICUI:UW,BBG000CQWFW4,"ICU Medical, Inc. to Present at Raymond James 38th Annual Institutional Investors Conference",2017-02-27 14:00:00 +0000,http://finance.yahoo.com/news/icu-medical-inc-present-raymond-140000539.html?.tsrc=rss,"SAN CLEMENTE, Calif., Feb. 27, 2017-- ICU Medical, Inc., a leader in the development, manufacture and sale of innovative medical devices used in infusion therapy, oncology and critical care applications, ..."
ICUI,ICUI:UW,BBG000CQWFW4,"ICU Medical, Inc. Announces Time of Fourth Quarter and Fiscal Year 2016 Earnings Conference Call",2017-02-21 14:30:00 +0000,http://finance.yahoo.com/news/icu-medical-inc-announces-time-143000633.html?.tsrc=rss,"SAN CLEMENTE, Calif., Feb. 21, 2017-- ICU Medical, Inc., a leader in the development, manufacture and sale of innovative medical devices used in infusion therapy, oncology and critical care applications, ..."
ICUI,ICUI:UW,BBG000CQWFW4,"ICU Medical, Inc. Announces Time of Fourth Quarter and Fiscal Year 2016 Earnings Conference Call",2017-02-21 14:30:00 +0000,http://finance.yahoo.com/news/icu-medical-inc-announces-time-143000633.html,"[GlobeNewswire] - SAN CLEMENTE, Calif., Feb. 21, 2017-- ICU Medical, Inc., a leader in the development, manufacture and sale of innovative medical devices used in infusion therapy, oncology and critical care applications, ..."
ICUI,ICUI:UW,BBG000CQWFW4,Integrating ICU Medical Infusion Devices with Hospital Electronic Medical Records Decreased Major Dosing Errors by 52 Percent,2017-02-15 13:00:00 +0000,http://finance.yahoo.com/news/integrating-icu-medical-infusion-devices-130000573.html?.tsrc=rss,"SAN CLEMENTE, Calif., Feb. 15, 2017 /PRNewswire/ --  ICU Medical, Inc. (NASDAQ: ICUI), a leader in innovative medical devices for infusion therapy, oncology and critical care, today announced results of ..."
ICUI,ICUI:UW,BBG000CQWFW4,Integrating ICU Medical Infusion Devices with Hospital Electronic Medical Records Decreased Major Dosing Errors by 52 Percent,2017-02-15 13:00:00 +0000,http://finance.yahoo.com/news/integrating-icu-medical-infusion-devices-130000573.html,"[PR Newswire] - SAN CLEMENTE, Calif., Feb. 15, 2017 /PRNewswire/ -- ICU Medical, Inc. (NASDAQ: ICUI), a leader in innovative medical devices for infusion therapy, oncology and critical care, today announced results of ..."
ICUI,ICUI:UW,BBG000CQWFW4,"ICU MEDICAL INC/DE Files SEC form 8-K, Entry into a Material Definitive Agreement, Completion of Acquisition or Dispo",2017-02-09 21:29:03 +0000,http://biz.yahoo.com/e/170209/icui8-k.html,"ICU MEDICAL INC/DE Files SEC form 8-K, Entry into a Material Definitive Agreement, Completion of Acquisition or Dispo"
ICUI,ICUI:UW,BBG000CQWFW4,"ICU Medical, Inc. breached its 50 day moving average in a Bullish Manner : ICUI-US : February 8, 2017",2017-02-08 12:26:48 +0000,http://www.capitalcube.com/blog/index.php/icu-medical-inc-breached-its-50-day-moving-average-in-a-bullish-manner-icui-us-february-8-2017/,"ICU Medical, Inc. breached its 50 day moving average in a Bullish Manner : ICUI-US : February 8, 2017"
ICUI,ICUI:UW,BBG000CQWFW4,"ICU Medical, Inc. breached its 50 day moving average in a Bullish Manner : ICUI-US : February 8, 2017",2017-02-08 12:26:48 +0000,http://finance.yahoo.com/r/db2b760e-596b-3e24-9a4f-fa68eda61475/icu-medical-inc-breached-its-50-day-moving-average-in-a-bullish-manner-icui-us-february-8-2017?yptr=yahoo&.tsrc=rss,"Categories:   ETFs Yahoo Finance Click here to see latest analysis *Disclaimer : This is as of previous day’s closing price. Technical Indicators Below is a quick look at 5 technical indicators for ICU Medical, Inc.. More studies are available on the Technical Chart. Indicator Signal Closing Price above/below 50 Day Moving Average Bullish Closing Price above/below 200 Day Moving ... Read more    
<b>(Read more...)</b>"
ICUI,ICUI:UW,BBG000CQWFW4,ICU Medical Completes the Acquisition of Hospira Infusion Systems from Pfizer,2017-02-06 12:45:00 +0000,http://finance.yahoo.com/news/icu-medical-completes-acquisition-hospira-124500417.html,"[GlobeNewswire] - SAN CLEMENTE, Calif., Feb. 06, 2017-- ICU Medical Inc. today announced that it has completed its acquisition of the Hospira Infusion Systems business from Pfizer Inc.. The Hospira Infusion Systems business ..."
ICUI,ICUI:UW,BBG000CQWFW4,ICU Medical Completes the Acquisition of Hospira Infusion Systems from Pfizer,2017-02-06 12:45:00 +0000,http://finance.yahoo.com/news/icu-medical-completes-acquisition-hospira-124500417.html?.tsrc=rss,"SAN CLEMENTE, Calif., Feb. 06, 2017-- ICU Medical Inc. today announced that it has completed its acquisition of the Hospira Infusion Systems business from Pfizer Inc.. The Hospira Infusion Systems business ..."
ICUI,ICUI:UW,BBG000CQWFW4,ICUI Crosses Above Average Analyst Target,2017-01-30 15:33:39 +0000,http://articlefeeds.nasdaq.com/~r/nasdaq/symbols/~3/Rgsr8tk4OEQ/icui-crosses-above-average-analyst-target-cm740069,In recent trading shares of ICU Medical Inc Symbol ICUI have crossed above the average analyst 12 month target price of 136 50 changing hands for 136 60 share When a stock reaches the target an analyst has set the analyst logically has two ways to react downgrade on valuation
ICUI,ICUI:UW,BBG000CQWFW4,Walgreens Teams Up with Fedex to Boost Retail Performance,2017-01-12 13:59:41 +0000,http://articlefeeds.nasdaq.com/~r/nasdaq/symbols/~3/edhX0KapT8Q/walgreens-teams-up-with-fedex-to-boost-retail-performance-cm732559,Leading pharmacy led health and wellbeing company Walgreens Boots Alliance Inc WBA recently inked a multi year partnership agreement with global express delivery services company FedEx Corporation FDX The alliance is aimed at offering convenient access to FedEx drop off and pickup
ICUI,ICUI:UW,BBG000CQWFW4,Walgreens Teams Up with Fedex to Boost Retail Performance,2017-01-12 12:07:12 +0000,http://finance.yahoo.com/news/walgreens-teams-fedex-boost-retail-120712076.html,Walgreens Teams Up with Fedex to Boost Retail Performance
ICUI,ICUI:UW,BBG000CQWFW4,Align Poised On Global Expansion & Invisalign Teen Growth,2017-01-11 13:52:52 +0000,http://articlefeeds.nasdaq.com/~r/nasdaq/symbols/~3/A08HafuX1mE/align-poised-on-global-expansion-invisalign-teen-growth-cm732040,On Jan 10 2017 we issued an updated research report on California based Align Technology Inc ALGN a developer of aligner therapy intra oral scanners and CAD CAM computer aided design and computer aided manufacturing digital services Over the past six months Align broadly
ICUI,ICUI:UW,BBG000CQWFW4,Align Poised On Global Expansion & Invisalign Teen Growth,2017-01-11 12:13:12 +0000,http://finance.yahoo.com/news/align-poised-global-expansion-invisalign-121312168.html?.tsrc=rss,"On Jan 10, 2017, we issued an updated research report on California-based Align Technology Inc. (ALGN)."
ICUI,ICUI:UW,BBG000CQWFW4,Align Poised On Global Expansion & Invisalign Teen Growth,2017-01-11 12:13:12 +0000,http://finance.yahoo.com/news/align-poised-global-expansion-invisalign-121312168.html,Align Poised On Global Expansion & Invisalign Teen Growth
ICUI,ICUI:UW,BBG000CQWFW4,Illumina (ILMN) Launches NovaSeq Series for $100 Genome,2017-01-10 14:55:59 +0000,http://articlefeeds.nasdaq.com/~r/nasdaq/symbols/~3/wFQo8r60y_E/illumina-ilmn-launches-novaseq-series-for-100-genome-cm731461,Illumina Inc ILMN a global provider of next generation sequencing NGS technology recently unveiled the NovaSeq Series a scalable sequencing solution expected to enable a 100 genome This set of research platform redefines high throughput sequencing easy use low per sample costs
ICUI,ICUI:UW,BBG000CQWFW4,"QIAGEN (QGEN) Buys OmicSoft, Expands Bioinformatics Suite",2017-01-10 13:51:23 +0000,http://articlefeeds.nasdaq.com/~r/nasdaq/symbols/~3/lWHV3uSWZtY/qiagen-qgen-buys-omicsoft-expands-bioinformatics-suite-cm731478,Global assay technologies major QIAGEN N V QGEN recently announced the acquisition of Cary NC based OmicSoft Corporation The deal will provide QIAGEN access to OmicSoft s powerful multi omics data management infrastructure solutions as well as omics data bank The deal will also
ICUI,ICUI:UW,BBG000CQWFW4,Illumina (ILMN) Launches NovaSeq Series for $100 Genome,2017-01-10 12:58:12 +0000,http://finance.yahoo.com/news/illumina-ilmn-launches-novaseq-series-125812778.html?.tsrc=rss,"Illumina, Inc. (ILMN) recently unveiled the NovaSeq Series, a scalable sequencing solution expected to enable a $100 genome."
ICUI,ICUI:UW,BBG000CQWFW4,Illumina (ILMN) Launches NovaSeq Series for $100 Genome,2017-01-10 12:58:12 +0000,http://finance.yahoo.com/news/illumina-ilmn-launches-novaseq-series-125812778.html,Illumina (ILMN) Launches NovaSeq Series for $100 Genome
ICUI,ICUI:UW,BBG000CQWFW4,"QIAGEN (QGEN) Buys OmicSoft, Expands Bioinformatics Suite",2017-01-10 12:26:12 +0000,http://finance.yahoo.com/news/qiagen-qgen-buys-omicsoft-expands-122612867.html?.tsrc=rss,"QIAGEN N.V. (QGEN) recently announced the acquisition of Cary, NC-based OmicSoft Corporation."
ICUI,ICUI:UW,BBG000CQWFW4,"QIAGEN (QGEN) Buys OmicSoft, Expands Bioinformatics Suite",2017-01-10 12:26:12 +0000,http://finance.yahoo.com/news/qiagen-qgen-buys-omicsoft-expands-122612867.html,"QIAGEN (QGEN) Buys OmicSoft, Expands Bioinformatics Suite"
ICUI,ICUI:UW,BBG000CQWFW4,ICU Medical shares keep climbing as BlackRock ups stake to more than 10%,2017-01-09 21:59:14 +0000,http://www.marketwatch.com/News/Story/Story.aspx?guid=5BBF6C09-5CDD-4C01-AABF-6F77A7DA96A6&siteid=yhoof2,ICU Medical shares keep climbing as BlackRock ups stake to more than 10%
ICUI,ICUI:UW,BBG000CQWFW4,LLabCorp: Reimbursement Scenario a Drag Amid Other Woes,2017-01-09 15:53:58 +0000,http://articlefeeds.nasdaq.com/~r/nasdaq/symbols/~3/xi6ZqlnO2p0/llabcorp-reimbursement-scenario-a-drag-amid-other-woes-cm730991,On Jan 09 we issued an updated research report on Burlington NC based Laboratory Corporation of America Holdings LH or LabCorp The company is a major player in the healthcare diagnostics space providing comprehensive clinical laboratory services and end to end drug development
ICUI,ICUI:UW,BBG000CQWFW4,ResMed and Dr. Oz Form SleepScore Labs for Sleep Disorders,2017-01-09 14:53:54 +0000,http://articlefeeds.nasdaq.com/~r/nasdaq/symbols/~3/iQqOqpQX5Hs/resmed-and-dr-oz-form-sleepscore-labs-for-sleep-disorders-cm730925,ResMed Inc RMD a global manufacturer of medical devices recently formed a joint venture with renowned surgeon and television host Dr Mehmet Oz and private equity firm Pegasus Capital Advisors L P The alliance resulted in the formation of SleepScore Labs which is mainly focused
ICUI,ICUI:UW,BBG000CQWFW4,LLabCorp: Reimbursement Scenario a Drag Amid Other Woes,2017-01-09 13:49:01 +0000,http://finance.yahoo.com/news/llabcorp-reimbursement-scenario-drag-amid-134901064.html?.tsrc=rss,"On Jan 09, we issued an updated research report on Burlington, NC-based Laboratory Corporation of America Holdings (LH) or LabCorp."
ICUI,ICUI:UW,BBG000CQWFW4,LLabCorp: Reimbursement Scenario a Drag Amid Other Woes,2017-01-09 13:49:01 +0000,http://finance.yahoo.com/news/llabcorp-reimbursement-scenario-drag-amid-134901064.html,LLabCorp: Reimbursement Scenario a Drag Amid Other Woes
ICUI,ICUI:UW,BBG000CQWFW4,ResMed and Dr. Oz Form SleepScore Labs for Sleep Disorders,2017-01-09 12:30:12 +0000,http://finance.yahoo.com/news/resmed-dr-oz-form-sleepscore-123012299.html?.tsrc=rss,"ResMed Inc. (RMD) recently formed a joint venture with renowned surgeon and television host Dr. Mehmet Oz and private equity firm Pegasus Capital Advisors, L.P."
ICUI,ICUI:UW,BBG000CQWFW4,ResMed and Dr. Oz Form SleepScore Labs for Sleep Disorders,2017-01-09 12:30:12 +0000,http://finance.yahoo.com/news/resmed-dr-oz-form-sleepscore-123012299.html,"[Zacks] - ResMed Inc. (RMD) recently formed a joint venture with renowned surgeon and television host Dr. Mehmet Oz and private equity firm Pegasus Capital Advisors, L.P."
ICUI,ICUI:UW,BBG000CQWFW4,"Amgen, Gap and Symantec rise while Verizon and ICU skid",2017-01-06 21:42:30 +0000,http://finance.yahoo.com/news/amgen-gap-symantec-rise-while-214230039.html,"Amgen, Gap and Symantec rise while Verizon and ICU skid"
ICUI,ICUI:UW,BBG000CQWFW4,"ICU MEDICAL INC/DE Files SEC form 8-K, Change in Directors or Principal Officers",2017-01-06 21:30:43 +0000,http://biz.yahoo.com/e/170106/icui8-k.html,"ICU MEDICAL INC/DE Files SEC form 8-K, Change in Directors or Principal Officers"
ICUI,ICUI:UW,BBG000CQWFW4,ICU Medical is Now Oversold (ICUI),2017-01-06 18:37:36 +0000,http://articlefeeds.nasdaq.com/~r/nasdaq/symbols/~3/V2e9pwjYKu0/icu-medical-is-now-oversold-icui-cm730486,Legendary investor Warren Buffett advises to be fearful when others are greedy and be greedy when others are fearful One way we can try to measure the level of fear in a given stock is through a technical analysis indicator called the Relative Strength Index or RSI which measures momentum on
ICUI,ICUI:UW,BBG000CQWFW4,ICU Medical Wins Big Price Cut to Buy Pfizer's Hospira Unit,2017-01-06 16:37:00 +0000,http://finance.yahoo.com/r/e374a503-9fbc-3fa8-9042-97ffc5c859a3/icu-medical-wins-big-cut-in-price-for-pfizer-s-hospira.html?puc=yahoo&cm_ven=YAHOO&yptr=yahoo&.tsrc=rss,ICU Medical will pay $900 million for the infusion therapy unit rather than $1 billion.
ICUI,ICUI:UW,BBG000CQWFW4,ICU Medical Wins Big Price Cut to Buy Pfizer's Hospira Unit,2017-01-06 16:37:00 +0000,https://www.thestreet.com/story/13945291/1/icu-medical-wins-big-cut-in-price-for-pfizer-s-hospira.html?puc=yahoo&cm_ven=YAHOO,ICU Medical Wins Big Price Cut to Buy Pfizer's Hospira Unit
ICUI,ICUI:UW,BBG000CQWFW4,"ICU Medical, Inc. to Present at 35th Annual J.P. Morgan Healthcare Conference",2017-01-06 16:00:00 +0000,http://finance.yahoo.com/news/icu-medical-inc-present-35th-160000540.html,"[GlobeNewswire] - SAN CLEMENTE, Calif., Jan. 06, 2017-- ICU Medical, Inc., a leader in the development, manufacture and sale of innovative medical devices used in infusion therapy, oncology and critical care applications, ..."
ICUI,ICUI:UW,BBG000CQWFW4,Myriad Genetics: Evidence Street Reviews EndoPredict Test,2017-01-06 14:40:53 +0000,http://articlefeeds.nasdaq.com/~r/nasdaq/symbols/~3/NAH1keVCtHI/myriad-genetics-evidence-street-reviews-endopredict-test-cm730235,Myriad Genetics Inc MYGN a leading molecular diagnostics and personalized medicine company recently announced that Blue Cross Blue Shield Association s technical assessment provider Evidence Street has reviewed its EndoPredict assay It is Myriad Genetics second generation multi gene
ICUI,ICUI:UW,BBG000CQWFW4,Myriad Genetics: Evidence Street Reviews EndoPredict Test,2017-01-06 12:57:12 +0000,http://finance.yahoo.com/news/myriad-genetics-evidence-street-reviews-125712897.html,Myriad Genetics: Evidence Street Reviews EndoPredict Test
ICUI,ICUI:UW,BBG000CQWFW4,"ICU Medical, Inc. Provides Update on Hospira Infusion Systems Transaction",2017-01-05 21:55:10 +0000,http://www.publicnow.com/view/7A8D0F91BF36D22A5D1CC1733262E9A788AC69BD,"[at noodls] - January 5, 2017 U.S. and Other Required Antitrust Clearances for Transaction Received Company Expects Deal to Close in February 2017 Terms of the Deal Modified for Value-Creating and Risk Mitigated Structure ..."
ICUI,ICUI:UW,BBG000CQWFW4,"ICU MEDICAL INC/DE Files SEC form 8-K, Entry into a Material Definitive Agreement, Termination of a Material Definiti",2017-01-05 21:13:32 +0000,http://biz.yahoo.com/e/170105/icui8-k.html,"ICU MEDICAL INC/DE Files SEC form 8-K, Entry into a Material Definitive Agreement, Termination of a Material Definiti"
ICUI,ICUI:UW,BBG000CQWFW4,"ICU Medical, Inc. Provides Update on Hospira Infusion Systems Transaction",2017-01-05 21:05:00 +0000,http://finance.yahoo.com/news/icu-medical-inc-provides-hospira-210500510.html,[GlobeNewswire] - U.S. and Other Required Antitrust Clearances for Transaction Received Company Expects Deal to Close in February 2017 Terms of the Deal Modified for Value-Creating and Risk Mitigated Structure ICU Medical ...
ICUI,ICUI:UW,BBG000CQWFW4,"Walgreens Boots (WBA) Beats Q1 Earnings, Trims EPS View",2017-01-05 17:38:22 +0000,http://articlefeeds.nasdaq.com/~r/nasdaq/symbols/~3/QCaJ449FYY8/walgreens-boots-wba-beats-q1-earnings-trims-eps-view-cm729863,Walgreens Boots Alliance Inc WBA reported adjusted earnings per share EPS of 1 10 in first quarter fiscal 2017 up 6 8 from the year ago quarter Adjusted EPS also beat the Zacks Consensus Estimate slightly by 0 9 On a reported basis net earnings came in at 1 05 billion a decrease
ICUI,ICUI:UW,BBG000CQWFW4,"Walgreens Boots (WBA) Beats Q1 Earnings, Trims EPS View",2017-01-05 15:23:03 +0000,http://finance.yahoo.com/news/walgreens-boots-wba-beats-q1-152303381.html,"Walgreens Boots (WBA) Beats Q1 Earnings, Trims EPS View"
ICUI,ICUI:UW,BBG000CQWFW4,ResMed Achieves Key Milestone in Sleep-Disordered Breathing,2017-01-05 13:39:41 +0000,http://articlefeeds.nasdaq.com/~r/nasdaq/symbols/~3/udb_9aH5PuM/resmed-achieves-key-milestone-in-sleep-disordered-breathing-cm729644,While remote patient monitoring market is growing fast to become a 30 billion industry by 2020 tech analyst firm Berg Insight s data renowned sleep disordered breathing SDB company ResMed Inc RMD recently achieved a significant milestone in this respect After one billion nights of
ICUI,ICUI:UW,BBG000CQWFW4,"Bruker Buys SCiLS, Expands in Mass Spectrometry Imaging",2017-01-05 13:39:38 +0000,http://articlefeeds.nasdaq.com/~r/nasdaq/symbols/~3/MzphpatRgoI/bruker-buys-scils-expands-in-mass-spectrometry-imaging-cm729643,Bruker Corporation BRKR a major player in the field of life science materials research systems and associated products has recently announced the acquisition of Bremen Germany based software solutions developer SCiLS GmbH Financial terms of the deal have been kept under wraps We
ICUI,ICUI:UW,BBG000CQWFW4,"Bruker Buys InVivo Biotech, Boosts MALDI Biotyper Suite",2017-01-05 13:39:25 +0000,http://articlefeeds.nasdaq.com/~r/nasdaq/symbols/~3/fQuR56WYCzY/bruker-buys-invivo-biotech-boosts-maldi-biotyper-suite-cm729686,Bruker Corporation BRKR a renowned name in the field of proprietary life science and materials research systems recently announced the buyout of InVivo Biotech Services GmbH This Hennigsdorf Germany based company is a molecular biology contract manufacturing organization CMO and a
ICUI,ICUI:UW,BBG000CQWFW4,"Bruker Buys InVivo Biotech, Boosts MALDI Biotyper Suite",2017-01-05 12:07:12 +0000,http://finance.yahoo.com/news/bruker-buys-invivo-biotech-boosts-120712123.html,"Bruker Buys InVivo Biotech, Boosts MALDI Biotyper Suite"
ICUI,ICUI:UW,BBG000CQWFW4,"Bruker Buys SCiLS, Expands in Mass Spectrometry Imaging",2017-01-05 11:56:11 +0000,http://finance.yahoo.com/news/bruker-buys-scils-expands-mass-115611813.html,"Bruker Buys SCiLS, Expands in Mass Spectrometry Imaging"
ICUI,ICUI:UW,BBG000CQWFW4,ResMed Achieves Key Milestone in Sleep-Disordered Breathing,2017-01-05 11:52:11 +0000,http://finance.yahoo.com/news/resmed-achieves-key-milestone-sleep-115211811.html,"[Zacks] - After one billion nights of sleep data was downloaded using ResMed's remote patient monitoring platform AirView, the company reached a landmark in the field of sleep research and treatment of sleep apnea."
ICUI,ICUI:UW,BBG000CQWFW4,"ICU Medical, Inc. breached its 50 day moving average in a Bullish Manner : ICUI-US : January 2, 2017",2017-01-02 12:30:46 +0000,http://www.capitalcube.com/blog/index.php/icu-medical-inc-breached-its-50-day-moving-average-in-a-bullish-manner-icui-us-january-2-2017/,"ICU Medical, Inc. breached its 50 day moving average in a Bullish Manner : ICUI-US : January 2, 2017"
ICUI,ICUI:UW,BBG000CQWFW4,"ICU Medical, Inc. – Value Analysis (NASDAQ:ICUI) : December 23, 2016",2016-12-23 14:28:49 +0000,http://www.capitalcube.com/blog/index.php/icu-medical-inc-value-analysis-nasdaqicui-december-23-2016/,"ICU Medical, Inc. – Value Analysis (NASDAQ:ICUI) : December 23, 2016"
ICUI,ICUI:UW,BBG000CQWFW4,"ETFs with exposure to ICU Medical, Inc. : December 22, 2016",2016-12-22 18:33:53 +0000,http://www.capitalcube.com/blog/index.php/etfs-with-exposure-to-icu-medical-inc-december-22-2016/,"ETFs with exposure to ICU Medical, Inc. : December 22, 2016"
ICUI,ICUI:UW,BBG000CQWFW4,"ICU Medical, Inc. breached its 50 day moving average in a Bearish Manner : ICUI-US : December 22, 2016",2016-12-22 12:27:24 +0000,http://www.capitalcube.com/blog/index.php/icu-medical-inc-breached-its-50-day-moving-average-in-a-bearish-manner-icui-us-december-22-2016/,"ICU Medical, Inc. breached its 50 day moving average in a Bearish Manner : ICUI-US : December 22, 2016"
ICUI,ICUI:UW,BBG000CQWFW4,These 5 Health Care Stocks Are Breaking Out This Christmas,2016-12-20 11:02:00 +0000,https://www.thestreet.com/story/13931953/1/these-5-health-care-stocks-are-breaking-out-this-christmas.html?puc=yahoo&cm_ven=YAHOO,These 5 Health Care Stocks Are Breaking Out This Christmas
ICUI,ICUI:UW,BBG000CQWFW4,"Is ICU Medical, Incorporated (ICUI) A Good Stock To Buy?",2016-12-10 21:06:26 +0000,http://www.insidermonkey.com/blog/is-icu-medical-incorporated-icui-a-good-stock-to-buy-502209/,"Is ICU Medical, Incorporated (ICUI) A Good Stock To Buy?"
ICUI,ICUI:UW,BBG000CQWFW4,ICU Medical Launches the All-New Diana™ Compounding Workflow System at the American Society of Health-System Pharmacists (ASHP) Midyear Meeting in Las Vegas,2016-12-01 13:00:00 +0000,http://finance.yahoo.com/news/icu-medical-launches-diana-compounding-130000270.html,"[PR Newswire] - SAN CLEMENTE, Calif., Dec. 1, 2016 /PRNewswire/ -- ICU Medical, Inc. (NASDAQ: ICUI) today announced the launch of the all-new Diana™ compounding workflow system at the American Society of Health-System ..."
ICUI,ICUI:UW,BBG000CQWFW4,Pfizer Divests Hospira’s Infusion System Business to ICU Medical,2016-11-29 15:05:42 +0000,http://marketrealist.com/2016/11/pfizer-divests-hospiras-infusion-system-business-to-icu-medical/?utm_source=yahoo&utm_medium=feed,Pfizer Divests Hospira’s Infusion System Business to ICU Medical
ICUI,ICUI:UW,BBG000CQWFW4,"ETFs with exposure to ICU Medical, Inc. : November 14, 2016",2016-11-14 18:37:56 +0000,http://www.capitalcube.com/blog/index.php/etfs-with-exposure-to-icu-medical-inc-november-14-2016/,"ETFs with exposure to ICU Medical, Inc. : November 14, 2016"
ICUI,ICUI:UW,BBG000CQWFW4,"ICU Medical, Inc. :ICUI-US: Earnings Analysis: Q3, 2016 By the Numbers : November 10, 2016",2016-11-10 14:51:46 +0000,http://www.capitalcube.com/blog/index.php/icu-medical-inc-icui-us-earnings-analysis-q3-2016-by-the-numbers-november-10-2016/,"ICU Medical, Inc. :ICUI-US: Earnings Analysis: Q3, 2016 By the Numbers : November 10, 2016"
ICUI,ICUI:UW,BBG000CQWFW4,Edited Transcript of ICUI earnings conference call or presentation 9-Nov-16 9:30pm GMT,2016-11-09 23:16:00 +0000,http://finance.yahoo.com/news/edited-transcript-icui-earnings-conference-231600756.html,Edited Transcript of ICUI earnings conference call or presentation 9-Nov-16 9:30pm GMT
ICUI,ICUI:UW,BBG000CQWFW4,ICU Medical beats 3Q profit forecasts,2016-11-09 22:08:28 +0000,http://sg.finance.yahoo.com/news/icu-medical-beats-3q-profit-220828398.html,ICU Medical beats 3Q profit forecasts
ICUI,ICUI:UW,BBG000CQWFW4,"ICU Medical, Inc. Announces Third Quarter 2016 Results",2016-11-09 21:21:22 +0000,http://www.publicnow.com/view/9D047590A48B315755143A15561ACA2AD5F136F2,"[at noodls] - November 9, 2016 SAN CLEMENTE, Calif., Nov. 09, 2016 (GLOBE NEWSWIRE) -- ICU Medical, Inc. (Nasdaq:ICUI), a leader in the development, manufacture and sale of innovative medical devices used in infusion ..."
ICUI,ICUI:UW,BBG000CQWFW4,"ICU MEDICAL INC/DE Files SEC form 8-K, Financial Statements and Exhibits",2016-11-09 21:12:59 +0000,http://biz.yahoo.com/e/161109/icui8-k.html,"ICU MEDICAL INC/DE Files SEC form 8-K, Financial Statements and Exhibits"
ICUI,ICUI:UW,BBG000CQWFW4,ICU Medical Updates FY16 Guidance - Quick Facts,2016-11-09 17:30:00 +0000,http://articlefeeds.nasdaq.com/~r/nasdaq/symbols/~3/EaReTDQ00Xc/icu-medical-updates-fy16-guidance--quick-facts-20161109-01432,ICU Medical Updates FY16 Guidance - Quick Facts
ICUI,ICUI:UW,BBG000CQWFW4,ICU Medical Q3 16 Earnings Conference Call At 4:30 PM ET,2016-11-09 15:00:00 +0000,http://articlefeeds.nasdaq.com/~r/nasdaq/symbols/~3/FPHZLvPD-L8/icu-medical-q3-16-earnings-conference-call-at-430-pm-et-20161109-01011,ICU Medical Q3 16 Earnings Conference Call At 4:30 PM ET
ICUI,ICUI:UW,BBG000CQWFW4,Q3 2016 ICU Medical Inc Earnings Release - After Market Close,2016-11-09 12:07:05 +0000,http://biz.yahoo.com/research/earncal/20161109.html?t=icui,Q3 2016 ICU Medical Inc Earnings Release - After Market Close
ICUI,ICUI:UW,BBG000CQWFW4,"Medical Product Q3 Earnings on Nov 9: ICUI, EGRX & More",2016-11-08 18:35:53 +0000,http://articlefeeds.nasdaq.com/~r/nasdaq/symbols/~3/4me0ocbcXpY/medical-product-q3-earnings-on-nov-9-icui-egrx-more-cm705451,More than 84 6 of the S amp P 500 members 423 companies have reported their numbers already as per the latest Earnings Preview The trend so far displays an improvement in earnings As this reporting cycle wraps up we are confident about this quarter recording earnings growth after
ICUI,ICUI:UW,BBG000CQWFW4,"Medical Product Q3 Earnings on Nov 9: ICUI, EGRX & More",2016-11-08 13:08:01 +0000,http://finance.yahoo.com/news/medical-product-q3-earnings-nov-130801035.html,"Medical Product Q3 Earnings on Nov 9: ICUI, EGRX & More"
ICUI,ICUI:UW,BBG000CQWFW4,4 Medical Device Stocks on a Bull Run this Earnings Season,2016-10-26 20:50:17 +0000,http://articlefeeds.nasdaq.com/~r/nasdaq/symbols/~3/M14NrJGZUz4/4-medical-device-stocks-on-a-bull-run-this-earnings-season-cm698900,The Q3 earnings season is in full swing and with each passing day analysts are becoming more hopeful about the quarter being the first to show positive earnings growth after five quarters of back to back declines So far with the bullish performance of 116 S amp P 500 members representing 23
ICUI,ICUI:UW,BBG000CQWFW4,4 Medical Device Stocks on a Bull Run this Earnings Season,2016-10-26 19:03:07 +0000,http://finance.yahoo.com/news/4-medical-device-stocks-bull-190307396.html,4 Medical Device Stocks on a Bull Run this Earnings Season
ICUI,ICUI:UW,BBG000CQWFW4,Quest Diagnostics (DGX) Q3 Earnings: A Surprise in Store?,2016-10-18 13:49:59 +0000,http://articlefeeds.nasdaq.com/~r/nasdaq/symbols/~3/yxZWHWp1Pt8/quest-diagnostics-dgx-q3-earnings-a-surprise-in-store-cm694605,Quest Diagnostics Inc DGX is scheduled to report third quarter 2016 earnings results before the opening bell on Oct 20 2016 Last quarter the company posted in line earnings It is worth noting that Quest Diagnostics has outperformed the Zacks Consensus Estimate in two out of the
ICUI,ICUI:UW,BBG000CQWFW4,"ICU Medical, Inc. Announces Time of Third Quarter 2016 Earnings Call",2016-10-17 20:23:02 +0000,http://www.publicnow.com/view/751F39145B75E19853CD5469C503D9B1EDBCAC47,"[at noodls] - October 17, 2016 SAN CLEMENTE, Calif., Oct. 17, 2016 (GLOBE NEWSWIRE) -- ICU Medical, Inc. (Nasdaq:ICUI), a leader in the development, manufacture and sale of innovative medical devices used in infusion ..."
ICUI,ICUI:UW,BBG000CQWFW4,Pfizer’s Divestment of Hospira Infusion Systems,2016-10-14 14:04:37 +0000,http://marketrealist.com/2016/10/pfizers-divestment-hospira-infusion-systems/?utm_source=yahoo&utm_medium=feed,Pfizer’s Divestment of Hospira Infusion Systems
ICUI,ICUI:UW,BBG000CQWFW4,"ICU MEDICAL INC/DE Files SEC form 8-K, Entry into a Material Definitive Agreement, Other Events, Financial Statements",2016-10-13 21:25:48 +0000,http://biz.yahoo.com/e/161013/icui8-k.html,"ICU MEDICAL INC/DE Files SEC form 8-K, Entry into a Material Definitive Agreement, Other Events, Financial Statements"
ICUI,ICUI:UW,BBG000CQWFW4,"ICU Medical (ICUI) Shares March Higher, Can It Continue?",2016-10-13 17:42:05 +0000,http://articlefeeds.nasdaq.com/~r/nasdaq/symbols/~3/3sOhWSrUHc4/icu-medical-icui-shares-march-higher-can-it-continue-cm693005,ICU Medical Inc ICUI has been on the move lately as the stock has risen by 22 4 in the past four weeks and it is currently trading well above its 20 Day SMA This is a pretty solid move higher but the question that has to be on investors minds right now is can this trend continue
ICUI,ICUI:UW,BBG000CQWFW4,"ICU Medical (ICUI) Shares March Higher, Can It Continue?",2016-10-13 15:20:03 +0000,http://finance.yahoo.com/news/icu-medical-icui-shares-march-152003192.html,"ICU Medical (ICUI) Shares March Higher, Can It Continue?"
ICUI,ICUI:UW,BBG000CQWFW4,Why ICU Medical (ICUI) Could Beat Earnings Estimates Again,2016-10-13 14:44:45 +0000,http://articlefeeds.nasdaq.com/~r/nasdaq/symbols/~3/DdCgABiqj1Y/why-icu-medical-icui-could-beat-earnings-estimates-again-cm692768,Looking for a stock that might be in a good position to beat earnings at its next report Consider ICU Medical Inc ICUI a firm in the Medical Products industry which could be a great candidate for another beat This company has seen a nice streak of beating earnings estimates
ICUI,ICUI:UW,BBG000CQWFW4,Why ICU Medical (ICUI) Could Beat Earnings Estimates Again,2016-10-13 12:20:12 +0000,http://finance.yahoo.com/news/why-icu-medical-icui-could-122012651.html,Why ICU Medical (ICUI) Could Beat Earnings Estimates Again
ICUI,ICUI:UW,BBG000CQWFW4,"ICU Medical, Inc.: Price momentum supported by strong fundamentals",2016-10-07 20:17:54 +0000,http://www.capitalcube.com/blog/index.php/icu-medical-inc-price-momentum-supported-by-strong-fundamentals/,"ICU Medical, Inc.: Price momentum supported by strong fundamentals"
ICUI,ICUI:UW,BBG000CQWFW4,"New High Analysis: Cabot Micro, BroadSoft Sit Near Buy Points",2016-10-07 20:15:20 +0000,http://www.investors.com/stock-lists/new-highs/new-high-analysis-flex-cabot-micro-reverse-early-gains/,"New High Analysis: Cabot Micro, BroadSoft Sit Near Buy Points"
ICUI,ICUI:UW,BBG000CQWFW4,Pfizer to Sell Hospira Infusion Unit to ICU Medical for $1B,2016-10-07 16:44:48 +0000,http://articlefeeds.nasdaq.com/~r/nasdaq/symbols/~3/giU54Mmt8u0/pfizer-to-sell-hospira-infusion-unit-to-icu-medical-for-1b-cm690382,Pfizer Inc PFE has entered into a definitive agreement to sell its Hospira infusion systems business to medical device maker ICU Medical Inc ICUI for 1 billion in cash and stock Shares of ICU Medical were up almost 15 on Thursday With the addition of Hospira infusion systems
ICUI,ICUI:UW,BBG000CQWFW4,Pfizer to Sell Hospira Infusion Unit to ICU Medical for $1B,2016-10-07 14:36:02 +0000,http://finance.yahoo.com/news/pfizer-sell-hospira-infusion-unit-143602979.html,Pfizer to Sell Hospira Infusion Unit to ICU Medical for $1B
ICUI,ICUI:UW,BBG000CQWFW4,Central Banks are behind the curve,2016-10-07 14:22:48 +0000,http://finance.yahoo.com/tumblr/blog-central-banks-are-behind-the-curve-142252981.html,Central Banks are behind the curve
ICUI,ICUI:UW,BBG000CQWFW4,Pfizer Sells Hospira Device Unit to ICU Medical,2016-10-07 13:25:04 +0000,http://www.investopedia.com/stock-analysis/100716/pfizer-sells-hospira-device-unit-icu-medical-icui-pfe.aspx?partner=YahooSA,Pfizer Sells Hospira Device Unit to ICU Medical
ICUI,ICUI:UW,BBG000CQWFW4,Blog Coverage ICU Medical Announces a Billion Dollar Deal with Pfizer,2016-10-07 13:23:31 +0000,http://news.investornetwork.com/2016/10/07/blog-coverage-icu-medical-announces-a-billion-dollar-deal-with-pfizer/?1=1&1475846611,Blog Coverage ICU Medical Announces a Billion Dollar Deal with Pfizer
ICUI,ICUI:UW,BBG000CQWFW4,"Why ICU Medical, Big 5 Sporting Goods, and Caesars Acquisition Jumped Today",2016-10-06 23:43:37 +0000,http://articlefeeds.nasdaq.com/~r/nasdaq/symbols/~3/P9ECf5wYVEw/why-icu-medical-big-5-sporting-goods-and-caesars-acquisition-jumped-today-cm690092,Image source ICU Medical Thursday was a quiet day for the stock market with mixed performance from major market benchmarks The Dow and the Nasdaq Composite fell slightly from yesterday s close while the S amp P 500 added a single point Investors appeared content to wait and see
ICUI,ICUI:UW,BBG000CQWFW4,"Why ICU Medical, Big 5 Sporting Goods, and Caesars Acquisition Jumped Today",2016-10-06 22:14:00 +0000,http://www.fool.com/investing/2016/10/06/why-icu-medical-big-5-sporting-goods-and-caesars-a.aspx?source=yahoo-2-news&utm_campaign=article&utm_medium=feed&utm_source=yahoo-2-news,"Why ICU Medical, Big 5 Sporting Goods, and Caesars Acquisition Jumped Today"
ICUI,ICUI:UW,BBG000CQWFW4,ICU Medical (ICUI) Stock Closed Higher on $1 Billion Pfizer Deal,2016-10-06 21:15:00 +0000,https://www.thestreet.com/story/13844899/1/icu-medical-icui-stock-closed-higher-on-1-billion-pfizer-deal.html?puc=yahoo&cm_ven=YAHOO,ICU Medical (ICUI) Stock Closed Higher on $1 Billion Pfizer Deal
ICUI,ICUI:UW,BBG000CQWFW4,Lam Research Soars To New High After Breakup,2016-10-06 20:47:56 +0000,http://www.investors.com/stock-lists/new-highs/lam-research-soars-to-new-high-after-breakup/,Lam Research Soars To New High After Breakup
ICUI,ICUI:UW,BBG000CQWFW4,Twitter and Wal-Mart fall; ICU Medical and Lam Research jump,2016-10-06 20:41:54 +0000,http://sg.finance.yahoo.com/news/twitter-wal-mart-fall-icu-204154798.html,Twitter and Wal-Mart fall; ICU Medical and Lam Research jump
ICUI,ICUI:UW,BBG000CQWFW4,Pfizer Sells Infusion Therapy Business (PFE),2016-10-06 19:22:00 +0000,http://www.investopedia.com/news/pfizer-sells-infusion-therapy-business-pfe/?partner=YahooSA,Pfizer Sells Infusion Therapy Business (PFE)
ICUI,ICUI:UW,BBG000CQWFW4,Pfizer to sell Hospira infusion therapy business to ICU Medical,2016-10-06 15:30:26 +0000,http://sg.finance.yahoo.com/news/icu-medical-buy-pfizers-infusion-125253647.html,Pfizer to sell Hospira infusion therapy business to ICU Medical
ICUI,ICUI:UW,BBG000CQWFW4,"Here’s Why Traders Are Watching Tesla, ICU Medical, Pfizer, and Two Other Stocks Today",2016-10-06 15:24:07 +0000,http://www.insidermonkey.com/blog/heres-why-traders-are-watching-tesla-icu-medical-pfizer-and-two-other-stocks-today-479044/,"Here’s Why Traders Are Watching Tesla, ICU Medical, Pfizer, and Two Other Stocks Today"
ICUI,ICUI:UW,BBG000CQWFW4,How Will Pfizer (PFE) Stock React to $1 Billion ICU Medical Deal?,2016-10-06 15:03:00 +0000,https://www.thestreet.com/story/13844274/1/how-will-pfizer-pfe-stock-react-to-1-billion-icu-medical-deal.html?puc=yahoo&cm_ven=YAHOO,How Will Pfizer (PFE) Stock React to $1 Billion ICU Medical Deal?
ICUI,ICUI:UW,BBG000CQWFW4,[$$] ICU Medical To Buy Pfizer Unit in $1 Billion Deal,2016-10-06 13:38:07 +0000,http://www.wsj.com/articles/icu-medical-to-buy-pfizer-unit-in-1-billion-deal-1475761083?mod=yahoo_hs,[$$] ICU Medical To Buy Pfizer Unit in $1 Billion Deal
ICUI,ICUI:UW,BBG000CQWFW4,ICU Medical Inc. To Acquire The Hospira Infusion Systems Business From Pfizer Inc. For $1 Billion In Cash And Stock,2016-10-06 12:09:04 +0000,http://www.publicnow.com/view/671082DFAC88F2FBB8A1E823D854B6106CEC67A5,[at noodls] - ICU Medical Inc.(link is external) (NASDAQ:ICUI(link is external)) and Pfizer Inc.(link is external) (NYSE:PFE(link is external)) today announced that they have entered into a definitive agreement under ...
ICUI,ICUI:UW,BBG000CQWFW4,ICU Medical to buy Pfizer's infusion therapy business for $1 bln,2016-10-06 12:02:33 +0000,http://finance.yahoo.com/news/icu-medical-buy-pfizers-infusion-120233310.html,"[Reuters] - Medical device maker ICU Medical Inc said it would buy Pfizer Inc's global infusion therapy business, Hospira Infusion Systems , for $1 billion in cash and stock. Pfizer will receive $600 million in cash ..."
ICUI,ICUI:UW,BBG000CQWFW4,ICU Medical Inc. to Acquire the Hospira Infusion Systems Business from Pfizer Inc. for $1 Billion in Cash and Stock,2016-10-06 11:59:04 +0000,http://www.publicnow.com/view/E9DDE2A83DAA04D09FD7C9B4B2B6FAE1DCC2C130,"[at noodls] - October 6, 2016 Creates an integrated pure-play infusion therapy company with focus and scale Combined business to compete in the US market with a unified organization and a complementary portfolio Extends ..."
ICUI,ICUI:UW,BBG000CQWFW4,ICU Medical to Buy Pfizer’s Infusion Unit for $1 Billion,2016-10-06 11:54:47 +0000,http://www.bloomberg.com/news/articles/2016-10-06/icu-medical-to-acquire-pfizer-s-hospira-unit-for-1-billion?cmpid=yhoo.headline,ICU Medical to Buy Pfizer’s Infusion Unit for $1 Billion
ICUI,ICUI:UW,BBG000CQWFW4,ICU Medical To Buy Pfizer Unit in $1 Billion Deal,2016-10-06 10:05:00 +0000,http://articlefeeds.nasdaq.com/~r/nasdaq/symbols/~3/jacGfDnxXVA/icu-medical-to-buy-pfizer-unit-in-1-billion-deal-20161006-00544,ICU Medical To Buy Pfizer Unit in $1 Billion Deal
ICUI,ICUI:UW,BBG000CQWFW4,ICU Medical Inc. (ICUI) Has Broken Out To A New High After Acquisition,2016-10-06 09:34:00 +0000,http://articlefeeds.nasdaq.com/~r/nasdaq/symbols/~3/CbXo-wG0sI8/icu-medical-inc-icui-has-broken-out-to-a-new-high-after-acquisition-20161006-00527,ICU Medical Inc. (ICUI) Has Broken Out To A New High After Acquisition
ICUI,ICUI:UW,BBG000CQWFW4,ICU Medical To Acquire Pfizer''s Hospira In $1 Bln Deal - Quick Facts,2016-10-06 08:07:00 +0000,http://articlefeeds.nasdaq.com/~r/nasdaq/symbols/~3/-ju988yUK8E/icu-medical-to-acquire-pfizers-hospira-in-1-bln-deal--quick-facts-20161006-01165,ICU Medical To Acquire Pfizer''s Hospira In $1 Bln Deal - Quick Facts
ICUI,ICUI:UW,BBG000CQWFW4,ICU Medical To Acquire Pfizer's Hospira In $1 Bln Deal - Quick Facts,2016-10-06 08:07:00 +0000,http://articlefeeds.nasdaq.com/~r/nasdaq/symbols/~3/QiEkB07G1H4/icu-medical-to-acquire-pfizers-hospira-in-1-bln-deal--quick-facts-20161006-00337,ICU Medical To Acquire Pfizer's Hospira In $1 Bln Deal - Quick Facts
ICUI,ICUI:UW,BBG000CQWFW4,ICU Medical Investor Conference Call At 8:30 AM ET,2016-10-06 08:05:00 +0000,http://articlefeeds.nasdaq.com/~r/nasdaq/symbols/~3/M5hP21FFoNE/icu-medical-investor-conference-call-at-830-am-et-20161006-00334,ICU Medical Investor Conference Call At 8:30 AM ET
ICUI,ICUI:UW,BBG000CQWFW4,"ETF’s with exposure to ICU Medical, Inc. : September 7, 2016",2016-09-07 14:46:36 +0000,http://www.capitalcube.com/blog/index.php/etfs-with-exposure-to-icu-medical-inc-september-7-2016/,"ETF’s with exposure to ICU Medical, Inc. : September 7, 2016"
ICUI,ICUI:UW,BBG000CQWFW4,"ETF’s with exposure to ICU Medical, Inc. : August 12, 2016",2016-08-12 18:27:18 +0000,http://www.capitalcube.com/blog/index.php/etfs-with-exposure-to-icu-medical-inc-august-12-2016/,"ETF’s with exposure to ICU Medical, Inc. : August 12, 2016"
ICUI,ICUI:UW,BBG000CQWFW4,"ICU Medical, Inc. :ICUI-US: Earnings Analysis: Q2, 2016 By the Numbers : August 11, 2016",2016-08-11 14:32:05 +0000,http://www.capitalcube.com/blog/index.php/icu-medical-inc-icui-us-earnings-analysis-q2-2016-by-the-numbers-august-11-2016/,"ICU Medical, Inc. :ICUI-US: Earnings Analysis: Q2, 2016 By the Numbers : August 11, 2016"
ICUI,ICUI:UW,BBG000CQWFW4,Here's 5 Medical Stocks Soaring After Earnings Today,2016-08-09 19:52:45 +0000,http://articlefeeds.nasdaq.com/~r/nasdaq/symbols/~3/YHahr4l1Xhc/heres-5-medical-stocks-soaring-after-earnings-today-cm662773,"Second quarter earnings season may be wrapping up, but a plethora of companies in the medical industry were yet to report until this week. Several key drug, biotech, and medical instruments companies reported earnings on Monday and Tuesday, and"
ICUI,ICUI:UW,BBG000CQWFW4,Here's 5 Medical Stocks Soaring After Earnings Today,2016-08-09 18:36:06 +0000,http://finance.yahoo.com/news/heres-5-medical-stocks-soaring-183606220.html,Here's 5 Medical Stocks Soaring After Earnings Today
ICUI,ICUI:UW,BBG000CQWFW4,"ICU MEDICAL INC/DE Files SEC form 10-Q, Quarterly Report",2016-08-09 16:41:04 +0000,http://biz.yahoo.com/e/160809/icui10-q.html,"ICU MEDICAL INC/DE Files SEC form 10-Q, Quarterly Report"
ICUI,ICUI:UW,BBG000CQWFW4,ICU Medical (ICUI) Has Broken Out To A New High After Q2 Profit Beat,2016-08-09 10:02:00 +0000,http://articlefeeds.nasdaq.com/~r/nasdaq/symbols/~3/P0A6hQuqiDE/icu-medical-icui-has-broken-out-to-a-new-high-after-q2-profit-beat-20160809-00697,ICU Medical (ICUI) Has Broken Out To A New High After Q2 Profit Beat
ICUI,ICUI:UW,BBG000CQWFW4,Edited Transcript of ICUI earnings conference call or presentation 8-Aug-16 8:30pm GMT,2016-08-09 03:02:31 +0000,http://finance.yahoo.com/news/edited-transcript-icui-earnings-conference-030231343.html,Edited Transcript of ICUI earnings conference call or presentation 8-Aug-16 8:30pm GMT
ICUI,ICUI:UW,BBG000CQWFW4,ICU Medical beats 2Q profit forecasts,2016-08-08 23:29:37 +0000,http://sg.finance.yahoo.com/news/icu-medical-beats-2q-profit-232937380.html,ICU Medical beats 2Q profit forecasts
ICUI,ICUI:UW,BBG000CQWFW4,"ICU Medical, Inc. Announces Second Quarter 2016 Results",2016-08-08 20:18:08 +0000,http://www.publicnow.com/view/DC3486A4E2387D375105139E2F693894F1AAB42F,"[at noodls] - August 8, 2016 SAN CLEMENTE, Calif., Aug. 08, 2016 (GLOBE NEWSWIRE) -- ICU Medical, Inc. (Nasdaq:ICUI), a leader in the development, manufacture and sale of innovative medical devices used in infusion ..."
ICUI,ICUI:UW,BBG000CQWFW4,"ICU MEDICAL INC/DE Files SEC form 8-K, Financial Statements and Exhibits",2016-08-08 20:12:57 +0000,http://biz.yahoo.com/e/160808/icui8-k.html,"ICU MEDICAL INC/DE Files SEC form 8-K, Financial Statements and Exhibits"
ICUI,ICUI:UW,BBG000CQWFW4,ICU Medical Updates 2016 Guidance - Quick Facts,2016-08-08 18:13:00 +0000,http://articlefeeds.nasdaq.com/~r/nasdaq/symbols/~3/FxTlvDqOgLA/icu-medical-updates-2016-guidance--quick-facts-20160808-01213,ICU Medical Updates 2016 Guidance - Quick Facts
ICUI,ICUI:UW,BBG000CQWFW4,ICU Medical Q2 16 Earnings Conference Call At 4:30 PM ET,2016-08-08 15:00:00 +0000,http://articlefeeds.nasdaq.com/~r/nasdaq/symbols/~3/KRPAKvQeEuo/icu-medical-q2-16-earnings-conference-call-at-430-pm-et-20160808-00788,ICU Medical Q2 16 Earnings Conference Call At 4:30 PM ET
ICUI,ICUI:UW,BBG000CQWFW4,Q2 2016 ICU Medical Inc Earnings Release - After Market Close,2016-08-08 11:07:04 +0000,http://biz.yahoo.com/research/earncal/20160808.html?t=icui,Q2 2016 ICU Medical Inc Earnings Release - After Market Close
ICUI,ICUI:UW,BBG000CQWFW4,"Medical Product Stocks' Earnings on Aug 8: NVRO, ICUI & More",2016-08-05 12:55:18 +0000,http://articlefeeds.nasdaq.com/~r/nasdaq/symbols/~3/_oK59R_5aog/medical-product-stocks-earnings-on-aug-8-nvro-icui-more-cm660943,The Q2 earnings season is on its last leg with the results of 414 S&P members already out. At last a sigh of relief for the investors despite all the idiosyncratic notions of the world market that shrouded the
ICUI,ICUI:UW,BBG000CQWFW4,"Medical Product Stocks' Earnings on Aug 8: NVRO, ICUI & More",2016-08-05 11:40:11 +0000,http://finance.yahoo.com/news/medical-product-stocks-earnings-aug-114011204.html,"Medical Product Stocks' Earnings on Aug 8: NVRO, ICUI & More"
ICUI,ICUI:UW,BBG000CQWFW4,"ICU MEDICAL INC/DE Files SEC form 8-K, Amendments to Articles of Inc. or Bylaws; Change in Fiscal Year, Financial Sta",2016-08-03 15:09:09 +0000,http://biz.yahoo.com/e/160803/icui8-k.html,"ICU MEDICAL INC/DE Files SEC form 8-K, Amendments to Articles of Inc. or Bylaws; Change in Fiscal Year, Financial Sta"
ICUI,ICUI:UW,BBG000CQWFW4,"ICU Medical, Inc. Announces Time of Second Quarter 2016 Earnings Call",2016-07-18 19:05:00 +0000,http://finance.yahoo.com/news/icu-medical-inc-announces-time-190500083.html,"[GlobeNewswire] - SAN CLEMENTE, Calif., July 18, 2016-- ICU Medical, Inc., a leader in the development, manufacture and sale of innovative medical devices used in infusion therapy, oncology and critical care applications, ..."
ICUI,ICUI:UW,BBG000CQWFW4,"Genomic Health to Offer Epic Science's AR-V7 test, Shares Up",2016-07-11 15:57:10 +0000,http://articlefeeds.nasdaq.com/~r/nasdaq/symbols/~3/zw7vlEYe-Rs/genomic-health-to-offer-epic-sciences-ar-v7-test-shares-up-cm647203,"Genomic Health, Inc.GHDX recently inked an exclusive deal with private diagnostic provider Epic Sciences to market and sell the latter's liquid biopsy test AR V7. Notably, the test will be available in the U.S. starting early 2017. AR V7"
ICUI,ICUI:UW,BBG000CQWFW4,"Walgreen Boots: Q3 a Mixed Bag, Achieves $1B in Synergy",2016-07-11 14:58:16 +0000,http://articlefeeds.nasdaq.com/~r/nasdaq/symbols/~3/b-5ds1WkzmQ/walgreen-boots-q3-a-mixed-bag-achieves-1b-in-synergy-cm647072,"On Jul 8, we issued an updated research report on Deerfield, IL based Walgreens Boots Alliance, Inc.WBA the world's first pharmacy led, health and wellbeing enterprise. The company currently carries a Zacks Rank #3 (Hold). Walgreens Boots reported a"
ICUI,ICUI:UW,BBG000CQWFW4,"Illumina Stock Hit by Downbeat Guidance, Stiff Competition",2016-07-08 16:41:30 +0000,http://articlefeeds.nasdaq.com/~r/nasdaq/symbols/~3/GWTlEd885hM/illumina-stock-hit-by-downbeat-guidance-stiff-competition-cm646457,"On Jul 5, 2016, we issued an updated research report on San Diego, CA based Illumina Inc.ILMN , a company that provides tools and integrated systems for the analysis of genetic variation and function. The stock currently carries a"
ICUI,ICUI:UW,BBG000CQWFW4,"Halyard Health Now a Strong Buy, Portfolio Key Catalyst",2016-07-08 14:44:23 +0000,http://articlefeeds.nasdaq.com/~r/nasdaq/symbols/~3/DW4ZnGWYETM/halyard-health-now-a-strong-buy-portfolio-key-catalyst-cm646314,"On Jul 8, 2016, Zacks Investment Research upgraded Halyard Health IncHYH to a Zacks Rank #1 (Strong Buy).Why the Upgrade? Halyard's expanding product pipeline is the primary reason behind the upgrade. The company expects to launch 10 new products"
ICUI,ICUI:UW,BBG000CQWFW4,"Henry Schein Rides High on Strategic Buyouts, Price Hurts",2016-07-07 16:49:26 +0000,http://articlefeeds.nasdaq.com/~r/nasdaq/symbols/~3/nZ9re4z4ls8/henry-schein-rides-high-on-strategic-buyouts-price-hurts-cm645918,"On Jul 5, we issued an updated research report on Melville, NY based Henry Schein, Inc.(HSIC) , a leading distributor of health care products and services across the globe. The company currently carries a Zacks Rank #3 (Hold). Henry"
ICUI,ICUI:UW,BBG000CQWFW4,"Walgreens Boots Tops Q3 Earnings, Rite Aid Deal on Track",2016-07-06 17:36:14 +0000,http://articlefeeds.nasdaq.com/~r/nasdaq/symbols/~3/p8XjFyOJMuw/walgreens-boots-tops-q3-earnings-rite-aid-deal-on-track-cm645347,"Walgreens Boots Alliance, Inc.WBA reported adjusted earnings per share (EPS) of $1.18 in the third quarter of fiscal 2016, up 15.7% from the year ago adjusted number. Adjusted EPS also beat the Zacks Consensus Estimate by 3.5%. A single"
ICUI,ICUI:UW,BBG000CQWFW4,"Zimmer Biomet Poised on LDR Inclusion, Product Launches",2016-07-06 15:45:58 +0000,http://articlefeeds.nasdaq.com/~r/nasdaq/symbols/~3/L4tL7noNoD8/zimmer-biomet-poised-on-ldr-inclusion-product-launches-cm645267,"On Jul 4, 2016, we issued an updated research report on Zimmer Biomet Holdings, Inc.ZBH a major player in the musculoskeletal industry. The consolidated company formed post the merger of the legacy Zimmer Holdings and Biomet, is successfully expanding"
ICUI,ICUI:UW,BBG000CQWFW4,Abaxis: Growth on Test Menu Expansion; Competition Rife,2016-07-05 17:50:20 +0000,http://articlefeeds.nasdaq.com/~r/nasdaq/symbols/~3/_ILa4goAXEw/abaxis-growth-on-test-menu-expansion-competition-rife-cm644816,"On Jul 4, 2016, we issued an updated research report on Abaxis, Inc.ABAX , which develops, manufactures, markets, and sells portable blood analysis systems. The stock currently carries a Zacks Rank #3 (Hold). Abaxis has been working on expanding"
ICUI,ICUI:UW,BBG000CQWFW4,NuVasive (NUVA) at 52-Week High on Strategic Initiatives,2016-07-05 14:53:33 +0000,http://articlefeeds.nasdaq.com/~r/nasdaq/symbols/~3/eOLoX14HtFE/nuvasive-nuva-at-52-week-high-on-strategic-initiatives-cm644605,"Shares of NuVasive, Inc.NUVA rallied to a new 52 week high of $60.37 on Jul 1, closing a bit lower at $59.97. This represents a strong one year return of about 26.28%, much better than the S&P 500's 1.65%."
ICUI,ICUI:UW,BBG000CQWFW4,Akers Biosciences Chlamydia Rapid Test Results Positive,2016-07-01 15:54:27 +0000,http://articlefeeds.nasdaq.com/~r/nasdaq/symbols/~3/-PbzrrhOa7w/akers-biosciences-chlamydia-rapid-test-results-positive-cm643858,"Shares of Akers Biosciences Inc.AKER surged 15.8% to close at $3.22 following the completion of a clinical trial on the company's Chlamydia rapid test, based on its proprietary Particle ImmunoFiltration Assay (PIFA) technology. Per Akers, ""The results were highly"
ICUI,ICUI:UW,BBG000CQWFW4,"Myriad Genetics: Study Data Drives Growth, Competition Rife",2016-07-01 14:55:06 +0000,http://articlefeeds.nasdaq.com/~r/nasdaq/symbols/~3/A-mBrZ0sw8A/myriad-genetics-study-data-drives-growth-competition-rife-cm643789,"On Jun 30, we issued an updated research report on Salt Lake City, UT based molecular diagnostics provider, Myriad Genetics, Inc.MYGN . The company currently carries a Zacks Rank #3 (Hold). Myriad has been hitting the headlines of late"
ICUI,ICUI:UW,BBG000CQWFW4,GNC Holdings' Overseas Prospects Robust Amid Market Woes,2016-06-30 23:51:30 +0000,http://articlefeeds.nasdaq.com/~r/nasdaq/symbols/~3/Ph3deDnSxRM/gnc-holdings-overseas-prospects-robust-amid-market-woes-cm643572,"On Jun 30, 2016, we issued an updated research report on Pittsburgh, PA based GNC Holdings, Inc.GNC , a leading global specialty retailer of products for health and wellness, including vitamins, minerals and herbal supplement, sports nutrition and diet."
ICUI,ICUI:UW,BBG000CQWFW4,Medtronic (MDT) Focuses on Cardiac Management Portfolio,2016-06-30 15:52:41 +0000,http://articlefeeds.nasdaq.com/~r/nasdaq/symbols/~3/PbNs0xE4ddY/medtronic-mdt-focuses-on-cardiac-management-portfolio-cm643270,"In a continuous bid to expand in the growing market of heart failure, leading medical device company, Medtronic plc MDT recently launched its Beacon Heart Failure Management Service in the U.S. This is the latest service from Medtronic Care"
ICUI,ICUI:UW,BBG000CQWFW4,"ICU Medical, Inc. – Value Analysis (NASDAQ:ICUI) : June 21, 2016",2016-06-21 15:28:46 +0000,http://www.capitalcube.com/blog/index.php/icu-medical-inc-value-analysis-nasdaqicui-june-21-2016/,"ICU Medical, Inc. – Value Analysis (NASDAQ:ICUI) : June 21, 2016"
ICUI,ICUI:UW,BBG000CQWFW4,"ICU Medical, Inc. breached its 50 day moving average in a Bearish Manner : ICUI-US : June 20, 2016",2016-06-20 12:36:03 +0000,http://www.capitalcube.com/blog/index.php/icu-medical-inc-breached-its-50-day-moving-average-in-a-bearish-manner-icui-us-june-20-2016/,"ICU Medical, Inc. breached its 50 day moving average in a Bearish Manner : ICUI-US : June 20, 2016"
ICUI,ICUI:UW,BBG000CQWFW4,"ETF’s with exposure to ICU Medical, Inc. : May 19, 2016",2016-05-19 02:34:35 +0000,http://www.capitalcube.com/blog/index.php/etfs-with-exposure-to-icu-medical-inc-may-19-2016/,"ETF’s with exposure to ICU Medical, Inc. : May 19, 2016"
ICUI,ICUI:UW,BBG000CQWFW4,"ICU Medical, Inc. breached its 50 day moving average in a Bullish Manner : ICUI-US : May 17, 2016",2016-05-17 12:17:00 +0000,http://www.capitalcube.com/blog/index.php/icu-medical-inc-breached-its-50-day-moving-average-in-a-bullish-manner-icui-us-may-17-2016/,"ICU Medical, Inc. breached its 50 day moving average in a Bullish Manner : ICUI-US : May 17, 2016"
ICUI,ICUI:UW,BBG000CQWFW4,"ICU MEDICAL INC/DE Files SEC form 8-K, Change in Directors or Principal Officers, Submission of Matters to a Vote of",2016-05-17 10:02:02 +0000,http://biz.yahoo.com/e/160517/icui8-k.html,"ICU MEDICAL INC/DE Files SEC form 8-K, Change in Directors or Principal Officers, Submission of Matters to a Vote of"
ICUI,ICUI:UW,BBG000CQWFW4,US distribution agreement with ICU Medical,2016-05-16 08:12:02 +0000,http://www.publicnow.com/view/806FB08F8C97B455D0DEAE92B51B0260A5AE3DD5,"[at noodls] - 16 May 2016 LiDCO (AIM: LID), the hemodynamic monitoring company, announces it has signed a distribution agreement with its partner ICU Medical, Inc. (NASDAQ: ICUI) to sell the LiDCO IM non-invasive hemodynamic ..."
ICUI,ICUI:UW,BBG000CQWFW4,US Distribution Agreement with ICU Medical,2016-05-16 06:12:15 +0000,http://www.publicnow.com/view/7D87ACBFD77FCA5A47DD9F29045B77096D9BE7DE,"[at noodls] - 16 May 2016 LIDCO GROUP PLC ('LiDCO' or the 'Company' or 'the Group') US distribution agreement with ICU Medical LiDCO (AIM: LID), the hemodynamic monitoring company, announces it has signed a distribution ..."
ICUI,ICUI:UW,BBG000CQWFW4,"ICU Medical, Inc. :ICUI-US: Earnings Analysis: Q1, 2016 By the Numbers",2016-05-13 14:38:42 +0000,http://www.capitalcube.com/blog/index.php/icu-medical-inc-icui-us-earnings-analysis-q1-2016-by-the-numbers/,"ICU Medical, Inc. :ICUI-US: Earnings Analysis: Q1, 2016 By the Numbers"
ICUI,ICUI:UW,BBG000CQWFW4,Edited Transcript of ICUI earnings conference call or presentation 10-May-16 8:30pm GMT,2016-05-11 05:32:24 +0000,http://finance.yahoo.com/news/edited-transcript-icui-earnings-conference-053224696.html,Edited Transcript of ICUI earnings conference call or presentation 10-May-16 8:30pm GMT
ICUI,ICUI:UW,BBG000CQWFW4,ICU Medical beats 1Q profit forecasts,2016-05-10 23:04:56 +0000,http://sg.finance.yahoo.com/news/icu-medical-beats-1q-profit-230456490.html,ICU Medical beats 1Q profit forecasts
ICUI,ICUI:UW,BBG000CQWFW4,ICU Medical Inc Earnings Call scheduled for 4:30 pm ET today,2016-05-10 20:30:00 +0000,http://biz.yahoo.com/cc/9/152119.html,ICU Medical Inc Earnings Call scheduled for 4:30 pm ET today
ICUI,ICUI:UW,BBG000CQWFW4,"ICU Medical, Inc. Announces First Quarter 2016 Results",2016-05-10 20:28:12 +0000,http://www.publicnow.com/view/BB851C54B409DC1A42D9E6FB4450E7AE60FC5064,"[at noodls] - May 10, 2016 SAN CLEMENTE, Calif., May 10, 2016 (GLOBE NEWSWIRE) -- ICU Medical, Inc. (Nasdaq:ICUI), a leader in the development, manufacture and sale of innovative medical devices used in infusion therapy, ..."
ICUI,ICUI:UW,BBG000CQWFW4,"ICU Medical, Inc. Announces Time of First Quarter 2016 Earnings Call",2016-04-19 20:22:03 +0000,http://www.publicnow.com/view/3121BD4A790028C71A4A8F9CAF14AC4D4AAF1A10,"[at noodls] - April 19, 2016 SAN CLEMENTE, Calif., April 19, 2016 (GLOBE NEWSWIRE) -- ICU Medical, Inc., (Nasdaq:ICUI), a leader in the development, manufacture and sale of innovative medical devices used in infusion ..."
ICUI,ICUI:UW,BBG000CQWFW4,B. Braun and ICU Medical Sign Expanded Long-Term International Distribution Agreement,2016-03-21 12:08:37 +0000,http://www.publicnow.com/view/7FF4F6C72B79221E8112B4C1780FE843179ADF15,[at noodls] - Microsoft Word - 03-21-16 B. Braun ICU Medical Agreement C.docx Agreement calls for B. Braun's distribution of ICU Medical's SwabCap product line to be first phase of the collaboration between the two ...
ICUI,ICUI:UW,BBG000CQWFW4,ICU Medical beats 4Q profit forecasts,2016-02-03 22:59:27 +0000,http://sg.finance.yahoo.com/news/icu-medical-beats-4q-profit-225927078.html,ICU Medical beats 4Q profit forecasts
ICUI,ICUI:UW,BBG000CQWFW4,"ICU Medical, Inc. Announces Time of Fourth Quarter and Fiscal Year 2015 Earnings Call",2016-01-22 12:53:24 +0000,http://www.noodls.com/view/BC54384D3E2C25F73DB06EB19E6BB6F04511B9F0,"[at noodls] - January 22, 2016 SAN CLEMENTE, Calif., Jan. 22, 2016 (GLOBE NEWSWIRE) -- ICU Medical, Inc., (Nasdaq:ICUI), a leader in the development, manufacture and sale of innovative medical devices used in infusion ..."
ICUI,ICUI:UW,BBG000CQWFW4,"New Study Shows ICU Medical's SwabCap® Reduced Central Line-Associated Bloodstream Infections and Blood Culture Contamination, Corresponding To $3.2 Million Annual Savings",2016-01-13 13:27:09 +0000,http://www.noodls.com/view/9F98FA6164673EE7C0DF25FD8E893F5799606CA0,"[at noodls] - January 13, 2016 New Study Shows ICU Medical's SwabCap(R) Reduced Central Line-Associated Bloodstream Infections and Blood Culture Contamination, Corresponding To $3.2 Million Annual Savings In commenting ..."
ICUI,ICUI:UW,BBG000CQWFW4,"ICU Medical, Inc. to Present at 34th Annual J.P. Morgan Healthcare Conference",2016-01-04 17:59:08 +0000,http://www.noodls.com/view/4FE8CBDC0BE1537EEA14D866AE328EE556206032,"[at noodls] - January 4, 2016 SAN CLEMENTE, Calif., Jan. 04, 2016 (GLOBE NEWSWIRE) -- ICU Medical, Inc. (Nasdaq:ICUI), a leader in the development, manufacture and sale of innovative medical devices used in infusion ..."
ICUI,ICUI:UW,BBG000CQWFW4,ICU Medical beats 3Q profit forecasts,2015-11-06 00:35:38 +0000,http://sg.finance.yahoo.com/news/icu-medical-beats-3q-profit-003538065.html,ICU Medical beats 3Q profit forecasts
ICUI,ICUI:UW,BBG000CQWFW4,"ICU Medical, Inc. Announces Third Quarter 2015 Results",2015-11-05 21:41:05 +0000,http://www.noodls.com/view/3BBF94C0BCBD166086BF4C5B2A84DE02C269F8FF,"[at noodls] - November 5, 2015 SAN CLEMENTE, Calif., Nov. 5, 2015 (GLOBE NEWSWIRE) -- ICU Medical, Inc., (Nasdaq:ICUI) ('ICU Medical'), a leader in the development, manufacture and sale of innovative medical devices ..."
ICUI,ICUI:UW,BBG000CQWFW4,"ICU Medical, Inc. Announces Time of Third Quarter 2015 Earnings Call",2015-10-20 20:13:09 +0000,http://www.noodls.com/view/35051993305DB8288551C68857E93FC617273F16,"[at noodls] - SAN CLEMENTE, Calif., Oct. 20, 2015 (GLOBE NEWSWIRE) -- ICU Medical, Inc., (Nasdaq:ICUI) ('ICU Medical'), a leader in the development, manufacture and sale of innovative medical devices used in infusion ..."
ICUI,ICUI:UW,BBG000CQWFW4,ICU Medical Partners With Medline Industries to Acquire Excelsior Medical Corporation,2015-10-05 20:34:03 +0000,http://www.noodls.com/view/D4D6FACE86EFA474D8E4038739861376B0AEC3E5,"[at noodls] - SAN CLEMENTE, Calif., Oct. 5, 2015 (GLOBE NEWSWIRE) -- ICU Medical, Inc., (Nasdaq:ICUI), a leader in the development, manufacture and sale of innovative medical devices used in infusion therapy, oncology ..."
ICUI,ICUI:UW,BBG000CQWFW4,"ICU Medical, Inc. to Present at the Morgan Stanley 2015 Global Healthcare Conference",2015-09-10 21:36:06 +0000,http://www.noodls.com/view/8B2952525C49C3702B9E8C335CB256920F7B0F15,"[at noodls] - September 10, 2015 SAN CLEMENTE, Calif., Sept. 10, 2015 (GLOBE NEWSWIRE) -- ICU Medical, Inc. (Nasdaq:ICUI), a leader in the development, manufacture and sale of innovative medical devices used in infusion ..."
ICUI,ICUI:UW,BBG000CQWFW4,ICU Medical posts 1Q profit,2015-05-05 22:03:37 +0000,http://sg.finance.yahoo.com/news/icu-medical-posts-1q-profit-220337679.html,ICU Medical posts 1Q profit
ICUI,ICUI:UW,BBG000CQWFW4,ICU Medical posts 4Q profit,2015-02-09 22:58:07 +0000,http://sg.finance.yahoo.com/news/icu-medical-posts-4q-profit-225807713.html,ICU Medical posts 4Q profit
ICUI,ICUI:UW,BBG000CQWFW4,ICU Medical posts 3Q profit,2014-11-11 10:11:05 +0000,http://sg.finance.yahoo.com/news/icu-medical-posts-3q-profit-101105203--finance.html,ICU Medical posts 3Q profit
