RESULT_COUNT: 216,PAGE_SIZE: 10000,CURRENT_PAGE: 1,TOTAL_PAGES: 1,API_CALL_CREDITS: 1
TICKER,FIGI_TICKER,FIGI,TITLE,PUBLICATION_DATE,URL,SUMMARY
INSM,INSM:UW,BBG000BWMLH7,Best Sector ETF of Q3 and its Top-Performing Stocks,2017-10-02 14:50:02 +0000,https://finance.yahoo.com/news/best-sector-etf-q3-top-145002499.html?.tsrc=rss,Inside the top performing stocks of top U.S.-focused ETF of Q3.
INSM,INSM:UW,BBG000BWMLH7,See what the IHS Markit Score report has to say about Insmed Inc.,2017-10-02 12:01:29 +0000,https://finance.yahoo.com/news/see-ihs-markit-score-report-120129348.html?.tsrc=rss,"The last change in the short interest score occurred more than 1 month ago and implies that there has been little change in sentiment among investors who seek to profit from falling equity prices.  Index (PMI) data, output in the Healthcare sector is rising."
INSM,INSM:UW,BBG000BWMLH7,See what the IHS Markit Score report has to say about Insmed Inc.,2017-09-28 12:06:01 +0000,https://finance.yahoo.com/news/see-ihs-markit-score-report-120601246.html?.tsrc=rss,"The last change in the short interest score occurred more than 1 month ago and implies that there has been little change in sentiment among investors who seek to profit from falling equity prices.  Index (PMI) data, output in the Healthcare sector is rising."
INSM,INSM:UW,BBG000BWMLH7,"Commit To Purchase Insmed At $18, Earn 9.3% Annualized Using Options",2017-09-21 17:39:12 +0000,http://articlefeeds.nasdaq.com/~r/nasdaq/symbols/~3/ScKJv-Cse5U/commit-to-purchase-insmed-at-18-earn-93-annualized-using-options-cm849132,Investors considering a purchase of Insmed Inc Symbol INSM stock but tentative about paying the going market price of 29 21 share might benefit from considering selling puts among the alternative strategies at their disposal One interesting put contract in particular is the May 2018 put
INSM,INSM:UW,BBG000BWMLH7,Insmed to Present at Two September Investor Conferences,2017-09-19 12:00:00 +0000,https://finance.yahoo.com/news/insmed-present-two-september-investor-120000745.html?.tsrc=rss,"BRIDGEWATER, N.J., Sept. 19, 2017-- Insmed Incorporated, a global biopharmaceutical company focused on the unmet needs of patients with rare diseases, today announced that Will Lewis, President and Chief ..."
INSM,INSM:UW,BBG000BWMLH7,"Keep An Eye On These Biotech Stocks This Month, If Invested",2017-09-18 03:14:00 +0000,http://articlefeeds.nasdaq.com/~r/nasdaq/symbols/~3/T8NAdeCJXKk/keep-an-eye-on-these-biotech-stocks-this-month-if-invested-20170918-00105,"Keep An Eye On These Biotech Stocks This Month, If Invested"
INSM,INSM:UW,BBG000BWMLH7,"As Insmed Reaches New Highs, Is Matinas Following in Its Footsteps?",2017-09-12 16:26:17 +0000,https://finance.yahoo.com/news/insmed-reaches-highs-matinas-following-162617698.html?.tsrc=rss,"Matinas, working on a version of Insmed drug, may now be in a position to duplicate its success"
INSM,INSM:UW,BBG000BWMLH7,Insmed Announces Closing of Public Offering,2017-09-11 20:01:00 +0000,https://finance.yahoo.com/news/insmed-announces-closing-public-offering-200100479.html?.tsrc=rss,"BRIDGEWATER, N.J., Sept. 11, 2017-- Insmed Incorporated announced the closing today of its previously announced public offering of its common stock. Insmed issued and sold in the public offering 14,123,150 ..."
INSM,INSM:UW,BBG000BWMLH7,See what the IHS Markit Score report has to say about Insmed Inc.,2017-09-11 12:02:26 +0000,https://finance.yahoo.com/news/see-ihs-markit-score-report-120226229.html?.tsrc=rss,"The last change in the short interest score occurred more than 1 month ago and implies that there has been little change in sentiment among investors who seek to profit from falling equity prices.  Index (PMI) data, output in the Healthcare sector is rising."
INSM,INSM:UW,BBG000BWMLH7,3 Biotech Stocks That Skyrocketed This Week: Can They Go Higher?,2017-09-09 15:50:55 +0000,http://articlefeeds.nasdaq.com/~r/nasdaq/symbols/~3/OxOK_C3cycc/3-biotech-stocks-that-skyrocketed-this-week-can-they-go-higher-cm843317,Every biotech company goes into a clinical study with great hopes and often great fears as well There s no guarantee that all will go well All the time and money poured into an experimental drug can go down the drain with bad results But good results mean an entirely different
INSM,INSM:UW,BBG000BWMLH7,3 Biotech Stocks That Skyrocketed This Week: Can They Go Higher?,2017-09-09 14:02:00 +0000,http://finance.yahoo.com/r/00ba8a71-dbf4-3972-9e95-f1cd9928fdf7/3-biotech-stocks-that-skyrocketed-this-week-can-th.aspx?yptr=yahoo&.tsrc=rss,"Insmed, Newlink Genetics, and Voyager Therapeutics stocks soar on positive news."
INSM,INSM:UW,BBG000BWMLH7,Insmed Prices Offering At $28.50/Share,2017-09-08 00:56:00 +0000,http://articlefeeds.nasdaq.com/~r/nasdaq/symbols/~3/kmhtexnQDJU/insmed-prices-offering-at-2850share-20170908-00008,Insmed Prices Offering At $28.50/Share
INSM,INSM:UW,BBG000BWMLH7,INSM Crosses Above Average Analyst Target,2017-09-07 14:49:46 +0000,http://articlefeeds.nasdaq.com/~r/nasdaq/symbols/~3/dpyKWlRLXLk/insm-crosses-above-average-analyst-target-cm842161,In recent trading shares of Insmed Inc Symbol INSM have crossed above the average analyst 12 month target price of 28 00 changing hands for 29 36 share When a stock reaches the target an analyst has set the analyst logically has two ways to react downgrade on valuation or re
INSM,INSM:UW,BBG000BWMLH7,"Pre-Market Most Active for Sep 7, 2017 :  CAB, BLDR, GPRO, TVIX, IRT, GE, INSM, AZN, WLL, BAC, ALNY, QQQ",2017-09-07 12:59:32 +0000,http://articlefeeds.nasdaq.com/~r/nasdaq/symbols/~3/QKePUYa1frw/pre-market-most-active-for-sep-7-2017-cab-bldr-gpro-tvix-irt-ge-insm-azn-wll-bac-alny-qqq-cm842093,The NASDAQ 100 Pre Market Indicator is up 3 58 to 5 954 71 The total Pre Market volume is currently 4 600 813 shares traded The following are the most active stocks for the pre market session Cabela s Inc CAB is 7 79 at 61 23 with 527 359 shares traded CAB s
INSM,INSM:UW,BBG000BWMLH7,Insmed Announces Pricing of Public Offering of Common Stock,2017-09-07 01:37:15 +0000,https://finance.yahoo.com/news/insmed-announces-pricing-public-offering-013715984.html?.tsrc=rss,"BRIDGEWATER, N.J., Sept. 06, 2017-- Insmed Incorporated announced today that it priced an offering of 12,281,000 shares of its common stock in a registered underwritten public offering at a price of $28.50 ..."
INSM,INSM:UW,BBG000BWMLH7,"SRPT Walks The Talk, VSTM Grows, PULM Pulls Back, Smooth Sailing For VYGR",2017-09-06 22:05:00 +0000,http://articlefeeds.nasdaq.com/~r/nasdaq/symbols/~3/fqLoPBDwsL8/srpt-walks-the-talk-vstm-grows-pulm-pulls-back-smooth-sailing-for-vygr-20170906-01588,"SRPT Walks The Talk, VSTM Grows, PULM Pulls Back, Smooth Sailing For VYGR"
INSM,INSM:UW,BBG000BWMLH7,"Company News For Sep 6, 2017",2017-09-06 16:55:18 +0000,http://articlefeeds.nasdaq.com/~r/nasdaq/symbols/~3/1hq0mZy9vrg/company-news-for-sep-6-2017-cm841766,Shares of Insmed Inc INSM surged 120 after the company announced that it had completed the study of NTM lung disease and would now seek priority review and approval Celectis S A s CLLS shares dropped 20 after the Food and Drug Administration ordered the drug company to
INSM,INSM:UW,BBG000BWMLH7,"Biotech Stock Roundup: Cellectis Down on Clinical Hold, Insmed Soars on Positive Data",2017-09-06 13:54:15 +0000,http://articlefeeds.nasdaq.com/~r/nasdaq/symbols/~3/Y3pWS9mQ1Ck/biotech-stock-roundup-cellectis-down-on-clinical-hold-insmed-soars-on-positive-data-cm841553,It was a relatively slow week for the biotech sector though key pipeline updates were provided by companies like Cellectis CLLS and Insmed INSM While Insmed skyrocketed on positive data on its lead pipeline candidate Cellectis was hit by a clinical hold on a couple of phase I
INSM,INSM:UW,BBG000BWMLH7,Insmed Incorporated (INSM) Catches Eye: Stock Soars 119.6%,2017-09-06 13:54:06 +0000,http://articlefeeds.nasdaq.com/~r/nasdaq/symbols/~3/D1WtCIObAEE/insmed-incorporated-insm-catches-eye-stock-soars-1196-cm841551,Insmed Incorporated INSM was a big mover last session as the company saw its shares rise nearly 120 on the day The move came on solid volume too with far more shares changing hands than in a normal session The stock picked up sharply from the near flat trend of 11 61 to 13 46 in the
INSM,INSM:UW,BBG000BWMLH7,How Insmed Is Capitalizing on Its Huge Late-Stage Success,2017-09-06 12:50:24 +0000,https://finance.yahoo.com/news/insmed-capitalizing-huge-stage-success-125024180.html?.tsrc=rss,Insmed has filed with the SEC for a secondary offering. This follows a surge in the share price following positive late-stage results from its clinical study in the treatment of nontuberculous mycobacteria ...
INSM,INSM:UW,BBG000BWMLH7,Could These 2 Biotech Stocks Really Double Your Money?,2017-09-06 12:50:01 +0000,http://articlefeeds.nasdaq.com/~r/nasdaq/symbols/~3/dycSPVY__bY/could-these-2-biotech-stocks-really-double-your-money-cm841398,Investment bank analysts have been slapping lofty price targets on small cap biotech stocks recently More than a few targets I ve seen recently suggest you could easily double your money or better Before you plunk down any of your hard earned savings it s important to understand
INSM,INSM:UW,BBG000BWMLH7,Insmed Incorporated (INSM) Catches Eye: Stock Soars 119.6%,2017-09-06 12:31:12 +0000,https://finance.yahoo.com/news/insmed-incorporated-insm-catches-eye-123112101.html?.tsrc=rss,"Insmed Incorporated (INSM) was a big mover last session, as the company saw its shares rise nearly 120% on the day amid huge volumes."
INSM,INSM:UW,BBG000BWMLH7,"Biotech Stock Roundup: Cellectis Down on Clinical Hold, Insmed Soars on Positive Data",2017-09-06 12:29:12 +0000,https://finance.yahoo.com/news/biotech-stock-roundup-cellectis-down-122912750.html?.tsrc=rss,Key highlights include pipeline updates from companies like Cellectis (CLLS) and Insmed. Insmed&apos;s shares skyrocketed on positive data from a late-stage study.
INSM,INSM:UW,BBG000BWMLH7,Today's Research Reports on Stocks to Watch: Insmed Inc. and XOMA Corporation,2017-09-06 12:10:00 +0000,https://finance.yahoo.com/news/todays-research-reports-stocks-watch-121000070.html?.tsrc=rss,"NEW YORK, NY / ACCESSWIRE / September 6, 2017 / XOMA and Insmed both saw their shares blast off on Tuesday. XOMA gained nearly 44% after being upgraded by Wedbush on account of the company announcing that ..."
INSM,INSM:UW,BBG000BWMLH7,Could These 2 Biotech Stocks Really Double Your Money?,2017-09-06 10:49:00 +0000,http://finance.yahoo.com/r/dd8550b9-8f83-3158-9e89-7a3f870472d3/could-these-2-biotech-stocks-really-double-your-mo.aspx?yptr=yahoo&.tsrc=rss,Investment-bank analysts pinned price targets to these two biotechs that are more than double their recent prices. Here&apos;s what you need to know.
INSM,INSM:UW,BBG000BWMLH7,"Why Insmed, Himax Technologies, and Yamana Gold Jumped Today",2017-09-05 21:50:56 +0000,http://articlefeeds.nasdaq.com/~r/nasdaq/symbols/~3/91728qyMruE/why-insmed-himax-technologies-and-yamana-gold-jumped-today-cm841261,The stock market s week got off to a tough start on Tuesday coming out of the Labor Day holiday with substantial declines due to concerns about the geopolitical situation between the U S and North Korea Major market benchmarks were down about 1 on the day with the Dow Jones
INSM,INSM:UW,BBG000BWMLH7,"INSM Breathes Easy, XOMA Rises On Analyst Upgrade, CLLS Down On Clinical Hold",2017-09-05 21:38:00 +0000,http://articlefeeds.nasdaq.com/~r/nasdaq/symbols/~3/HZy-GVjhxxo/insm-breathes-easy-xoma-rises-on-analyst-upgrade-clls-down-on-clinical-hold-20170905-01610,"INSM Breathes Easy, XOMA Rises On Analyst Upgrade, CLLS Down On Clinical Hold"
INSM,INSM:UW,BBG000BWMLH7,Biotech stock doubles in single day after treatment for a rare lung disease has successful trial,2017-09-05 20:55:55 +0000,http://finance.yahoo.com/r/98be7938-59f8-3a39-b006-40ba0dda79bf/104691383?__source=yahoo%7Cfinance%7Cheadline%7Cheadline%7Cstory&par=yahoo&doc=104691383&yptr=yahoo&.tsrc=rss,"Insmed, maker of the new drug Alis, said it will use the proceeds of the stock offering to push the medication to market."
INSM,INSM:UW,BBG000BWMLH7,Biotech stock doubles in single day after treatment for a rare lung disease has successful trial,2017-09-05 20:55:55 +0000,https://finance.yahoo.com/news/biotech-stock-doubles-single-day-205555170.html?.tsrc=rss,"Insmed, maker of the new drug Alis, said it will use the proceeds of the stock offering to push the medication to market."
INSM,INSM:UW,BBG000BWMLH7,"Why Insmed, Himax Technologies, and Yamana Gold Jumped Today",2017-09-05 20:36:00 +0000,http://finance.yahoo.com/r/a39be3f5-9be4-3891-ad99-330a7818e7ff/why-insmed-himax-technologies-and-yamana-gold-jump.aspx?yptr=yahoo&.tsrc=rss,These stocks more than held their own despite a drop in the broader market. Find out why.
INSM,INSM:UW,BBG000BWMLH7,"Health Care Sector Update for 09/05/2017: MNK,INSM,CLLS",2017-09-05 20:29:32 +0000,http://articlefeeds.nasdaq.com/~r/nasdaq/symbols/~3/Zy4Zt9J9Fb8/health-care-sector-update-for-09052017-mnkinsmclls-cm841238,Top Health Care StocksTop Health Care Stocks JNJ 0 92 JNJ 0 92 PFE 0 46 PFE 0 46 ABT 0 37 ABT 0 37 MRK 0 37 MRK 0 37 AMGN 1 20 AMGN 1 20 Health care stocks have slowed their prior slide with the NYSE Health Care Index sinking just under 0 3 while shares of health care companies
INSM,INSM:UW,BBG000BWMLH7,Insmed Announces Proposed Public Offering of Common Stock,2017-09-05 20:01:00 +0000,https://finance.yahoo.com/news/insmed-announces-proposed-public-offering-200100282.html?.tsrc=rss,"BRIDGEWATER, N.J., Sept. 05, 2017-- Insmed Incorporated announced today that it has commenced an underwritten public offering of $250 million of shares of its common stock. All of the shares of common ..."
INSM,INSM:UW,BBG000BWMLH7,Here's Why Insmed Incorporated Is Skyrocketing,2017-09-05 19:52:06 +0000,http://articlefeeds.nasdaq.com/~r/nasdaq/symbols/~3/Ko-FCHc09YQ/heres-why-insmed-incorporated-is-skyrocketing-cm841185,What happened Investors in Insmed NASDAQ INSM are having an incredible start to the short trading week Shares of the rare disease focused biotech are up 110 as of 11 15 a m EDT after the company announced upbeat top line results from its phase 3 Convert trial So what
INSM,INSM:UW,BBG000BWMLH7,Mid-Afternoon Market Update: Dow Drops Over 200 Points; Insmed Shares Jump After Positive Results From Lung Disease Study,2017-09-05 19:39:28 +0000,http://articlefeeds.nasdaq.com/~r/nasdaq/symbols/~3/y2Gpim588eA/mid-afternoon-market-update-dow-drops-over-200-points-insmed-shares-jump-after-positive-results-from-lung-disease-study-cm841200,Toward the end of trading Tuesday the Dow traded down 1 02 percent to 21 764 27 while the NASDAQ declined 1 03 percent to 6 369 17 The S amp P also fell dropping 0 81 percent to 2 456 45 Leading and Lagging Sectors Tuesday afternoon the energy shares slipped by just 0 2
INSM,INSM:UW,BBG000BWMLH7,"Health Care Sector Update for 09/05/2017: OPNT, INSM, CLLS",2017-09-05 18:29:27 +0000,http://articlefeeds.nasdaq.com/~r/nasdaq/symbols/~3/q6MoCCNc_28/health-care-sector-update-for-09052017-opnt-insm-clls-cm841171,Top Health Care StocksTop Health Care Stocks JNJ 0 83 JNJ 0 83 PFE 0 49 PFE 0 49 ABT 0 64 ABT 0 64 MRK 0 46 MRK 0 46 AMGN 1 52 AMGN 1 52 Health care stocks continue to trend lower this afternoon with the NYSE Health Care Index sinking over 0 5 while shares of health care
INSM,INSM:UW,BBG000BWMLH7,Insmed soars on positive lung drug study results,2017-09-05 18:28:00 +0000,https://finance.yahoo.com/video/insmed-soars-positive-lung-drug-182800912.html?.tsrc=rss,CNBC's Meg Tirrell reports the latest on shares of Insmed and how the stock is more than doubling today.
INSM,INSM:UW,BBG000BWMLH7,Here&apos;s Why Insmed Incorporated Is Skyrocketing,2017-09-05 17:50:00 +0000,http://finance.yahoo.com/r/357f24cd-0fa9-3201-85d3-967b0c9a8347/heres-why-insmed-incorporated-is-skyrocketing.aspx?yptr=yahoo&.tsrc=rss,Shares more than doubled after the company announced top-line results from an important phase 3 clinical trial.
INSM,INSM:UW,BBG000BWMLH7,Why Did Insmed (INSM) Stock Skyrocket Today?,2017-09-05 17:49:26 +0000,http://articlefeeds.nasdaq.com/~r/nasdaq/symbols/~3/KBo0lT61i_Y/why-did-insmed-insm-stock-skyrocket-today-cm841127,Shares of Insmed Inc INSM more than doubled in pre market trading Tuesday after the company announced that its new drug an inhaled antibiotic known as Alis successfully treated patients with a rare lung disease Alis met the main goal in a late stage study involving 336 adult patients
INSM,INSM:UW,BBG000BWMLH7,Mid-Day Market Update: Crude Oil Up Over 3%; Cellectis Shares Plummet,2017-09-05 17:39:27 +0000,http://articlefeeds.nasdaq.com/~r/nasdaq/symbols/~3/aKo74o-e2yg/mid-day-market-update-crude-oil-up-over-3-cellectis-shares-plummet-cm841149,Midway through trading Tuesday the Dow traded down 0 73 percent to 21 828 07 while the NASDAQ declined 0 56 percent to 6 399 36 The S amp P also fell dropping 0 47 percent to 2 464 84 Leading and Lagging Sectors On Tuesday the energy shares climbed by 0 55 percent Meanwhile
INSM,INSM:UW,BBG000BWMLH7,Mid-Morning Market Update: Markets Open Lower; United Technologies To Buy Rockwell Collins For $30 Billion,2017-09-05 15:39:28 +0000,http://articlefeeds.nasdaq.com/~r/nasdaq/symbols/~3/Elfuh34uGOY/mid-morning-market-update-markets-open-lower-united-technologies-to-buy-rockwell-collins-for-30-billion-cm841049,Following the market opening Tuesday the Dow traded down 0 47 percent to 21 884 11 while the NASDAQ declined 0 19 percent to 6 422 95 The S amp P also fell dropping 0 25 percent to 2 470 26 Leading and Lagging Sectors Tuesday morning the energy shares climbed by 0 60
INSM,INSM:UW,BBG000BWMLH7,Why Did Insmed (INSM) Stock Skyrocket Today?,2017-09-05 15:13:03 +0000,https://finance.yahoo.com/news/why-did-insmed-insm-stock-151303051.html?.tsrc=rss,"Shares of Insmed Inc. (INSM) more than doubled in pre-market trading Tuesday after the company announced that its new drug, an inhaled antibiotic known as Alis, successfully treated patients with a rare lung disease."
INSM,INSM:UW,BBG000BWMLH7,"United Tech, Rockwell combo, Tronc buys Daily News, Disney gets upgraded",2017-09-05 14:54:38 +0000,https://finance.yahoo.com/news/united-tech-rockwell-combo-tronc-buys-daily-news-disney-gets-upgraded-145438141.html?.tsrc=rss,"United Technologies, Rockwell Collins, Tronc, Disney and Insmed are among the stocks to watch."
INSM,INSM:UW,BBG000BWMLH7,North Korea Threat Roars Back Into Focus and Wall Street Retreats,2017-09-05 14:31:00 +0000,http://finance.yahoo.com/r/a9413038-615a-3384-9922-31788d491da6/as-north-korea-threat-roars-back-into-focus-wall-street-retreats.html?puc=yahoo&cm_ven=YAHOO&yptr=yahoo&.tsrc=rss,Stocks are lower as North Korea threat returns. Here's where stocks are trading at the market open.
INSM,INSM:UW,BBG000BWMLH7,Insmed Pulls Back Off Best Levels But Remains Sharply Higher,2017-09-05 14:30:00 +0000,http://articlefeeds.nasdaq.com/~r/nasdaq/symbols/~3/x6EqkuJuVy8/insmed-pulls-back-off-best-levels-but-remains-sharply-higher-20170905-01271,Insmed Pulls Back Off Best Levels But Remains Sharply Higher
INSM,INSM:UW,BBG000BWMLH7,Insmed More Than Doubles on Late-Stage Trial,2017-09-05 13:50:48 +0000,https://finance.yahoo.com/news/insmed-more-doubles-stage-trial-135048889.html?.tsrc=rss,Insmed saw its shares more than double early on Tuesday after the firm released late-stage results from its clinical study in the treatment of nontuberculous mycobacteria lung disease.
INSM,INSM:UW,BBG000BWMLH7,UPDATED: Insmed shares skyrocket 130% on positive late-stage results for rare lung disease therapy,2017-09-05 13:41:05 +0000,http://finance.yahoo.com/r/be6f0f85-017b-3d4c-a396-b4f69f2edbe5/Story.aspx?guid=2D24E267-F567-4156-AC5B-07423346D513&siteid=yhoof2&yptr=yahoo&.tsrc=rss,Insmed Inc. shares skyrocketed 130% in extremely heavy Tuesday morning trade after the company announced that a phase 3 trial for its rare lung disease therapy met its primary endpoint. The company said ...
INSM,INSM:UW,BBG000BWMLH7,"Wall Street Set for Lower Open after Labor Day Weekend, Increased North Korea Tensions",2017-09-05 13:29:40 +0000,http://articlefeeds.nasdaq.com/~r/nasdaq/symbols/~3/b8ADWsklRLU/wall-street-set-for-lower-open-after-labor-day-weekend-increased-north-korea-tensions-cm840907,U S stock futures were poised for a lower open on Tuesday as traders who just returned from the long Labor Day weekend reacted to North Korea s most powerful nuclear test over the weekend U S stock futures were poised for a lower open on Tuesday as traders who just returned from the long
INSM,INSM:UW,BBG000BWMLH7,"Stocks to Watch: Rockwell Collins, Disney, Boeing, H.B. Fuller, Insmed",2017-09-05 13:21:20 +0000,http://finance.yahoo.com/r/97396652-cc55-345e-88a2-2e5c861205b3/stocks-to-watch-rockwell-collins-disney-boeing-h-b-fuller-insmed-1504617679?mod=yahoo_hs&yptr=yahoo&.tsrc=rss,"Among the companies with shares expected to trade actively in Monday’s session are Rockwell Collins Inc., Walt Disney Co., Boeing Co., H.B. Fuller Co. and Insmed Inc.."
INSM,INSM:UW,BBG000BWMLH7,"Pre-Market Most Active for Sep 5, 2017 :  INSM, COL, TVIX, ING, DB, BAC, UTX, CLLS, TEVA, XIV, AAPL, QQQ",2017-09-05 12:59:19 +0000,http://articlefeeds.nasdaq.com/~r/nasdaq/symbols/~3/npVkS-5TmF0/pre-market-most-active-for-sep-5-2017-insm-col-tvix-ing-db-bac-utx-clls-teva-xiv-aapl-qqq-cm840893,The NASDAQ 100 Pre Market Indicator is down 12 64 to 5 975 26 The total Pre Market volume is currently 5 289 167 shares traded The following are the most active stocks for the pre market session Insmed Inc INSM is 14 76 at 27 05 with 1 194 101 shares traded
INSM,INSM:UW,BBG000BWMLH7,"North Korea crisis intensifies, United Tech buys Rockwell Collins",2017-09-05 12:56:10 +0000,https://finance.yahoo.com/news/north-korea-crisis-intensifies-another-launch-expected-125610299.html?.tsrc=rss,Yahoo Finance&apos;s LIVE market coverage and analysis of what you need to watch in the stock market begins each day at 9:25 a.m. ET.
INSM,INSM:UW,BBG000BWMLH7,"U.S. Futures Down After Labor Day Weekend, North Korea Tensions Rise",2017-09-05 12:49:34 +0000,http://articlefeeds.nasdaq.com/~r/nasdaq/symbols/~3/ath-xYHMWhc/us-futures-down-after-labor-day-weekend-north-korea-tensions-rise-cm840871,U S stock futures were lower on Tuesday as traders who just returned from the long Labor Day weekend reacted to North Korea s most powerful nuclear test over the weekend U S stock futures were lower on Tuesday as traders who just returned from the long Labor Day weekend reacted to
INSM,INSM:UW,BBG000BWMLH7,"Yahoo Finance Live: Market Movers - Sep 5th, 2017",2017-09-05 11:20:00 +0000,https://finance.yahoo.com/video/yahoo-finance-live-market-movers-112000395.html?.tsrc=rss,Yahoo Finance's LIVE stock market coverage and analysis.
INSM,INSM:UW,BBG000BWMLH7,Insmed Announces Positive Top-Line Results from Phase 3 CONVERT Study of ALIS (Amikacin Liposome Inhalation Suspension) in Adult Patients with Treatment-Refractory Nontuberculous Mycobacterial (NTM) Lung Disease Caused by Mycobacterium Avium Complex (MAC),2017-09-05 11:00:00 +0000,https://finance.yahoo.com/news/insmed-announces-positive-top-line-110000094.html?.tsrc=rss,"Study met primary endpoint of culture conversion Positive top-line results from global Phase 3 controlled study in patients with NTM, a rare, progressive, destructive lung infection Company plans to pursue ..."
INSM,INSM:UW,BBG000BWMLH7,Insmed Inc. (INSM) Has Surged To A New High On Phase 3 Study Results,2017-09-05 09:36:00 +0000,http://articlefeeds.nasdaq.com/~r/nasdaq/symbols/~3/uMdenaP-sBE/insmed-inc-insm-has-surged-to-a-new-high-on-phase-3-study-results-20170905-00922,Insmed Inc. (INSM) Has Surged To A New High On Phase 3 Study Results
INSM,INSM:UW,BBG000BWMLH7,Options Traders Expect Huge Moves in Insmed (INSM) Stock,2017-08-31 12:45:12 +0000,https://finance.yahoo.com/news/options-traders-expect-huge-moves-124512683.html?.tsrc=rss,Investors in Insmed (INSM) need to pay close attention to the stock based on moves in the options market lately.
INSM,INSM:UW,BBG000BWMLH7,Mid-Day Market Update: La-Z-Boy Drops After Q1 Miss; Paratek Pharmaceuticals Shares Rise,2017-08-23 17:37:51 +0000,http://articlefeeds.nasdaq.com/~r/nasdaq/symbols/~3/Pp6KwJ14-xo/mid-day-market-update-la-z-boy-drops-after-q1-miss-paratek-pharmaceuticals-shares-rise-cm836063,Midway through trading Wednesday the Dow traded down 0 27 percent to 21 840 68 while the NASDAQ declined 0 36 percent to 6 274 96 The S amp P also fell dropping 0 28 percent to 2 445 69 Leading and Lagging Sectors On Wednesday the energy shares climbed by 0 40 percent
INSM,INSM:UW,BBG000BWMLH7,"Gainers & Losers Of Aug.22: OVID, SNNA, BPMC, ABIO, TOCA...",2017-08-22 22:42:00 +0000,http://articlefeeds.nasdaq.com/~r/nasdaq/symbols/~3/fHsap0GIE8w/gainers--losers-of-aug22-ovid-snna-bpmc-abio-toca-20170822-01145,"Gainers & Losers Of Aug.22: OVID, SNNA, BPMC, ABIO, TOCA..."
INSM,INSM:UW,BBG000BWMLH7,See what the IHS Markit Score report has to say about Insmed Inc.,2017-08-16 12:02:44 +0000,https://finance.yahoo.com/news/see-ihs-markit-score-report-120244464.html?.tsrc=rss,Insmed Inc NASDAQ/NGS:INSM
INSM,INSM:UW,BBG000BWMLH7,See what the IHS Markit Score report has to say about Insmed Inc.,2017-08-14 12:02:52 +0000,https://finance.yahoo.com/news/see-ihs-markit-score-report-120252517.html?.tsrc=rss,"This could indicate that investors who seek to profit from falling equity prices are not currently targeting INSM.  Over the last one-month, outflows of investor capital in ETFs holding INSM totaled $984 million."
INSM,INSM:UW,BBG000BWMLH7,See what the IHS Markit Score report has to say about Insmed Inc.,2017-08-12 12:02:51 +0000,https://finance.yahoo.com/news/see-ihs-markit-score-report-120251840.html?.tsrc=rss,"This could indicate that investors who seek to profit from falling equity prices are not currently targeting INSM.  Over the last one-month, outflows of investor capital in ETFs holding INSM totaled $692 million."
INSM,INSM:UW,BBG000BWMLH7,Edited Transcript of INSM earnings conference call or presentation 3-Aug-17 12:30pm GMT,2017-08-12 02:50:38 +0000,https://finance.yahoo.com/news/edited-transcript-insm-earnings-conference-140233127.html?.tsrc=rss,Q2 2017 Insmed Inc Earnings Call
INSM,INSM:UW,BBG000BWMLH7,See what the IHS Markit Score report has to say about Insmed Inc.,2017-08-10 12:04:39 +0000,https://finance.yahoo.com/news/see-ihs-markit-score-report-120439597.html?.tsrc=rss,"The last change in the short interest score occurred more than 1 month ago and implies that there has been little change in sentiment among investors who seek to profit from falling equity prices.  Over the last one-month, outflows of investor capital in ETFs holding INSM totaled $1000 million."
INSM,INSM:UW,BBG000BWMLH7,Are Options Traders Betting on a Big Move in Insmed (INSM) Stock?,2017-08-09 14:40:37 +0000,http://articlefeeds.nasdaq.com/~r/nasdaq/symbols/~3/6zWrLNhB8co/are-options-traders-betting-on-a-big-move-in-insmed-insm-stock-cm829352,Investors in Insmed Incorporated INSM need to pay close attention to the stock based on moves in the options market lately That is because the August 18 th 2017 11 00 Put 160 had some of the highest implied volatility of all equity options today What is Implied
INSM,INSM:UW,BBG000BWMLH7,Are Options Traders Betting on a Big Move in Insmed (INSM) Stock?,2017-08-09 12:50:12 +0000,https://finance.yahoo.com/news/options-traders-betting-big-move-125012663.html?.tsrc=rss,Investors in Insmed (INSM) need to pay close attention to the stock based on moves in the options market lately.
INSM,INSM:UW,BBG000BWMLH7,See what the IHS Markit Score report has to say about Insmed Inc.,2017-08-09 12:03:10 +0000,https://finance.yahoo.com/news/see-ihs-markit-score-report-120310749.html?.tsrc=rss,"The last change in the short interest score occurred more than 1 month ago and implies that there has been little change in sentiment among investors who seek to profit from falling equity prices.  Over the last one-month, outflows of investor capital in ETFs holding INSM totaled $184 million."
INSM,INSM:UW,BBG000BWMLH7,Insmed reports 2Q loss,2017-08-04 03:53:40 +0000,https://finance.yahoo.com/news/insmed-reports-2q-loss-115310976.html?.tsrc=rss,"The Bridgewater, New Jersey-based company said it had a loss of 72 cents per share. The results missed Wall Street expectations. The average estimate of five analysts surveyed by Zacks Investment Research ..."
INSM,INSM:UW,BBG000BWMLH7,Insmed Reports Second Quarter 2017 Financial Results and Provides Business Update,2017-08-03 11:30:00 +0000,https://finance.yahoo.com/news/insmed-reports-second-quarter-2017-113000582.html?.tsrc=rss,On Track to Report Top-Line Results from Phase 3 CONVERT Study in September plus or minus one month Plan to Initiate Enrollment of Phase 2 Dose-ranging Study of INS1007 in Non-Cystic Fibrosis Bronchiectasis ...
INSM,INSM:UW,BBG000BWMLH7,Investor Network: Insmed Incorporated to Host Earnings Call,2017-08-03 10:40:00 +0000,https://finance.yahoo.com/news/investor-network-insmed-incorporated-host-104000175.html?.tsrc=rss,"NEW YORK, NY / ACCESSWIRE / August 3, 2017 / Insmed Incorporated (NASDAQ: INSM ) will be discussing their earnings results in their Q2 Earnings Call to be held on Thursday, August 3, 2017 at 8:30 AM Eastern ..."
INSM,INSM:UW,BBG000BWMLH7,"Insmed to Host Second Quarter 2017 Financial Results Conference Call on Thursday, August 3, 2017",2017-07-27 12:00:00 +0000,https://finance.yahoo.com/news/insmed-host-second-quarter-2017-120000388.html?.tsrc=rss,"BRIDGEWATER, N.J., July 27, 2017-- Insmed Incorporated, a global biopharmaceutical company focused on the unmet needs of patients with rare diseases, today announced that it will release its second quarter ..."
INSM,INSM:UW,BBG000BWMLH7,"Implied Volatility Surging For Insmed, Inc. (INSM) Stock Options",2017-07-17 13:52:31 +0000,http://articlefeeds.nasdaq.com/~r/nasdaq/symbols/~3/z9q06jw9PPw/implied-volatility-surging-for-insmed-inc-insm-stock-options-cm816846,Investors in Insmed Inc INSM need to pay close attention to the stock based on moves in the options market lately That is because the Oct 20 th 2017 20 00Call had some of the highest implied volatility of all equity options today What is Implied Volatility Implied volatility
INSM,INSM:UW,BBG000BWMLH7,"Implied Volatility Surging For Insmed, Inc. (INSM) Stock Options",2017-07-17 12:30:12 +0000,https://finance.yahoo.com/news/implied-volatility-surging-insmed-inc-123012540.html?.tsrc=rss,"Implied Volatility Surging For Insmed, Inc. (INSM) Stock makes it lucrative to the Option traders."
INSM,INSM:UW,BBG000BWMLH7,"Insmed to Host Analyst and Investor Day on July 19, 2017",2017-07-12 12:00:00 +0000,https://finance.yahoo.com/news/insmed-host-analyst-investor-day-120000685.html?.tsrc=rss,"BRIDGEWATER, N.J., July 12, 2017-- Insmed Incorporated, a global biopharmaceutical company focused on the unmet needs of patients with rare diseases, announced today that it will host an Analyst and Investor ..."
INSM,INSM:UW,BBG000BWMLH7,Options Traders Expect Huge Moves in Insmed (INSM) Stock,2017-06-27 14:56:05 +0000,http://articlefeeds.nasdaq.com/~r/nasdaq/symbols/~3/W085Qm3T0x0/options-traders-expect-huge-moves-in-insmed-insm-stock-cm808729,Investors in Insmed Incorporated INSM need to pay close attention to the stock based on moves in the options market lately That is because the October 20 th 2017 15 Put had some of the highest implied volatility of all equity options today What is Implied Volatility
INSM,INSM:UW,BBG000BWMLH7,Options Traders Expect Huge Moves in Insmed (INSM) Stock,2017-06-27 12:53:12 +0000,https://finance.yahoo.com/news/options-traders-expect-huge-moves-125312701.html?.tsrc=rss,Insmed (INSM) needs Investors to pay close attention to the stock based on moves in the options market lately.
INSM,INSM:UW,BBG000BWMLH7,Insmed to Present at the JMP Securities Life Sciences Conference,2017-06-13 12:00:00 +0000,https://finance.yahoo.com/news/insmed-present-jmp-securities-life-120000286.html?.tsrc=rss,"BRIDGEWATER, N.J., June 13, 2017-- Insmed Incorporated, a global biopharmaceutical company focused on the unmet needs of patients with rare diseases, announced today that Will Lewis, president and chief ..."
INSM,INSM:UW,BBG000BWMLH7,Insmed Reports Inducement Grants Under NASDAQ Listing Rule 5635(c)(4),2017-06-08 12:00:00 +0000,https://finance.yahoo.com/news/insmed-reports-inducement-grants-under-120000470.html?.tsrc=rss,"BRIDGEWATER, N.J., June 08, 2017-- Insmed Incorporated, a global biopharmaceutical company focused on the unmet needs of patients with rare diseases, today announced the granting of inducement awards to ..."
INSM,INSM:UW,BBG000BWMLH7,Edited Transcript of INSM earnings conference call or presentation 3-May-17 12:30pm GMT,2017-05-18 17:05:40 +0000,https://finance.yahoo.com/news/edited-transcript-insm-earnings-conference-122045367.html?.tsrc=rss,Q1 2017 Insmed Inc Earnings Call
INSM,INSM:UW,BBG000BWMLH7,Insmed Announces Key Additions to its Executive Management Team,2017-05-15 11:00:00 +0000,https://finance.yahoo.com/news/insmed-announces-key-additions-executive-110000210.html?.tsrc=rss,"--Paolo Tombesi named as Chief Financial Officer---- Paul Streck, M.D., appointed as Chief Medical Officer---- Eugene Sullivan, M.D., assumes role of Chief Product Strategy Officer--. BRIDGEWATER, N.J., ..."
INSM,INSM:UW,BBG000BWMLH7,Edited Transcript of INSM earnings conference call or presentation 3-May-17 12:30pm GMT,2017-05-04 23:26:50 +0000,http://finance.yahoo.com/news/edited-transcript-insm-earnings-conference-122045367.html?.tsrc=rss,Q1 2017 Insmed Inc Earnings Call
INSM,INSM:UW,BBG000BWMLH7,Insmed reports 1Q loss,2017-05-03 12:10:56 +0000,http://finance.yahoo.com/news/insmed-reports-1q-loss-121056858.html?.tsrc=rss,"On a per-share basis, the Bridgewater, New Jersey-based company said it had a loss of 60 cents. The results matched Wall Street expectations. The average estimate of five analysts surveyed by Zacks Investment ..."
INSM,INSM:UW,BBG000BWMLH7,Insmed Reports First Quarter 2017 Financial Results and Provides Business Update,2017-05-03 12:02:00 +0000,http://finance.yahoo.com/news/insmed-reports-first-quarter-2017-120200603.html?.tsrc=rss,"Advancing Toward Top-Line Results from CONVERT Study in 2 H 2017. Conference call today at 8:30 AM ET. BRIDGEWATER, N.J., May 03, 2017-- Insmed Incorporated, a global biopharmaceutical company focused ..."
INSM,INSM:UW,BBG000BWMLH7,Investor Network: Insmed Incorporated to Host Earnings Call,2017-05-03 11:15:00 +0000,http://finance.yahoo.com/news/investor-network-insmed-incorporated-host-111500168.html?.tsrc=rss,"NEW YORK, NY / ACCESSWIRE / May 3, 2017 / Insmed Incorporated (NASDAQ: INSM) will be discussing their earnings results in their Q1 Earnings Call to be held May 3, 2017 at 8:30 AM Eastern Time. To listen ..."
INSM,INSM:UW,BBG000BWMLH7,Implied Volatility Surging for Insmed (INSM) Stock Options,2017-04-28 14:30:42 +0000,http://articlefeeds.nasdaq.com/~r/nasdaq/symbols/~3/ivdMc5qCLiQ/implied-volatility-surging-for-insmed-insm-stock-options-cm781161,Investors in Insmed Incorporated INSM need to pay close attention to the stock based on moves in the options market lately That is because the May 19th 2017 12 Put had some of the highest implied volatility of all equity options today What is Implied Volatility Implied volatility
INSM,INSM:UW,BBG000BWMLH7,Implied Volatility Surging for Insmed (INSM) Stock Options,2017-04-28 12:46:12 +0000,http://finance.yahoo.com/news/implied-volatility-surging-insmed-insm-124612214.html?.tsrc=rss,Insmed (INSM) warrants investors&apos; attention based on moves in the options market lately.
INSM,INSM:UW,BBG000BWMLH7,Insmed to Present at the Deutsche Bank 42nd Annual Health Care Conference,2017-04-27 11:00:00 +0000,http://finance.yahoo.com/news/insmed-present-deutsche-bank-42nd-110000904.html?.tsrc=rss,"BRIDGEWATER, N.J., April 27, 2017-- Insmed Incorporated, a global biopharmaceutical company focused on the unmet needs of patients with rare diseases, announced today that Will Lewis, president and chief ..."
INSM,INSM:UW,BBG000BWMLH7,"Insmed to Host First Quarter 2017 Financial Results Conference Call on Wednesday, May 3, 2017",2017-04-26 11:00:00 +0000,http://finance.yahoo.com/news/insmed-host-first-quarter-2017-110000864.html?.tsrc=rss,"BRIDGEWATER, N.J., April 26, 2017-- Insmed Incorporated, a global biopharmaceutical company focused on the unmet needs of patients with rare diseases, today announced that it will release its first quarter ..."
INSM,INSM:UW,BBG000BWMLH7,"Notable Friday Option Activity: VEEV, ANSS, INSM",2017-04-21 21:03:26 +0000,http://articlefeeds.nasdaq.com/~r/nasdaq/symbols/~3/KFLuwzJj2oI/notable-friday-option-activity-veev-anss-insm-cm777343,Looking at options trading activity among components of the Russell 3000 index there is noteworthy activity today in Veeva Systems Inc Symbol VEEV where a total volume of 5 497 contracts has been traded thus far today a contract volume which is representative of approximately 549
INSM,INSM:UW,BBG000BWMLH7,First Week of November 17th Options Trading For Insmed (INSM),2017-04-20 19:05:32 +0000,http://articlefeeds.nasdaq.com/~r/nasdaq/symbols/~3/iwYFRwZpWu0/first-week-of-november-17th-options-trading-for-insmed-insm-cm776632,Investors in Insmed Inc Symbol INSM saw new options become available this week for the November 17th expiration One of the key data points that goes into the price an option buyer is willing to pay is the time value so with 211 days until expiration the newly available contracts represent
INSM,INSM:UW,BBG000BWMLH7,"Wednesday's ETF Movers: XBI, GDXJ",2017-04-19 18:03:03 +0000,http://articlefeeds.nasdaq.com/~r/nasdaq/symbols/~3/_87vpZF7VaQ/wednesdays-etf-movers-xbi-gdxj-cm775972,In trading on Wednesday the SPDR S amp P Biotech ETF is outperforming other ETFs up about 1 5 on the day Components of that ETF showing particular strength include shares of Insmed up about 5 7 and shares of Sage Therapeutics up about 5 on the day And underperforming other ETFs
INSM,INSM:UW,BBG000BWMLH7,Do Options Traders Know Something About Insmed Incorporated (INSM) Stock We Don't?,2017-03-21 15:11:41 +0000,http://articlefeeds.nasdaq.com/~r/nasdaq/symbols/~3/drvXh8WJ_1c/do-options-traders-know-something-about-insmed-incorporated-insm-stock-we-dont-cm763417,Investors in Insmed Incorporated INSM need to pay close attention to the stock based on moves in the options market lately That is because the October 20 2017 11 Put had some of the highest implied volatility of all equity options today What is Implied Volatility Implied
INSM,INSM:UW,BBG000BWMLH7,Do Options Traders Know Something About Insmed Incorporated (INSM) Stock We Don't?,2017-03-21 12:58:12 +0000,http://finance.yahoo.com/news/options-traders-know-something-insmed-125812671.html,Do Options Traders Know Something About Insmed Incorporated (INSM) Stock We Don't?
INSM,INSM:UW,BBG000BWMLH7,Do Options Traders Know Something About Insmed Incorporated (INSM) Stock We Don't?,2017-03-21 12:58:12 +0000,http://finance.yahoo.com/news/options-traders-know-something-insmed-125812671.html?.tsrc=rss,Options traders are pricing in a big move for Insmed Incorporated (INSM) shares as it has huge implied volatility.
INSM,INSM:UW,BBG000BWMLH7,"Noteworthy Monday Option Activity: SMTC, ISRG, INSM",2017-03-06 22:12:41 +0000,http://articlefeeds.nasdaq.com/~r/nasdaq/symbols/~3/mcr-g0uh6tM/noteworthy-monday-option-activity-smtc-isrg-insm-cm756875,Looking at options trading activity among components of the Russell 3000 index there is noteworthy activity today in Semtech Corp Symbol SMTC where a total volume of 1 738 contracts has been traded thus far today a contract volume which is representative of approximately 173 800
INSM,INSM:UW,BBG000BWMLH7,INSMED INC Financials,2017-02-28 18:04:11 +0000,http://finance.yahoo.com/q/is?s=insm,INSMED INC Financials
INSM,INSM:UW,BBG000BWMLH7,Insmed to Present at the Cowen and Company 37th Annual Health Care Conference,2017-02-28 13:00:00 +0000,http://finance.yahoo.com/news/insmed-present-cowen-company-37th-130000406.html?.tsrc=rss,"BRIDGEWATER, N.J., Feb. 28, 2017-- Insmed Incorporated, a global biopharmaceutical company focused on the unmet needs of patients with rare diseases, announced today that Will Lewis, president and chief ..."
INSM,INSM:UW,BBG000BWMLH7,Insmed to Present at the Cowen and Company 37th Annual Health Care Conference,2017-02-28 13:00:00 +0000,http://finance.yahoo.com/news/insmed-present-cowen-company-37th-130000406.html,"[GlobeNewswire] - BRIDGEWATER, N.J., Feb. 28, 2017-- Insmed Incorporated, a global biopharmaceutical company focused on the unmet needs of patients with rare diseases, announced today that Will Lewis, president and chief ..."
INSM,INSM:UW,BBG000BWMLH7,"Notable Thursday Option Activity: INSM, HLF, JONE",2017-02-23 21:50:53 +0000,http://articlefeeds.nasdaq.com/~r/nasdaq/symbols/~3/ecncTxiMyRo/notable-thursday-option-activity-insm-hlf-jone-cm752372,Looking at options trading activity among components of the Russell 3000 index there is noteworthy activity today in Insmed Inc Symbol INSM where a total volume of 5 974 contracts has been traded thus far today a contract volume which is representative of approximately 597 400
INSM,INSM:UW,BBG000BWMLH7,Edited Transcript of INSM earnings conference call or presentation 23-Feb-17 1:30pm GMT,2017-02-23 21:21:30 +0000,http://finance.yahoo.com/news/edited-transcript-insm-earnings-conference-212130824.html?.tsrc=rss,Q4 2016 Insmed Inc Earnings Call
INSM,INSM:UW,BBG000BWMLH7,Edited Transcript of INSM earnings conference call or presentation 23-Feb-17 1:30pm GMT,2017-02-23 21:21:30 +0000,http://finance.yahoo.com/news/edited-transcript-insm-earnings-conference-212130824.html,Edited Transcript of INSM earnings conference call or presentation 23-Feb-17 1:30pm GMT
INSM,INSM:UW,BBG000BWMLH7,Insmed reports 4Q loss,2017-02-23 14:35:45 +0000,http://sg.finance.yahoo.com/news/insmed-reports-4q-loss-143545310.html,Insmed reports 4Q loss
INSM,INSM:UW,BBG000BWMLH7,Insmed reports 4Q loss,2017-02-23 14:35:45 +0000,http://finance.yahoo.com/news/insmed-reports-4q-loss-143545107.html?.tsrc=rss,"The Bridgewater, New Jersey-based company said it had a loss of $1.10 per share. The results did not meet Wall Street expectations. The average estimate of five analysts surveyed by Zacks Investment Research ..."
INSM,INSM:UW,BBG000BWMLH7,"INSMED INC Files SEC form 8-K, Results of Operations and Financial Condition, Financial Statements and Exhibits",2017-02-23 13:18:35 +0000,http://biz.yahoo.com/e/170223/insm8-k.html,"INSMED INC Files SEC form 8-K, Results of Operations and Financial Condition, Financial Statements and Exhibits"
INSM,INSM:UW,BBG000BWMLH7,"INSMED INC Files SEC form 10-K, Annual Report",2017-02-23 13:12:11 +0000,http://biz.yahoo.com/e/170223/insm10-k.html,"INSMED INC Files SEC form 10-K, Annual Report"
INSM,INSM:UW,BBG000BWMLH7,Insmed Reports Fourth Quarter 2016 Financial Results and Provides Business Update,2017-02-23 13:02:00 +0000,http://finance.yahoo.com/news/insmed-reports-fourth-quarter-2016-130200727.html,"[GlobeNewswire] - On Track to Report Top-Line Results from CONVERT Study in 2 H 2017. Conference call today at 8:30 AM ET. BRIDGEWATER, N.J., Feb. 23, 2017-- Insmed Incorporated, a global biopharmaceutical company focused ..."
INSM,INSM:UW,BBG000BWMLH7,Insmed Reports Fourth Quarter 2016 Financial Results and Provides Business Update,2017-02-23 13:02:00 +0000,http://finance.yahoo.com/news/insmed-reports-fourth-quarter-2016-130200727.html?.tsrc=rss,"On Track to Report Top-Line Results from CONVERT Study in 2 H 2017. Conference call today at 8:30 AM ET. BRIDGEWATER, N.J., Feb. 23, 2017-- Insmed Incorporated, a global biopharmaceutical company focused ..."
INSM,INSM:UW,BBG000BWMLH7,Q4 2016 Insmed Inc Earnings Release - Before Market Open,2017-02-23 12:07:04 +0000,http://biz.yahoo.com/research/earncal/20170223.html?t=insm,Q4 2016 Insmed Inc Earnings Release - Before Market Open
INSM,INSM:UW,BBG000BWMLH7,"Insmed to Host Fourth Quarter and Year-end 2016 Financial Results Conference Call on Thursday, February 23, 2017",2017-02-16 12:00:00 +0000,http://finance.yahoo.com/news/insmed-host-fourth-quarter-end-120000165.html,"[GlobeNewswire] - BRIDGEWATER, N.J., Feb. 16, 2017-- Insmed Incorporated, a global biopharmaceutical company focused on the unmet needs of patients with rare diseases, today announced that it will release its fourth quarter ..."
INSM,INSM:UW,BBG000BWMLH7,"Insmed to Host Fourth Quarter and Year-end 2016 Financial Results Conference Call on Thursday, February 23, 2017",2017-02-16 12:00:00 +0000,http://finance.yahoo.com/news/insmed-host-fourth-quarter-end-120000165.html?.tsrc=rss,"BRIDGEWATER, N.J., Feb. 16, 2017-- Insmed Incorporated, a global biopharmaceutical company focused on the unmet needs of patients with rare diseases, today announced that it will release its fourth quarter ..."
INSM,INSM:UW,BBG000BWMLH7,"8:07 am Insmed announces that the USPTO issued U.S. Patent Number 9,566,234 for ARIKAYCE, the Co's liposomal amikacin for inhalation",2017-02-14 13:07:00 +0000,http://finance.yahoo.com/news/inplay-briefing-com-055139997.html#insm,"8:07 am Insmed announces that the USPTO issued U.S. Patent Number 9,566,234 for ARIKAYCE, the Co's liposomal amikacin for inhalation"
INSM,INSM:UW,BBG000BWMLH7,Insmed Inc. Extends ARIKAYCE Intellectual Property Protection with Issuance of New U.S. Patent,2017-02-14 13:05:52 +0000,http://finance.yahoo.com/news/insmed-inc-extends-arikayce-intellectual-130552567.html,"[GlobeNewswire] - BRIDGEWATER, N.J., Feb. 14, 2017-- Insmed Incorporated, a global biopharmaceutical company focused on the unmet needs of patients with rare diseases, today announced that the United States Patent and Trademark ..."
INSM,INSM:UW,BBG000BWMLH7,Insmed Inc. Extends ARIKAYCE Intellectual Property Protection with Issuance of New U.S. Patent,2017-02-14 13:05:52 +0000,http://finance.yahoo.com/news/insmed-inc-extends-arikayce-intellectual-130552567.html?.tsrc=rss,"BRIDGEWATER, N.J., Feb. 14, 2017-- Insmed Incorporated, a global biopharmaceutical company focused on the unmet needs of patients with rare diseases, today announced that the United States Patent and Trademark ..."
INSM,INSM:UW,BBG000BWMLH7,"Lifshitz & Miller Law Firm Announces Investigation of Calamos Asset Management, Inc., CDI Corp., comScore, Inc., Earthstone Energy, Inc., Heritage Oaks Bancorp, Insmed Incorporated, OCI Partners LP and Vascular Solutions, Inc.",2017-01-17 22:25:00 +0000,http://finance.yahoo.com/news/lifshitz-miller-law-firm-announces-222500340.html?.tsrc=rss,"NEW YORK, Jan. 17, 2017 /PRNewswire/ -- Calamos Asset Management, Inc. (CLMS) Lifshitz & Miller announces investigation into possible breaches of fiduciary duties by the board in connection with the proposed ..."
INSM,INSM:UW,BBG000BWMLH7,"Lifshitz & Miller Law Firm Announces Investigation of Calamos Asset Management, Inc., CDI Corp., comScore, Inc., Earthstone Energy, Inc., Heritage Oaks Bancorp, Insmed Incorporated, OCI Partners LP and Vascular Solutions, Inc.",2017-01-17 22:25:00 +0000,http://finance.yahoo.com/news/lifshitz-miller-law-firm-announces-222500340.html,"[PR Newswire] - NEW YORK, Jan. 17, 2017 /PRNewswire/ -- Calamos Asset Management, Inc. (CLMS) Lifshitz & Miller announces investigation into possible breaches of fiduciary duties by the board in connection with the proposed ..."
INSM,INSM:UW,BBG000BWMLH7,Insmed to Present at the 35th Annual J.P. Morgan Healthcare Conference,2017-01-04 13:00:00 +0000,http://finance.yahoo.com/news/insmed-present-35th-annual-j-130000464.html,"[GlobeNewswire] - BRIDGEWATER, N.J., Jan. 04, 2017-- Insmed Incorporated, a global biopharmaceutical company focused on the unmet needs of patients with rare diseases, today reported that the company will participate at ..."
INSM,INSM:UW,BBG000BWMLH7,"Hedge Funds Sour Slightly On Insmed Incorporated (INSM), But Remain Overweight",2016-12-05 17:12:57 +0000,http://www.insidermonkey.com/blog/hedge-funds-sour-slightly-on-insmed-incorporated-insm-but-remain-overweight-498737/,"Hedge Funds Sour Slightly On Insmed Incorporated (INSM), But Remain Overweight"
INSM,INSM:UW,BBG000BWMLH7,"Hedge Funds Sour Slightly On Insmed Incorporated (INSM), But Remain Overweight",2016-12-05 17:12:57 +0000,http://finance.yahoo.com/r/4b46c23d-5acb-3158-9347-0fc387b7f58b/hedge-funds-sour-slightly-on-insmed-incorporated-insm-but-remain-overweight-498737?yptr=yahoo&.tsrc=rss,"The 700+ hedge funds and money managers tracked by Insider Monkey have already compiled and submitted their 13F filings for the third quarter, which unveil their equity positions as of September 30. We went through these filings, fixed typos and other more significant errors and identified the changes in hedge fund positions. Our extensive review […]"
INSM,INSM:UW,BBG000BWMLH7,"Insmed, Inc. :INSM-US: Earnings Analysis: Q3, 2016 By the Numbers : November 28, 2016",2016-11-28 19:15:39 +0000,http://finance.yahoo.com/r/22406a8d-5cf1-3603-96a8-cdc8f90bd789/insmed-inc-insm-us-earnings-analysis-q3-2016-by-the-numbers-november-28-2016?yptr=yahoo&.tsrc=rss,"Categories:   Yahoo Finance Get free summary analysis Insmed, Inc. reports financial results for the quarter ended September 30, 2016. Analysis Summary numbers: Revenues of USD 0 million, Net Earnings of USD -37.76 million. The company did not record any revenues for the last twelve months making the comparison of net margin versus asset turnover meaningless. INSM-US‘s earnings and ... Read more    
<b>(Read more...)</b>"
INSM,INSM:UW,BBG000BWMLH7,"Insmed, Inc. :INSM-US: Earnings Analysis: Q3, 2016 By the Numbers : November 28, 2016",2016-11-28 19:15:39 +0000,http://www.capitalcube.com/blog/index.php/insmed-inc-insm-us-earnings-analysis-q3-2016-by-the-numbers-november-28-2016/,"Insmed, Inc. :INSM-US: Earnings Analysis: Q3, 2016 By the Numbers : November 28, 2016"
INSM,INSM:UW,BBG000BWMLH7,Insmed to Participate at November Investor Conferences,2016-11-14 13:07:04 +0000,http://www.publicnow.com/view/532E1D6DDF3417E5FEAD274E4A6F1CCBDFE5E2AD,"[at noodls] - BRIDGEWATER, N.J., Nov. 14, 2016 (GLOBE NEWSWIRE) -- Insmed Incorporated (Nasdaq:INSM), a global biopharmaceutical company focused on the unmet needs of patients with rare diseases, today reported that ..."
INSM,INSM:UW,BBG000BWMLH7,"Robbins Arroyo LLP Is Investigating the Officers and Directors of Insmed, Inc. (INSM) on Behalf of Shareholders",2016-11-04 19:05:00 +0000,http://finance.yahoo.com/news/robbins-arroyo-llp-investigating-officers-190500506.html,"[Business Wire] - Shareholder rights law firm Robbins Arroyo LLP is investigating whether certain officers and directors of Insmed, Inc. breached their fiduciary duties to shareholders by misleading investors about the company's lead product candidate."
INSM,INSM:UW,BBG000BWMLH7,Edited Transcript of INSM earnings conference call or presentation 3-Nov-16 12:30pm GMT,2016-11-04 13:17:22 +0000,http://finance.yahoo.com/news/edited-transcript-insm-earnings-conference-131722982.html?.tsrc=rss,Q3 2016 Insmed Inc Earnings Call
INSM,INSM:UW,BBG000BWMLH7,Edited Transcript of INSM earnings conference call or presentation 3-Nov-16 12:30pm GMT,2016-11-04 13:17:22 +0000,http://finance.yahoo.com/news/edited-transcript-insm-earnings-conference-131722982.html,Edited Transcript of INSM earnings conference call or presentation 3-Nov-16 12:30pm GMT
INSM,INSM:UW,BBG000BWMLH7,Insmed reports 3Q loss,2016-11-03 12:34:32 +0000,http://sg.finance.yahoo.com/news/insmed-reports-3q-loss-123432205.html,Insmed reports 3Q loss
INSM,INSM:UW,BBG000BWMLH7,Insmed Reports Third Quarter 2016 Financial Results and Provides Business Update,2016-11-03 12:18:07 +0000,http://www.publicnow.com/view/033482AF832C1C99B912DFD2FFF23186C5D03DE5,"[at noodls] - Enrollment objective achieved in phase 3 CONVERT study Conference call today at 8:30 AM ET BRIDGEWATER, N.J., Nov. 03, 2016 (GLOBE NEWSWIRE) -- Insmed Incorporated (Nasdaq:INSM), a global biopharmaceutical ..."
INSM,INSM:UW,BBG000BWMLH7,"INSMED INC Files SEC form 8-K, Results of Operations and Financial Condition, Change in Directors or Principal Office",2016-11-03 12:06:53 +0000,http://biz.yahoo.com/e/161103/insm8-k.html,"INSMED INC Files SEC form 8-K, Results of Operations and Financial Condition, Change in Directors or Principal Office"
INSM,INSM:UW,BBG000BWMLH7,"INSMED INC Files SEC form 10-Q, Quarterly Report",2016-11-03 12:03:50 +0000,http://biz.yahoo.com/e/161103/insm10-q.html,"INSMED INC Files SEC form 10-Q, Quarterly Report"
INSM,INSM:UW,BBG000BWMLH7,Q3 2016 Insmed Inc Earnings Release - Before Market Open,2016-11-03 11:07:06 +0000,http://biz.yahoo.com/research/earncal/20161103.html?t=insm,Q3 2016 Insmed Inc Earnings Release - Before Market Open
INSM,INSM:UW,BBG000BWMLH7,"Insmed to Host Third Quarter 2016 Financial Results Conference Call on Thursday, November 3, 2016",2016-10-27 12:16:24 +0000,http://www.publicnow.com/view/24E1FDBE648CA1457582819718742604C9EB3ADC,"[at noodls] - BRIDGEWATER, N.J., Oct. 27, 2016 (GLOBE NEWSWIRE) -- Insmed Incorporated (Nasdaq:INSM), a global biopharmaceutical company focused on the needs of patients with rare diseases, today announced that it will ..."
INSM,INSM:UW,BBG000BWMLH7,Insmed Announces Publication of Phase 2 Study of ARIKAYCE in Treatment-Refractory Nontuberculous Mycobacterial Lung Disease,2016-10-18 12:13:06 +0000,http://www.publicnow.com/view/A361416B4244642E254811287B1797B8A94E4AE0,"[at noodls] - Data inAmerican Journal of Respiratory and Critical Care Medicine demonstrate ARIKAYCE's potential to achieve early and sustained negative sputum cultures BRIDGEWATER, N.J., Oct. 18, 2016 (GLOBE NEWSWIRE) ..."
INSM,INSM:UW,BBG000BWMLH7,AstraZeneca licenses respiratory drug to Insmed,2016-10-05 12:16:51 +0000,http://sg.finance.yahoo.com/news/astrazeneca-licenses-respiratory-drug-insmed-114356228.html,AstraZeneca licenses respiratory drug to Insmed
INSM,INSM:UW,BBG000BWMLH7,Insmed Announces Worldwide License Agreement with AstraZeneca for Oral DPP1 Inhibitor,2016-10-05 11:08:02 +0000,http://www.publicnow.com/view/CD4C4351325B90E3CA28FEF150AC33050A4367E2,"[at noodls] - BRIDGEWATER, N.J., Oct. 05, 2016 (GLOBE NEWSWIRE) -- Insmed Incorporated (Nasdaq:INSM), a global biopharmaceutical company focused on the unmet needs of patients with rare diseases, today announced a licensing ..."
INSM,INSM:UW,BBG000BWMLH7,"INSMED INC Files SEC form 8-K, Entry into a Material Definitive Agreement, Financial Statements and Exhibits",2016-10-05 11:06:05 +0000,http://biz.yahoo.com/e/161005/insm8-k.html,"INSMED INC Files SEC form 8-K, Entry into a Material Definitive Agreement, Financial Statements and Exhibits"
INSM,INSM:UW,BBG000BWMLH7,Insmed Signs License Agreement With AstraZeneca For Oral DPP I,2016-10-05 07:23:00 +0000,http://articlefeeds.nasdaq.com/~r/nasdaq/symbols/~3/1fed3VXCXRQ/insmed-signs-license-agreement-with-astrazeneca-for-oral-dpp-i-20161005-00257,Insmed Signs License Agreement With AstraZeneca For Oral DPP I
INSM,INSM:UW,BBG000BWMLH7,Insmed Appoints Roger Adsett as Chief Commercial Officer,2016-09-27 12:19:07 +0000,http://www.publicnow.com/view/71D5E504D5F7F0CEC630B6603899225DAF5B3ADA,"[at noodls] - BRIDGEWATER, N.J., Sept. 27, 2016 (GLOBE NEWSWIRE) -- Insmed Incorporated (Nasdaq:INSM), a global biopharmaceutical company focused on the unmet needs of patients with rare diseases, today announced the ..."
INSM,INSM:UW,BBG000BWMLH7,"INSMED INC Files SEC form 8-K, Change in Directors or Principal Officers, Other Events, Financial Statements and Exhi",2016-09-27 12:06:18 +0000,http://biz.yahoo.com/e/160927/insm8-k.html,"INSMED INC Files SEC form 8-K, Change in Directors or Principal Officers, Other Events, Financial Statements and Exhi"
INSM,INSM:UW,BBG000BWMLH7,"Insmed, Inc. :INSM-US: Earnings Analysis: Q2, 2016 By the Numbers : September 13, 2016",2016-09-13 19:19:06 +0000,http://www.capitalcube.com/blog/index.php/insmed-inc-insm-us-earnings-analysis-q2-2016-by-the-numbers-september-13-2016/,"Insmed, Inc. :INSM-US: Earnings Analysis: Q2, 2016 By the Numbers : September 13, 2016"
INSM,INSM:UW,BBG000BWMLH7,"Insmed, Inc. :INSM-US: Earnings Analysis: Q2, 2016 By the Numbers : September 13, 2016",2016-09-13 19:19:06 +0000,http://finance.yahoo.com/r/e9500b15-48f5-39d9-ad98-f523203ee884/insmed-inc-insm-us-earnings-analysis-q2-2016-by-the-numbers-september-13-2016?yptr=yahoo&.tsrc=rss,"Categories:   Yahoo Finance Get free summary analysis Insmed, Inc. reports financial results for the quarter ended June 30, 2016. Analysis Summary numbers: Revenues of USD 0 million, Net Earnings of USD -36.58 million. The company did not record any revenues for the last twelve months making the comparison of net margin versus asset turnover meaningless. INSM-US‘s earnings and ... Read more    
<b>(Read more...)</b>"
INSM,INSM:UW,BBG000BWMLH7,DEADLINE TOMORROW: Lundin Law PC Announces Securities Class Action Lawsuit against Insmed Incorporated and Reminds Investors with Losses to Contact the Firm,2016-09-12 22:38:00 +0000,http://finance.yahoo.com/news/deadline-tomorrow-lundin-law-pc-223800481.html,"[Accesswire] - LOS ANGELES, CA / ACCESSWIRE / September 12, 2016 / Lundin Law PC (the ""Firm"") announces a class action lawsuit has been filed against Insmed Incorporated (""Insmed"" or the ""Company"") ..."
INSM,INSM:UW,BBG000BWMLH7,"FINAL DEADLINE ALERT: Bronstein, Gewirtz & Grossman, LLC Reminds Shareholders of Class Action Against Insmed Incorporated (INSM) & Lead Plaintiff Deadline - September 13, 2016",2016-09-12 19:00:00 +0000,http://finance.yahoo.com/news/final-deadline-alert-bronstein-gewirtz-190000369.html,"[Accesswire] - NEW YORK, NY / ACCESSWIRE / September 12, 2016 / Bronstein, Gewirtz & Grossman, LLC reminds investors that a securities class action has been filed in the United States District Court District of New Jersey ..."
INSM,INSM:UW,BBG000BWMLH7,DEADLINE TOMORROW ALERT: Khang & Khang LLP Announces Securities Class Action Lawsuit against Insmed Incorporated and Reminds Investors with Losses to Contact the Firm,2016-09-12 15:51:00 +0000,http://finance.yahoo.com/news/deadline-tomorrow-alert-khang-khang-155100162.html,"[Accesswire] - IRVINE, CA / ACCESSWIRE / September 12, 2016 / Khang & Khang LLP (the ""Firm"") announces a class action lawsuit has been filed against Insmed Incorporated (""Insmed"" or the ""Company"") ..."
INSM,INSM:UW,BBG000BWMLH7,"DEADLINE TOMORROW: The Law Offices of Vincent Wong Reminds Investors of Commencement of a Class Action Involving Insmed Incorporated and a Lead Plaintiff Deadline of September 13, 2016 - INSM",2016-09-12 14:36:24 +0000,http://finance.yahoo.com/news/deadline-tomorrow-law-offices-vincent-143624761.html,"[GlobeNewswire] - NEW YORK, Sept. 12, 2016-- The Law Offices of Vincent Wong announce that a class action lawsuit has been commenced in the USDC for the District of New Jersey on behalf of investors who purchased Insmed ..."
INSM,INSM:UW,BBG000BWMLH7,SEPTEMBER 13 DEADLINE: Lundin Law PC Announces Securities Class Action Lawsuit against Insmed Incorporated and Reminds Investors with Losses to Contact the Firm,2016-09-11 03:18:00 +0000,http://finance.yahoo.com/news/september-13-deadline-lundin-law-031800300.html,"[Accesswire] - LOS ANGELES, CA / ACCESSWIRE / September 10, 2016 / Lundin Law PC (the ""Firm"") announces a class action lawsuit has been filed against Insmed Incorporated (""Insmed"" or the ""Company"") ..."
INSM,INSM:UW,BBG000BWMLH7,SHAREHOLDER ALERT: Pomerantz Law Firm Reminds Shareholders with Losses on their Investment in Insmed Incorporated of Class Action Lawsuit and Upcoming Deadline - INSM,2016-09-10 00:30:00 +0000,http://finance.yahoo.com/news/shareholder-alert-pomerantz-law-firm-003000602.html,"[Accesswire] - NEW YORK, NY / ACCESSWIRE / September 9, 2016 / Pomerantz LLP announces that a class action lawsuit has been filed against Insmed Incorporated (""Insmed"" or the ""Company"") (NASDAQ: INSM) ..."
INSM,INSM:UW,BBG000BWMLH7,5-DAY DEADLINE: Khang & Khang LLP Announces Securities Class Action Lawsuit against Insmed Incorporated and Encourages Investors with Losses to Contact the Firm,2016-09-08 15:24:00 +0000,http://finance.yahoo.com/news/5-day-deadline-khang-khang-152400449.html,"[Accesswire] - IRVINE, CA / ACCESSWIRE / September 8, 2016 / Khang & Khang LLP (the ""Firm"") announces a class action lawsuit has been filed against Insmed Incorporated (""Insmed"" or the ""Company"") ..."
INSM,INSM:UW,BBG000BWMLH7,"DEADLINE ALERT: Bronstein, Gewirtz & Grossman, LLC Reminds Shareholders of Class Action against Insmed Incorporated (INSM) & Lead Plaintiff Deadline - September 13, 2016",2016-09-08 14:20:00 +0000,http://finance.yahoo.com/news/deadline-alert-bronstein-gewirtz-grossman-142000805.html,"[Accesswire] - NEW YORK, NY / ACCESSWIRE / September 8, 2016 / Bronstein, Gewirtz & Grossman, LLC reminds investors that a securities class action has been filed in the United States District Court District of New Jersey ..."
INSM,INSM:UW,BBG000BWMLH7,Insmed to Participate at September Investor Conferences,2016-09-08 12:09:08 +0000,http://www.publicnow.com/view/5049793A5F6B8CA73A37CD677C6B0029C1B29A7D,"[at noodls] - BRIDGEWATER, N.J., Sept. 08, 2016 (GLOBE NEWSWIRE) -- Insmed Incorporated (Nasdaq:INSM), a global biopharmaceutical company focused on the unmet needs of patients with rare diseases, today reported that ..."
INSM,INSM:UW,BBG000BWMLH7,SHAREHOLDER ALERT Rosen Law Firm Reminds Insmed Incorporated Investors of Important September 13 Deadline in Class Action - INSM,2016-09-07 17:19:00 +0000,http://finance.yahoo.com/news/shareholder-alert-rosen-law-firm-171900994.html,"[PR Newswire] - NEW YORK, Sept. 7, 2016 /PRNewswire/ -- Rosen Law Firm, a global investor rights law firm, reminds purchasers of Insmed Incorporated securities (NASDAQ: INSM) from March 18, 2013 through June 8, 2016, ..."
INSM,INSM:UW,BBG000BWMLH7,"SHAREHOLDER ALERT: Levi & Korsinsky, LLP Reminds Shareholders of Insmed Incorporated of a Class Action Lawsuit and a Lead Plaintiff Deadline of September 13, 2016 – INSM",2016-09-07 14:25:03 +0000,http://finance.yahoo.com/news/shareholder-alert-levi-korsinsky-llp-142503030.html,"[GlobeNewswire] - NEW YORK, Sept. 07, 2016-- The following statement is being issued by Levi & Korsinsky, LLP:. To: All persons or entities who purchased or otherwise acquired securities of Insmed Incorporated between March ..."
INSM,INSM:UW,BBG000BWMLH7,DEADLINE APPROACHING: Lundin Law PC Announces Securities Class Action Lawsuit against Insmed Incorporated and Reminds Investors with Losses to Contact the Firm,2016-09-02 14:59:00 +0000,http://finance.yahoo.com/news/deadline-approaching-lundin-law-pc-145900417.html,"[Accesswire] - LOS ANGELES, CA / ACCESSWIRE / September 2, 2016 / Lundin Law PC (the ""Firm"") announces class action lawsuit has been filed against Insmed Incorporated (""Insmed"" or the ""Company"") ..."
INSM,INSM:UW,BBG000BWMLH7,"DEADLINE ALERT: Bronstein, Gewirtz & Grossman, LLC Reminds Shareholders of Class Action Against Insmed Incorporated (INSM) & Lead Plaintiff Deadline - September 13, 2016",2016-09-02 14:00:00 +0000,http://finance.yahoo.com/news/deadline-alert-bronstein-gewirtz-grossman-140000105.html,"[GlobeNewswire] - NEW YORK, Sept. 02, 2016-- Attorney Advertising-- Bronstein, Gewirtz & Grossman, LLC reminds investors that a securities class action has been filed in the United States District Court District of New ..."
INSM,INSM:UW,BBG000BWMLH7,"INVESTOR ALERT: Levi & Korsinsky, LLP Notifies Shareholders of Insmed Incorporated of a Class Action Lawsuit and a Lead Plaintiff Deadline of September 13, 2016",2016-09-02 13:50:00 +0000,http://finance.yahoo.com/news/investor-alert-levi-korsinsky-llp-135000527.html,"[Business Wire] - The following statement is being issued by Levi & Korsinsky, LLP:"
INSM,INSM:UW,BBG000BWMLH7,APPROACHING DEADLINE: Khang & Khang LLP Announces Securities Class Action Lawsuit against Insmed Incorporated and Encourages Investors with Losses to Contact the Firm,2016-09-01 17:39:00 +0000,http://finance.yahoo.com/news/approaching-deadline-khang-khang-llp-173900076.html,APPROACHING DEADLINE: Khang & Khang LLP Announces Securities Class Action Lawsuit against Insmed Incorporated and Encourages Investors with Losses to Contact the Firm
INSM,INSM:UW,BBG000BWMLH7,"DEADLINE ALERT: Rigrodsky & Long, P.A. Reminds Shareholders Of Insmed Incorporated Of Upcoming Deadline",2016-09-01 16:19:06 +0000,http://finance.yahoo.com/news/deadline-alert-rigrodsky-long-p-161906104.html,"DEADLINE ALERT: Rigrodsky & Long, P.A. Reminds Shareholders Of Insmed Incorporated Of Upcoming Deadline"
INSM,INSM:UW,BBG000BWMLH7,Insmed Announces Upcoming Presentations at European Respiratory Society 2016 International Congress,2016-08-31 12:00:00 +0000,http://finance.yahoo.com/news/insmed-announces-upcoming-presentations-european-120000896.html,"[GlobeNewswire] - BRIDGEWATER, N.J., Aug. 31, 2016-- Insmed Incorporated, a global biopharmaceutical company focused on the unmet needs of patients with rare diseases, today reported that three INS1009-related abstracts ..."
INSM,INSM:UW,BBG000BWMLH7,SHAREHOLDER ALERT: Lundin Law PC Announces Securities Class Action Lawsuit against Insmed Incorporated and Encourages Investors with Losses to Contact the Firm,2016-08-29 16:30:00 +0000,http://finance.yahoo.com/news/shareholder-alert-lundin-law-pc-163000886.html,"[Accesswire] - LOS ANGELES, CA / ACCESSWIRE / August 29, 2016 / Lundin Law PC (the ""Firm"") announces that a class action lawsuit was filed against Insmed Incorporated (""Insmed"" or the ""Company"") ..."
INSM,INSM:UW,BBG000BWMLH7,"INSM SHAREHOLDER ALERT: The Law Offices of Vincent Wong Notifies Investors of Commencement of a Class Action Involving Insmed Incorporated and a Lead Plaintiff Deadline of September 13, 2016",2016-08-29 14:13:00 +0000,http://finance.yahoo.com/news/insm-shareholder-alert-law-offices-141300098.html,"[Business Wire] - The Law Offices of Vincent Wong announce that a class action lawsuit has been commenced in the USDC for the District of New Jersey on behalf of investors who purchased Insmed Incorporated securities between March 18, 2013 and June 8, 2016."
INSM,INSM:UW,BBG000BWMLH7,SHAREHOLDER ALERT: Pomerantz Law Firm Reminds Shareholders with Losses on their Investment in Insmed Incorporated of Class Action Lawsuit and Upcoming Deadline – INSM,2016-08-28 23:00:00 +0000,http://finance.yahoo.com/news/shareholder-alert-pomerantz-law-firm-230000214.html,"[GlobeNewswire] - NEW YORK, Aug. 28, 2016-- Pomerantz LLP announces that a class action lawsuit has been filed against Insmed Incorporated and certain of its officers. The class action, filed in United States District Court ..."
INSM,INSM:UW,BBG000BWMLH7,SHAREHOLDER ALERT: Khang & Khang LLP Announces Securities Class Action Lawsuit against Insmed Incorporated and Encourages Investors with Losses to Contact the Firm,2016-08-24 23:48:00 +0000,http://finance.yahoo.com/news/shareholder-alert-khang-khang-llp-234800701.html,"[Accesswire] - IRVINE, CA / ACCESSWIRE / August 24, 2016 / Khang & Khang LLP (the ""Firm"") announces a class action lawsuit has been filed against Insmed Incorporated (""Insmed"" or the ""Company"") ..."
INSM,INSM:UW,BBG000BWMLH7,SHAREHOLDER ALERT: Khang & Khang LLP Announces Securities Class Action Lawsuit against Insmed Incorporated and Encourages Investors with Losses to Contact the Firm,2016-08-24 23:48:00 +0000,http://finance.yahoo.com/news/shareholder-alert-khang-khang-llp-234800701.html?.tsrc=rss,"IRVINE, CA / ACCESSWIRE / August 24, 2016 / Khang & Khang LLP (the ""Firm"") announces a class action lawsuit has been filed against Insmed Incorporated (""Insmed"" or the ""Company"") ..."
INSM,INSM:UW,BBG000BWMLH7,"INSM INVESTOR ALERT: The Law Offices of Vincent Wong Notifies Investors of a Class Action Involving Insmed Incorporated and a Lead Plaintiff Deadline of September 13, 2016",2016-08-24 13:52:00 +0000,http://finance.yahoo.com/news/insm-investor-alert-law-offices-135200667.html,"[PR Newswire] - NEW YORK, Aug. 24, 2016 /PRNewswire/ -- The Law Offices of Vincent Wong announce that a class action lawsuit has been commenced in the USDC for the District of New Jersey on behalf of investors who purchased ..."
INSM,INSM:UW,BBG000BWMLH7,"INSM INVESTOR ALERT: The Law Offices of Vincent Wong Notifies Investors of a Class Action Involving Insmed Incorporated and a Lead Plaintiff Deadline of September 13, 2016",2016-08-24 13:52:00 +0000,http://finance.yahoo.com/news/insm-investor-alert-law-offices-135200667.html?.tsrc=rss,"NEW YORK, Aug. 24, 2016 /PRNewswire/ -- The Law Offices of Vincent Wong announce that a class action lawsuit has been commenced in the USDC for the District of New Jersey on behalf of investors who purchased ..."
INSM,INSM:UW,BBG000BWMLH7,EQUITY ALERT: Lundin Law PC Announces Securities Class Action Lawsuit against Insmed Incorporated and Encourages Investors with Losses to Contact the Firm,2016-08-19 15:25:00 +0000,http://finance.yahoo.com/news/equity-alert-lundin-law-pc-152500380.html,"[Accesswire] - LOS ANGELES, CA / ACCESSWIRE / August 19, 2016 / Lundin Law PC (the ""Firm"") announces that a class action lawsuit was filed against Insmed Incorporated (""Insmed"" or the ""Company"") ..."
INSM,INSM:UW,BBG000BWMLH7,"SHAREHOLDER ALERT: Levi & Korsinsky, LLP Notifies Shareholders of Insmed Incorporated of Commencement of a Class Action Lawsuit and a Lead Plaintiff Deadline of September 13, 2016",2016-08-19 14:56:00 +0000,http://finance.yahoo.com/news/shareholder-alert-levi-korsinsky-llp-145600481.html?.tsrc=rss,"The following statement is being issued by Levi & Korsinsky, LLP:"
INSM,INSM:UW,BBG000BWMLH7,"SHAREHOLDER ALERT: Levi & Korsinsky, LLP Notifies Shareholders of Insmed Incorporated of Commencement of a Class Action Lawsuit and a Lead Plaintiff Deadline of September 13, 2016",2016-08-19 14:56:00 +0000,http://finance.yahoo.com/news/shareholder-alert-levi-korsinsky-llp-145600481.html,"[Business Wire] - The following statement is being issued by Levi & Korsinsky, LLP:"
INSM,INSM:UW,BBG000BWMLH7,IMPORTANT INVESTOR ALERT: Khang & Khang LLP Announces Securities Class Action Lawsuit against Insmed Incorporated and Encourages Investors with Losses to Contact the Firm,2016-08-18 19:15:00 +0000,http://finance.yahoo.com/news/important-investor-alert-khang-khang-191500299.html,"[Accesswire] - IRVINE, CA / ACCESSWIRE / August 18, 2016 / Khang & Khang LLP (the ""Firm"") announces that a class action lawsuit was filed against Insmed Incorporated (""Insmed"" or the ""Company"") ..."
INSM,INSM:UW,BBG000BWMLH7,IMPORTANT INVESTOR ALERT: Khang & Khang LLP Announces Securities Class Action Lawsuit against Insmed Incorporated and Encourages Investors with Losses to Contact the Firm,2016-08-18 19:15:00 +0000,http://finance.yahoo.com/news/important-investor-alert-khang-khang-191500299.html?.tsrc=rss,"IRVINE, CA / ACCESSWIRE / August 18, 2016 / Khang & Khang LLP (the ""Firm"") announces that a class action lawsuit was filed against Insmed Incorporated (""Insmed"" or the ""Company"") ..."
INSM,INSM:UW,BBG000BWMLH7,Cotton Edged Up After Strong U.S. Export Sales,2016-08-18 15:16:00 +0000,http://articlefeeds.nasdaq.com/~r/nasdaq/symbols/~3/hc1IqGXIP3c/cotton-edged-up-after-strong-us-export-sales-20160818-00737,Cotton Edged Up After Strong U.S. Export Sales
INSM,INSM:UW,BBG000BWMLH7,Brower Piven Alerts Shareholders of Upcoming Deadline in Class Action Lawsuit and Encourages Those with Substantial Losses from Investment in Insmed Incorporated to Contact the Firm,2016-08-18 10:00:00 +0000,http://finance.yahoo.com/news/brower-piven-alerts-shareholders-upcoming-100000549.html,"[Business Wire] - The securities litigation law firm of Brower Piven, A Professional Corporation, announces that a class action lawsuit has been commenced in the United States District Court for the District of New Jersey on behalf of purchasers of Insmed Incorporated securities during the period between March 18, 2013 and June 8, 2016, inclusive ."
INSM,INSM:UW,BBG000BWMLH7,Brower Piven Alerts Shareholders of Upcoming Deadline in Class Action Lawsuit and Encourages Those with Substantial Losses from Investment in Insmed Incorporated to Contact the Firm,2016-08-18 10:00:00 +0000,http://finance.yahoo.com/news/brower-piven-alerts-shareholders-upcoming-100000549.html?.tsrc=rss,"The securities litigation law firm of Brower Piven, A Professional Corporation, announces that a class action lawsuit has been commenced in the United States District Court for the District of New Jersey on behalf of purchasers of Insmed Incorporated securities during the period between March 18, 2013 and June 8, 2016, inclusive ."
INSM,INSM:UW,BBG000BWMLH7,INVESTOR NOTICE: Lundin Law PC Announces Securities Class Action Lawsuit against Insmed Incorporated and Encourages Investors with Losses to Contact the Firm,2016-08-15 19:45:00 +0000,http://finance.yahoo.com/news/investor-notice-lundin-law-pc-194500367.html?.tsrc=rss,"LOS ANGELES, CA / ACCESSWIRE / August 15, 2016 / Lundin Law PC (the ""Firm"") announces that a class action lawsuit was filed against Insmed Incorporated (""Insmed"" or the ""Company"") ..."
INSM,INSM:UW,BBG000BWMLH7,INVESTOR NOTICE: Lundin Law PC Announces Securities Class Action Lawsuit against Insmed Incorporated and Encourages Investors with Losses to Contact the Firm,2016-08-15 19:45:00 +0000,http://finance.yahoo.com/news/investor-notice-lundin-law-pc-194500367.html,"[Accesswire] - LOS ANGELES, CA / ACCESSWIRE / August 15, 2016 / Lundin Law PC (the ""Firm"") announces that a class action lawsuit was filed against Insmed Incorporated (""Insmed"" or the ""Company"") ..."
INSM,INSM:UW,BBG000BWMLH7,"INSM SHAREHOLDER ALERT: The Law Offices of Vincent Wong Reminds Investors of a Class Action Involving Insmed Incorporated and a Lead Plaintiff Deadline of September 13, 2016",2016-08-15 14:48:00 +0000,http://finance.yahoo.com/news/insm-shareholder-alert-law-offices-144800937.html,"[Business Wire] - The Law Offices of Vincent Wong announce that a class action lawsuit has been commenced in the USDC for the District of New Jersey on behalf of investors who purchased Insmed Incorporated securities between March 18, 2013 and June 8, 2016."
INSM,INSM:UW,BBG000BWMLH7,SHAREHOLDER ALERT: Pomerantz Law Firm Reminds Shareholders with Losses on their Investment in Insmed Incorporated of Class Action Lawsuit and Upcoming Deadline - INSM,2016-08-13 00:00:00 +0000,http://finance.yahoo.com/news/shareholder-alert-pomerantz-law-firm-000000550.html,"[Accesswire] - NEW YORK, NY / ACCESSWIRE / August 12, 2016 / Pomerantz LLP announces that a class action lawsuit has been filed against Insmed Incorporated (""Insmed"" or the ""Company"") (NASDAQ: INSM) ..."
INSM,INSM:UW,BBG000BWMLH7,SHAREHOLDER NOTICE: Khang & Khang LLP Announces Securities Class Action Lawsuit against Insmed Incorporated and Reminds Investors with Losses to Contact the Firm,2016-08-12 17:31:00 +0000,http://finance.yahoo.com/news/shareholder-notice-khang-khang-llp-173100493.html,"[Accesswire] - IRVINE, CA / ACCESSWIRE / August 12, 2016 / Khang & Khang LLP (the ""Firm"") announces that a class action lawsuit was filed against Insmed Incorporated (""Insmed"" or the ""Company"") ..."
INSM,INSM:UW,BBG000BWMLH7,EQUITY ALERT: Rosen Law Firm Announces Filing of Securities Class Action Lawsuit Against Insmed Incorporated – INSM,2016-08-12 16:31:32 +0000,http://finance.yahoo.com/news/equity-alert-rosen-law-firm-163132315.html,"[GlobeNewswire] - NEW YORK, Aug. 12, 2016-- Rosen Law Firm, a global investor rights law firm, announces the filing of a class action lawsuit on behalf of purchasers of Insmed Incorporated securities from March 18, 2013 ..."
INSM,INSM:UW,BBG000BWMLH7,DEADLINE ALERT: Lundin Law PC Announces Securities Class Action Lawsuit against Insmed Incorporated and Encourages Investors with Losses to Contact the Firm,2016-08-11 18:16:00 +0000,http://finance.yahoo.com/news/deadline-alert-lundin-law-pc-181600422.html,"[Accesswire] - LOS ANGELES, CA / ACCESSWIRE / August 11, 2016 / Lundin Law PC (the ""Firm"") announces that a class action lawsuit was filed against Insmed Incorporated (""Insmed"" or the ""Company"") ..."
INSM,INSM:UW,BBG000BWMLH7,"SHAREHOLDER ALERT: Bronstein, Gewirtz & Grossman, LLC Reminds Shareholders of Class Action against Insmed Incorporated (INSM) and Lead Plaintiff Deadline: September 13, 2016",2016-08-11 14:17:00 +0000,http://finance.yahoo.com/news/shareholder-alert-bronstein-gewirtz-grossman-141700886.html,"[Accesswire] - NEW YORK, NY / ACCESSWIRE / August 11, 2016 / Bronstein, Gewirtz & Grossman, LLC reminds investors that a securities class action has been filed in the United States District Court District of New Jersey ..."
INSM,INSM:UW,BBG000BWMLH7,INVESTOR ALERT: Lundin Law PC Announces Securities Class Action Lawsuit against Insmed Incorporated and Encourages Investors with Losses to Contact the Firm,2016-08-10 16:29:00 +0000,http://finance.yahoo.com/news/investor-alert-lundin-law-pc-162900208.html,"[Accesswire] - LOS ANGELES, CA / ACCESSWIRE / August 10, 2016 / Lundin Law PC (the ""Firm"") announces that a class action lawsuit was filed against Insmed Incorporated (""Insmed"" or the ""Company"") ..."
INSM,INSM:UW,BBG000BWMLH7,"INSM INVESTOR ALERT: The Law Offices of Vincent Wong Reminds Investors of Commencement of a Class Action Involving Insmed Incorporated and a Lead Plaintiff Deadline of September 13, 2016",2016-08-10 15:24:37 +0000,http://finance.yahoo.com/news/insm-investor-alert-law-offices-152437529.html,"[GlobeNewswire] - NEW YORK, Aug. 10, 2016-- The Law Offices of Vincent Wong announce that a class action lawsuit has been commenced in the USDC for the District of New Jersey on behalf of investors who purchased Insmed ..."
INSM,INSM:UW,BBG000BWMLH7,INVESTOR NOTICE: Khang & Khang LLP Announces Securities Class Action Lawsuit against Insmed Incorporated and Reminds Investors with Losses to Contact the Firm,2016-08-09 15:28:00 +0000,http://finance.yahoo.com/news/investor-notice-khang-khang-llp-152800042.html,"[Accesswire] - IRVINE, CA / ACCESSWIRE / August 9, 2016 / Khang & Khang LLP (the ""Firm"") announces that a class action lawsuit was filed against Insmed Incorporated (""Insmed"" or the ""Company"") ..."
INSM,INSM:UW,BBG000BWMLH7,"SHAREHOLDER ALERT: Brower Piven Encourages Investors Who Have Losses In Excess Of $100,000 From Investment In Insmed Incorporated To Contact Brower Piven Before The Lead Plaintiff Deadline In Class Action Lawsuit – INSM",2016-08-08 20:20:43 +0000,http://finance.yahoo.com/news/shareholder-alert-brower-piven-encourages-202043621.html,"[GlobeNewswire] - STEVENSON, Md., Aug. 08, 2016-- The securities litigation law firm of Brower Piven, A Professional Corporation, announces that a class action lawsuit has been commenced in the United States District Court ..."
INSM,INSM:UW,BBG000BWMLH7,"INVESTOR ALERT: Levi & Korsinsky, LLP Reminds Shareholders of Insmed Incorporated of Class Action Lawsuit and a Lead Plaintiff Deadline of September 13, 2016 – INSM",2016-08-05 13:30:00 +0000,http://finance.yahoo.com/news/investor-alert-levi-korsinsky-llp-133000988.html,"[GlobeNewswire] - NEW YORK, Aug. 05, 2016-- The following statement is being issued by Levi & Korsinsky, LLP:. To: All persons or entities who purchased or otherwise acquired securities of Insmed Incorporated between March ..."
INSM,INSM:UW,BBG000BWMLH7,Insmed reports 2Q loss,2016-08-04 13:25:42 +0000,http://sg.finance.yahoo.com/news/insmed-reports-2q-loss-132542276.html,Insmed reports 2Q loss
INSM,INSM:UW,BBG000BWMLH7,Insmed Reports Second Quarter 2016 Financial Results,2016-08-04 12:22:09 +0000,http://www.publicnow.com/view/B25F22A7336AF9B59B7CBDD0F5B710E9091EB883,"[at noodls] - BRIDGEWATER, N.J., Aug. 04, 2016 (GLOBE NEWSWIRE) -- Insmed Incorporated (Nasdaq:INSM), a global biopharmaceutical company focused on the unmet needs of patients with rare diseases, today reported financial ..."
INSM,INSM:UW,BBG000BWMLH7,"INSMED INC Files SEC form 8-K, Results of Operations and Financial Condition, Financial Statements and Exhibits",2016-08-04 12:07:23 +0000,http://biz.yahoo.com/e/160804/insm8-k.html,"INSMED INC Files SEC form 8-K, Results of Operations and Financial Condition, Financial Statements and Exhibits"
INSM,INSM:UW,BBG000BWMLH7,"INSMED INC Files SEC form 10-Q, Quarterly Report",2016-08-04 12:05:07 +0000,http://biz.yahoo.com/e/160804/insm10-q.html,"INSMED INC Files SEC form 10-Q, Quarterly Report"
INSM,INSM:UW,BBG000BWMLH7,"SHAREHOLDER ALERT - Bronstein, Gewirtz & Grossman, LLC Reminds Shareholders of Class Action against Insmed Incorporated (INSM) and Lead Plaintiff Deadline: September 13, 2016",2016-08-03 14:17:00 +0000,http://finance.yahoo.com/news/shareholder-alert-bronstein-gewirtz-grossman-141700672.html,"[Accesswire] - NEW YORK, NY / ACCESSWIRE / August 3, 2016 / Bronstein, Gewirtz & Grossman, LLC reminds investors that a securities class action has been filed in the United States District Court District of New Jersey ..."
INSM,INSM:UW,BBG000BWMLH7,IMPORTANT SHAREHOLDER NOTICE: Lundin Law PC Announces Securities Class Action Lawsuit against Insmed Incorporated and Encourages Investors with Losses to Contact the Firm,2016-08-02 15:52:00 +0000,http://finance.yahoo.com/news/important-shareholder-notice-lundin-law-155200044.html,"[Accesswire] - LOS ANGELES, CA / ACCESSWIRE / August 2, 2016 / Lundin Law PC (the ""Firm"") announces that a class action lawsuit was filed against Insmed Incorporated (""Insmed"" or the ""Company"") ..."
INSM,INSM:UW,BBG000BWMLH7,"Lifshitz & Miller Law Firm Announces Investigation of Ambac Financial Group, Inc., CBL & Associates Properties Inc., Emergent BioSolutions, Inc., Insmed Incorporated, K12 Inc., Lipocine, Inc., and Stericycle, Inc.",2016-08-02 11:31:00 +0000,http://finance.yahoo.com/news/lifshitz-miller-law-firm-announces-113100291.html,"[PR Newswire] - NEW YORK, Aug. 2, 2016 /PRNewswire/ -- ATTORNEY ADVERTISING -- Ambac Financial Group, Inc. (AMBC) Lifshitz & Miller announces investigation into possible breaches of fiduciary duties by the board of AMBC. ..."
INSM,INSM:UW,BBG000BWMLH7,IMPORTANT INVESTOR ALERT: Khang & Khang LLP Announces Securities Class Action Lawsuit against Insmed Incorporated and Reminds Investors with Losses to Contact the Firm,2016-08-02 10:35:00 +0000,http://finance.yahoo.com/news/important-investor-alert-khang-khang-103500642.html,"[Accesswire] - IRVINE, CA / ACCESSWIRE / August 2, 2016 / Khang & Khang LLP (the ""Firm"") announces that a class action lawsuit was filed against Insmed Incorporated (""Insmed"" or the ""Company"") ..."
INSM,INSM:UW,BBG000BWMLH7,Mid-Morning Market Update: Markets Open Lower; J M Smucker Profit Beats Estimates,2016-06-09 15:26:31 +0000,http://articlefeeds.nasdaq.com/~r/nasdaq/symbols/~3/5Acr2LmfcSA/mid-morning-market-update-markets-open-lower-j-m-smucker-profit-beats-estimates-cm632975,"Following the market opening Thursday, the Dow traded down 0.20 percent to 17,970.57 while the NASDAQ declined 0.23 percent to 4,963.16. The S&P also fell, dropping 0.28 percent to 2,113.23.  Leading and Lagging Sectors  Thursday"
INSM,INSM:UW,BBG000BWMLH7,"FDA Panel Nod For PFE, INSM Withdraws MAA, FCSC's Voice Fades Out",2016-06-09 00:37:00 +0000,http://articlefeeds.nasdaq.com/~r/nasdaq/symbols/~3/1A_3x-WUEJM/fda-panel-nod-for-pfe-insm-withdraws-maa-fcscs-voice-fades-out-20160609-00009,"FDA Panel Nod For PFE, INSM Withdraws MAA, FCSC's Voice Fades Out"
INSM,INSM:UW,BBG000BWMLH7,Insmed Announces Withdrawal of Marketing Authorization Application for ARIKAYCE™ in Europe,2016-06-08 20:38:06 +0000,http://www.publicnow.com/view/1FCA36CE63B2E8266F59883C4D2B02858BD2DDB4,"[at noodls] - BRIDGEWATER, N.J., June 08, 2016 (GLOBE NEWSWIRE) -- Insmed Incorporated (Nasdaq:INSM), a global biopharmaceutical company focused on the unmet needs of patients with rare diseases, today announced that ..."
INSM,INSM:UW,BBG000BWMLH7,Insmed to Present at the Bank of America Global Healthcare Conference,2016-05-09 12:08:04 +0000,http://www.publicnow.com/view/F4ECD6E079433E6228360761699E871B3F510646,"[at noodls] - BRIDGEWATER, N.J., May 09, 2016 (GLOBE NEWSWIRE) -- Insmed Incorporated (Nasdaq:INSM), a global biopharmaceutical company focused on the unmet needs of patients with rare diseases, today reported that ..."
INSM,INSM:UW,BBG000BWMLH7,Insmed reports 1Q loss,2016-05-05 19:27:26 +0000,http://sg.finance.yahoo.com/news/insmed-reports-1q-loss-192726633.html,Insmed reports 1Q loss
INSM,INSM:UW,BBG000BWMLH7,Insmed Announces Upcoming Presentations at the American Thoracic Society 2016 International Meeting,2016-05-03 12:10:04 +0000,http://www.publicnow.com/view/A33E8AEAE208BE14216CC51EC8F0F55FC3A99211,"[at noodls] - BRIDGEWATER, N.J., May 03, 2016 (GLOBE NEWSWIRE) -- Insmed Incorporated (Nasdaq:INSM), a global biopharmaceutical company focused on the unmet needs of patients with rare diseases, today reported that ..."
INSM,INSM:UW,BBG000BWMLH7,Insmed reports 4Q loss,2016-02-25 13:35:57 +0000,http://sg.finance.yahoo.com/news/insmed-reports-4q-loss-133557706.html,Insmed reports 4Q loss
INSM,INSM:UW,BBG000BWMLH7,"Thursday 2/4 Insider Buying Report: PGR, INSM",2016-02-04 17:17:47 +0000,http://articlefeeds.nasdaq.com/~r/nasdaq/symbols/~3/Xv4vjLsImPc/thursday-24-insider-buying-report-pgr-insm-cm574831,"Bargain hunters are wise to pay careful attention to insider buying, because although there are many various reasons for an insider to sell a stock, presumably the only reason they would use their hard earned dollars to make a"
INSM,INSM:UW,BBG000BWMLH7,"Commit To Buy Insmed At $10, Earn 14.5% Using Options",2016-01-06 20:15:11 +0000,http://articlefeeds.nasdaq.com/~r/nasdaq/symbols/~3/RLaQAmXzo-A/commit-to-buy-insmed-at-10-earn-145-using-options-cm562101,"Investors considering a purchase of Insmed Inc (Symbol INSM) shares, but tentative about paying the going market price of $16.81 share, might benefit from considering selling puts among the alternative strategies at their disposal. One interesting put contract in"
INSM,INSM:UW,BBG000BWMLH7,Insmed to Present at the 34th Annual J.P. Morgan Healthcare Conference,2016-01-05 13:29:18 +0000,http://www.noodls.com/view/C0E08A5BF971F77F802DE779B6BD879C9B38F79C,"[at noodls] - , (GLOBE NEWSWIRE) -- (Nasdaq:INSM), a global biopharmaceutical company focused on the unmet needs of patients with rare diseases, today reported that company management will participate at the 34 Annual ..."
INSM,INSM:UW,BBG000BWMLH7,Insmed reports 3Q loss,2015-11-06 13:16:08 +0000,http://sg.finance.yahoo.com/news/insmed-reports-3q-loss-131608562.html,Insmed reports 3Q loss
INSM,INSM:UW,BBG000BWMLH7,"Pre-Market Earnings Report for November 6, 2015 :  CI, BAM, HUM, AEE, TCP, HZNP, TPH, ABY, SATS, SSP, VIV, INSM",2015-11-05 21:24:42 +0000,http://articlefeeds.nasdaq.com/~r/nasdaq/symbols/~3/KdWyJkjcz-Q/pre-market-earnings-report-for-november-6-2015-ci-bam-hum-aee-tcp-hznp-tph-aby-sats-ssp-viv-insm-cm539677,The following companies are expected to report earnings prior to market open on 11 06 2015. Visit our Earnings Calendar for a full list of expected earnings releases.  Cigna Corporation ( CI ) is reporting for
INSM,INSM:UW,BBG000BWMLH7,Oversold Conditions For Insmed,2015-09-25 22:35:03 +0000,http://articlefeeds.nasdaq.com/~r/nasdaq/symbols/~3/z6wiR4ZLk7M/oversold-conditions-for-insmed-cm524331,"Legendary investor Warren Buffett advises to be fearful when others are greedy, and be greedy when others are fearful. One way we can try to measure the level of fear in a given stock is through a technical analysis"
INSM,INSM:UW,BBG000BWMLH7,Insmed to Present at the Leerink Partners Rare Disease Roundtable,2015-09-23 12:25:02 +0000,http://www.noodls.com/view/C59E3A056394F774B60BA161C597B1963871F70A,"[at noodls] - BRIDGEWATER, N.J., Sept. 23, 2015 (GLOBE NEWSWIRE) -- Insmed Incorporated (Nasdaq:INSM), a global biopharmaceutical company focused on the needs of patients with rare diseases, today reported that company ..."
INSM,INSM:UW,BBG000BWMLH7,Insmed Announces Upcoming Data Presentations at ERS 2015,2015-09-22 12:15:11 +0000,http://www.noodls.com/view/79A4C038F16A941EC42AB05068B919EE59051764,"[at noodls] - BRIDGEWATER, N.J. , Sept. 22, 2015 (GLOBE NEWSWIRE) -- Insmed Incorporated (Nasdaq:INSM), a global biopharmaceutical company focused on the needs of patients with rare diseases today reported two ARIKAYCE™ ..."
INSM,INSM:UW,BBG000BWMLH7,Insmed Announces Upcoming Data Presentations at ICAAC/ICC 2015,2015-09-14 14:25:17 +0000,http://www.noodls.com/view/38EB0C0A74C6F0994DF2A68ADA92BA3093B737F2,"[at noodls] - BRIDGEWATER, N.J., Sept. 14, 2015 (GLOBE NEWSWIRE) -- Insmed Incorporated (Nasdaq:INSM), a global biopharmaceutical company focused on the needs of patients with rare diseases today reported new nontuberculous ..."
INSM,INSM:UW,BBG000BWMLH7,Use Options For a Chance To Buy INSM at a 55% Discount,2015-09-04 18:53:39 +0000,http://articlefeeds.nasdaq.com/~r/nasdaq/symbols/~3/uLlXOFXTx_c/use-options-for-a-chance-to-buy-insm-at-a-55-discount-cm516753,"Looking back to 157 days ago, Insmed Inc (Symbol INSM) priced a 10,000,000 share secondary stock offering at $20.65 per share. Buyers in that offering made a considerable investment into the company, expecting that their investment would go up"
INSM,INSM:UW,BBG000BWMLH7,Use Options For a Chance To Buy INSM at a 62% Discount,2015-05-11 17:19:54 +0000,http://articlefeeds.nasdaq.com/~r/nasdaq/symbols/~3/9seGkHstwlU/use-options-for-a-chance-to-buy-insm-at-a-62-discount-cm475384,"Looking back to 41 days ago, Insmed Inc (Symbol INSM) priced a 10,000,000 share secondary stock offering at $20.65 per share. Buyers in that offering made a considerable investment into the company, expecting that their investment would go up"
INSM,INSM:UW,BBG000BWMLH7,Should You Buy Insmed Incorporated Ahead of Earnings? - Tale of the Tape,2015-03-03 15:35:17 +0000,http://articlefeeds.nasdaq.com/~r/nasdaq/symbols/~3/v48GxHtx3lg/should-you-buy-insmed-incorporated-ahead-of-earnings-tale-of-the-tape-cm450326,"Investors are always looking for stocks that are poised to beat at earnings season and Insmed Incorporated ( INSM ) may be one such company. The firm has earnings coming up pretty soon, and events are shaping up quite"
INSM,INSM:UW,BBG000BWMLH7,Use Options For a Chance To Buy INSM at a 52% Discount,2014-12-10 17:52:47 +0000,http://articlefeeds.nasdaq.com/~r/nasdaq/symbols/~3/j1EJR-5BicA/use-options-for-a-chance-to-buy-insm-at-a-52-discount-cm421810,"Looking back to 120 days ago, Insmed Inc (Symbol INSM) priced a 8,900,000 share secondary stock offering at $11.25 per share. Buyers in that offering made a considerable investment into the company, expecting that their investment would go up"
INSM,INSM:UW,BBG000BWMLH7,Insmed posts 3Q loss,2014-11-06 15:06:56 +0000,http://sg.finance.yahoo.com/news/insmed-posts-3q-loss-150656215--finance.html,Insmed posts 3Q loss
INSM,INSM:UW,BBG000BWMLH7,5 Red-Hot Biotech Stocks to Buy,2014-10-28 14:19:43 +0000,http://articlefeeds.nasdaq.com/~r/nasdaq/symbols/~3/kGavxiBV0Fc/5-red-hot-biotech-stocks-to-buy-cm407017,"By Anthony Mirhaydari, InvestorPlace Market Strategist   There is a time and a season for everything. You can certainly see that in the ebb and flow of the stock market as emotions swing from fear to greed and back again.  We’ve seen the cycle of greed start anew this week as stocks have rebounded powerfully from"
INSM,INSM:UW,BBG000BWMLH7,Insmed Incorporated (INSM) in Focus: Stock Up 10.9% - Tale of the Tape,2014-08-14 14:58:40 +0000,http://articlefeeds.nasdaq.com/~r/nasdaq/symbols/~3/CX1wIkvX3bc/insmed-incorporated-insm-in-focus-stock-up-109-tale-of-the-tape-cm380115,"Insmed Incorporated ( INSM ) was a big mover last session, as its shares rose nearly 11% on the day. The move came on solid volume too with far more shares changing hands than in a normal session. This"
INSM,INSM:UW,BBG000BWMLH7,Markets Rise; Macy's Lowers Comparable Sales Outlook,2014-08-13 16:30:32 +0000,http://articlefeeds.nasdaq.com/~r/nasdaq/symbols/~3/pOTiHKU50BE/markets-rise-macys-lowers-comparable-sales-outlook-cm379747,"Following the market opening Wednesday, the Dow traded up 0.19 percent to 16,591.30 while the NASDAQ surged 0.51 percent to 4,411.46. The S&P also rose, gaining 0.28 percent to 1,939.22.  Leading and Lagging Sectors  In"
INSM,INSM:UW,BBG000BWMLH7,Sector Update: Health-Care Shares Flat to Higher Pre-Market,2014-08-13 13:35:52 +0000,http://articlefeeds.nasdaq.com/~r/nasdaq/symbols/~3/GahMZk2Afb4/sector-update-health-care-shares-flat-to-higher-pre-market-cm379614,"Top health care stocks JNJ flat PFE +0.32% ABT flat MRK +0.12% AMGN flat Health care shares were fairly flat in pre market trading Tuesday. Celladon ( CLDN ), a clinical stage biotechnology company in the field of gene"
INSM,INSM:UW,BBG000BWMLH7,Sector Update: Health Care,2014-08-13 13:35:49 +0000,http://articlefeeds.nasdaq.com/~r/nasdaq/symbols/~3/VHsV6mF-Ulg/sector-update-health-care-cm379613,"Health care shares were fairly flat in pre market trading Tuesday. Celladon ( CLDN ), a clinical stage biotechnology company in the field of gene therapy and calcium dysregulation, priced an underwritten public offering of 4 million shares of"
