RESULT_COUNT: 174,PAGE_SIZE: 10000,CURRENT_PAGE: 1,TOTAL_PAGES: 1,API_CALL_CREDITS: 1
TICKER,FIGI_TICKER,FIGI,TITLE,PUBLICATION_DATE,URL,SUMMARY
LIVN,LIVN:UW,BBG009LGHGN2,"ETFs with exposure to LivaNova Plc : October 20, 2017",2017-10-20 14:17:51 +0000,http://finance.yahoo.com/r/f326c7ae-44c7-3ea0-afc0-9441d1ed9c25/etfs-with-exposure-to-livanova-plc-october-20-2017?yptr=yahoo&.tsrc=rss,"Categories:  ETFs Yahoo FinanceClick here to see latest analysis ETFs with exposure to LivaNova Plc Here are 5 ETFs with the largest exposure to LIVN-US. Comparing the performance and risk of LivaNova Plc with the ETFs that have exposure to it gives us some ETF choices that could give us similar returns with lower volatility. Ticker Fund Name ... Read more
<b>(Read more...)</b>"
LIVN,LIVN:UW,BBG009LGHGN2,"ETFs with exposure to LivaNova Plc : October 9, 2017",2017-10-09 15:45:16 +0000,http://finance.yahoo.com/r/06e32ac1-7d45-36ed-ab95-2091d439d285/etfs-with-exposure-to-livanova-plc-october-9-2017?yptr=yahoo&.tsrc=rss,"Categories:  ETFs Yahoo FinanceClick here to see latest analysis ETFs with exposure to LivaNova Plc Here are 5 ETFs with the largest exposure to LIVN-US. Comparing the performance and risk of LivaNova Plc with the ETFs that have exposure to it gives us some ETF choices that could give us similar returns with lower volatility. Ticker Fund Name ... Read more
<b>(Read more...)</b>"
LIVN,LIVN:UW,BBG009LGHGN2,See what the IHS Markit Score report has to say about LivaNova PLC.,2017-10-09 12:04:44 +0000,https://finance.yahoo.com/news/see-ihs-markit-score-report-120444427.html?.tsrc=rss,LivaNova PLC NASDAQ/NGS:LIVN
LIVN,LIVN:UW,BBG009LGHGN2,LivaNova Receives FDA Approvals for SenTiva Device and Next-Generation VNS Therapy Programming System for Treatment of Epilepsy,2017-10-09 12:00:00 +0000,https://finance.yahoo.com/news/livanova-receives-fda-approvals-sentiva-120000239.html?.tsrc=rss,"LivaNova PLC , a market-leading medical technology company, today announced it received U.S. Food and Drug Administration approvals for its latest Vagus Nerve Stimulation Therapy® System, which consists of the SenTiva™ implantable generator and the next-generation VNS Therapy Programming System for the treatment of patients with drug-resistant epilepsy."
LIVN,LIVN:UW,BBG009LGHGN2,"LivaNova Plc :LIVN-US: Earnings Analysis: Q2, 2017 By the Numbers : October 6, 2017",2017-10-06 13:07:56 +0000,http://finance.yahoo.com/r/02fc57f4-bf91-3ea7-9cda-eb8843247eff/livanova-plc-livn-us-earnings-analysis-q2-2017-by-the-numbers-october-6-2017?yptr=yahoo&.tsrc=rss,"Categories:  Yahoo FinanceGet free summary analysis LivaNova Plc reports financial results for the quarter ended June 30, 2017. Highlights Summary numbers: Revenues of USD 321.39 million, Net Earnings of USD 47.50 million. Gross margins widened from 57.34% to 61.95% compared to the same period last year, operating (EBITDA) margins now 17.45% from 16.53%. Change in operating cash ... Read more
<b>(Read more...)</b>"
LIVN,LIVN:UW,BBG009LGHGN2,See what the IHS Markit Score report has to say about LivaNova PLC.,2017-10-02 12:05:47 +0000,https://finance.yahoo.com/news/see-ihs-markit-score-report-120547908.html?.tsrc=rss,LivaNova PLC NASDAQ/NGS:LIVN
LIVN,LIVN:UW,BBG009LGHGN2,LivaNova to Host Conference Call for Third Quarter 2017 Results,2017-09-28 14:37:00 +0000,https://finance.yahoo.com/news/livanova-host-conference-call-third-143700379.html?.tsrc=rss,"LivaNova PLC , a market-leading medical technology company, will host a conference call to discuss its third quarter results on Thursday, Nov."
LIVN,LIVN:UW,BBG009LGHGN2,LivaNova and MicroPort Announce the Approval of Rega Pacemakers by the China Food and Drug Administration,2017-09-27 16:07:00 +0000,https://finance.yahoo.com/news/livanova-microport-announce-approval-rega-160700567.html?.tsrc=rss,"LivaNova PLC and MicroPort Scientific Corporation , today announced that the companies’ Shanghai-based joint venture MicroPort Sorin Cardiac Rhythm Management Co."
LIVN,LIVN:UW,BBG009LGHGN2,LivaNova Announces U.S. Launch of Optiflow Arterial Cannulae Family,2017-09-25 15:24:00 +0000,https://finance.yahoo.com/news/livanova-announces-u-launch-optiflow-152400606.html?.tsrc=rss,"LivaNova PLC , a market-leading medical technology company, today announced it received FDA 510 clearance for the U.S. market launch of its Optiflow Arterial Cannulae Family."
LIVN,LIVN:UW,BBG009LGHGN2,See what the IHS Markit Score report has to say about LivaNova PLC.,2017-09-22 12:01:25 +0000,https://finance.yahoo.com/news/see-ihs-markit-score-report-120125372.html?.tsrc=rss,"This represents an increase in short interest as investors who seek to profit from falling equity prices added to their short positions on September 20.  Index (PMI) data, output in the Healthcare sector is rising."
LIVN,LIVN:UW,BBG009LGHGN2,See what the IHS Markit Score report has to say about LivaNova PLC.,2017-09-21 12:02:39 +0000,https://finance.yahoo.com/news/see-ihs-markit-score-report-120239279.html?.tsrc=rss,"Additionally, this was an improvement in sentiment as investors who seek to profit from falling equity prices reduced their short positions on September 19.  Index (PMI) data, output in the Healthcare sector is rising."
LIVN,LIVN:UW,BBG009LGHGN2,"Zacks.com featured highlights include include LivaNova, Chatham Lodging, ASML, Heico and Etsy",2017-09-20 16:42:38 +0000,http://articlefeeds.nasdaq.com/~r/nasdaq/symbols/~3/lqbL74vjuAk/zackscom-featured-highlights-include-include-livanova-chatham-lodging-asml-heico-and-etsy-cm848482,For Immediate Release Chicago IL September 20 2017 Stocks in this week s article include LivaNova Nasdaq 160 LIVN 160 Free Report Chatham Lodging Trust NYSE 160 CLDT 160 Free Report ASML Holding Nasdaq 160 ASML 160 Free Report Heico
LIVN,LIVN:UW,BBG009LGHGN2,"Zacks.com featured highlights include include LivaNova, Chatham Lodging, ASML, Heico and Etsy",2017-09-20 14:12:02 +0000,https://finance.yahoo.com/news/zacks-com-featured-highlights-livanova-141202619.html?.tsrc=rss,"Zacks.com featured highlights include include LivaNova, Chatham Lodging, ASML, Heico and Etsy"
LIVN,LIVN:UW,BBG009LGHGN2,The Power of New Analyst Coverage,2017-09-20 05:35:21 +0000,http://articlefeeds.nasdaq.com/~r/nasdaq/symbols/~3/0QZRm6GF0Zs/the-power-of-new-analyst-coverage-cm848124,Broker recommendations love them or hate them they do have their place And we all look at them eventually Whether you re a small individual investor or a large institutional portfolio manager or somewhere in between who doesn t like it when a stock gets an upgraded rating or sees a
LIVN,LIVN:UW,BBG009LGHGN2,See what the IHS Markit Score report has to say about LivaNova PLC.,2017-09-19 12:02:44 +0000,https://finance.yahoo.com/news/see-ihs-markit-score-report-120244601.html?.tsrc=rss,"This represents an increase in short interest as investors who seek to profit from falling equity prices added to their short positions on August 25.  Index (PMI) data, output in the Healthcare sector is rising."
LIVN,LIVN:UW,BBG009LGHGN2,LivaNova Defines Strategic Outlook at Investor Day,2017-09-14 20:27:00 +0000,https://finance.yahoo.com/news/livanova-defines-strategic-outlook-investor-202700381.html?.tsrc=rss,"LivaNova PLC , a market-leading medical technology company, hosted its Investor Day today in New York to showcase the Company’s strategy, business goals and financial outlook."
LIVN,LIVN:UW,BBG009LGHGN2,LivaNova to Explore Strategic Options for Cardiac Rhythm Management Business Franchise,2017-09-14 10:00:00 +0000,https://finance.yahoo.com/news/livanova-explore-strategic-options-cardiac-100000884.html?.tsrc=rss,"LivaNova PLC , a market-leading medical technology and innovation company, today announced it is exploring strategic options for its Cardiac Rhythm Management Business Franchise."
LIVN,LIVN:UW,BBG009LGHGN2,See what the IHS Markit Score report has to say about LivaNova PLC.,2017-09-12 12:06:38 +0000,https://finance.yahoo.com/news/see-ihs-markit-score-report-120638142.html?.tsrc=rss,"This represents an increase in short interest as investors who seek to profit from falling equity prices added to their short positions on August 25.  Index (PMI) data, output in the Healthcare sector is rising."
LIVN,LIVN:UW,BBG009LGHGN2,LivaNova Announces Publication of Literature Review Highlighting the Clinical Value and Safety of the Perceval Sutureless Valve for Aortic Valve Replacement,2017-09-11 18:43:00 +0000,https://finance.yahoo.com/news/livanova-announces-publication-literature-review-184300757.html?.tsrc=rss,"LivaNova PLC , a market-leading medical technology company, today announced the publication of the analysis, “The Perceval® Sutureless Aortic Valve: Review of Outcomes, Complications and Future Direction,” by Powell, Pelletier, Chu, Bouchard, Melvin and Adams in the latest issue of Innovations1."
LIVN,LIVN:UW,BBG009LGHGN2,LivaNova to Host Audio Webcast of Inaugural Investor Day,2017-08-31 17:35:00 +0000,https://finance.yahoo.com/news/livanova-host-audio-webcast-inaugural-173500760.html?.tsrc=rss,"LivaNova PLC , a market-leading medical technology company, today announced it will host an audio webcast of its inaugural investor day in New York on Thursday, Sept."
LIVN,LIVN:UW,BBG009LGHGN2,"LivaNova Plc breached its 50 day moving average in a Bearish Manner : LIVN-US : August 29, 2017",2017-08-29 13:55:34 +0000,http://finance.yahoo.com/r/501565a8-05d0-3448-a93e-2fb16aacd138/livanova-plc-breached-its-50-day-moving-average-in-a-bearish-manner-livn-us-august-29-2017?yptr=yahoo&.tsrc=rss,"Categories:  ETFs Yahoo FinanceGet full CapitalCube analysis *Disclaimer : This is as of previous day’s closing price. Technical Indicators Below is a quick look at 5 technical indicators for LivaNova Plc. More studies are available on the Technical Chart. Indicator Signal Closing Price above/below 50 Day Moving Average Bearish Closing Price above/below 200 Day Moving Average Bullish 50 ... Read more
<b>(Read more...)</b>"
LIVN,LIVN:UW,BBG009LGHGN2,"LivaNova Plc breached its 50 day moving average in a Bearish Manner : LIVN-US : August 18, 2017",2017-08-18 13:46:47 +0000,http://finance.yahoo.com/r/88df2a89-3420-35d3-9ddd-4bd2e429d570/livanova-plc-breached-its-50-day-moving-average-in-a-bearish-manner-livn-us-august-18-2017?yptr=yahoo&.tsrc=rss,"Categories:  ETFs Yahoo FinanceGet full CapitalCube analysis *Disclaimer : This is as of previous day’s closing price. Technical Indicators Below is a quick look at 5 technical indicators for LivaNova Plc. More studies are available on the Technical Chart. Indicator Signal Closing Price above/below 50 Day Moving Average Bearish Closing Price above/below 200 Day Moving Average Bullish 50 ... Read more
<b>(Read more...)</b>"
LIVN,LIVN:UW,BBG009LGHGN2,See what the IHS Markit Score report has to say about LivaNova PLC.,2017-08-17 12:05:54 +0000,https://finance.yahoo.com/news/see-ihs-markit-score-report-120554484.html?.tsrc=rss,"The last change in the short interest score occurred more than 1 month ago and implies that there has been little change in sentiment among investors who seek to profit from falling equity prices.  Index (PMI) data, output in the Healthcare sector is rising."
LIVN,LIVN:UW,BBG009LGHGN2,"LivaNova Plc – Value Analysis (NASDAQ:LIVN) : August 17, 2017",2017-08-17 01:26:34 +0000,http://finance.yahoo.com/r/ea1f50c9-c2fb-334d-9d3d-447d36431a74/livanova-plc-value-analysis-nasdaqlivn-august-17-2017?yptr=yahoo&.tsrc=rss,"Categories:  Fundamental Analysis Yahoo FinanceClick here to see latest analysis Capitalcube gives LivaNova Plc a score of 63. Our analysis is based on comparing LivaNova Plc with the following peers – Boston Scientific Corporation, PerkinElmer, Inc., CONMED Corporation and Natus Medical Incorporated (BSX-US, PKI-US, CNMD-US and BABY-US). Investment Outlook LivaNova Plc has a fundamental score of 63 and has ... Read more
<b>(Read more...)</b>"
LIVN,LIVN:UW,BBG009LGHGN2,See what the IHS Markit Score report has to say about LivaNova PLC.,2017-08-12 12:01:26 +0000,https://finance.yahoo.com/news/see-ihs-markit-score-report-120126220.html?.tsrc=rss,"The last change in the short interest score occurred more than 1 month ago and implies that there has been little change in sentiment among investors who seek to profit from falling equity prices.  Over the last one-month, outflows of investor capital in ETFs holding LIVN totaled $415 million."
LIVN,LIVN:UW,BBG009LGHGN2,See what the IHS Markit Score report has to say about LivaNova PLC.,2017-08-11 12:01:35 +0000,https://finance.yahoo.com/news/see-ihs-markit-score-report-120135996.html?.tsrc=rss,"The last change in the short interest score occurred more than 1 month ago and implies that there has been little change in sentiment among investors who seek to profit from falling equity prices.  Over the last one-month, outflows of investor capital in ETFs holding LIVN totaled $415 million."
LIVN,LIVN:UW,BBG009LGHGN2,CORRECTING and REPLACING LivaNova Reports Second Quarter 2017 Results,2017-08-09 14:12:00 +0000,https://finance.yahoo.com/news/livanova-reports-second-quarter-2017-110000499.html?.tsrc=rss,"On the Balance Sheet table, Total Assets for June 30, 2017 should be $2,533.7 instead of $2,553.7; On the Balance Sheet table, Total Liabilities and Stockholders’ Equity for June 30, 2017 should be $2,533.7 instead of $2,553.7."
LIVN,LIVN:UW,BBG009LGHGN2,Investor Network: Livanova PLC to Host Earnings Call,2017-08-09 10:30:00 +0000,https://finance.yahoo.com/news/investor-network-livanova-plc-host-103000797.html?.tsrc=rss,"NEW YORK, NY / ACCESSWIRE / August 9, 2017 / Livanova PLC (NASDAQ: LIVN) will be discussing their earnings results in their Q2 Earnings Call to be held on Wednesday, August 09, 2017 at 9:00 AM Eastern ..."
LIVN,LIVN:UW,BBG009LGHGN2,LivaNova’s Perceval Sutureless Aortic Heart Valve Awarded New Technology Add-on Payment from the Center for Medicare and Medicaid Services,2017-08-04 15:52:00 +0000,https://finance.yahoo.com/news/livanova-perceval-sutureless-aortic-heart-155200484.html?.tsrc=rss,"LivaNova PLC , a market-leading medical technology company, today announced its Perceval® sutureless aortic heart valve received approval from the Centers for Medicare and Medicaid Services for a New Technology Add-on Payment ."
LIVN,LIVN:UW,BBG009LGHGN2,"LivaNova Plc breached its 50 day moving average in a Bearish Manner : LIVN-US : August 3, 2017",2017-08-03 13:50:39 +0000,http://finance.yahoo.com/r/1aa07b29-6e66-3801-a09a-53d3b53239df/livanova-plc-breached-its-50-day-moving-average-in-a-bearish-manner-livn-us-august-3-2017?yptr=yahoo&.tsrc=rss,"Categories:  ETFs Yahoo FinanceGet full CapitalCube analysis *Disclaimer : This is as of previous day’s closing price. Technical Indicators Below is a quick look at 5 technical indicators for LivaNova Plc. More studies are available on the Technical Chart. Indicator Signal Closing Price above/below 50 Day Moving Average Bearish Closing Price above/below 200 Day Moving Average Bullish 50 ... Read more
<b>(Read more...)</b>"
LIVN,LIVN:UW,BBG009LGHGN2,VNS Therapy Receives CE Mark for Expanded MRI Labeling,2017-08-01 06:30:00 +0000,https://finance.yahoo.com/news/vns-therapy-receives-ce-mark-063000207.html?.tsrc=rss,"LivaNova PLC , a market-leading medical technology company, today announced its latest VNS Therapy® Systems received CE Mark for expanded MRI labeling."
LIVN,LIVN:UW,BBG009LGHGN2,"ETFs with exposure to LivaNova Plc : July 4, 2017",2017-07-04 19:05:15 +0000,http://finance.yahoo.com/r/8eadfeca-b929-3747-a39a-b4af686e161b/etfs-with-exposure-to-livanova-plc-july-4-2017?yptr=yahoo&.tsrc=rss,"Categories:  ETFs Yahoo FinanceClick here to see latest analysis ETFs with exposure to LivaNova Plc Here are 5 ETFs with the largest exposure to LIVN-US. Comparing the performance and risk of LivaNova Plc with the ETFs that have exposure to it gives us some ETF choices that could give us similar returns with lower volatility. Ticker Fund Name ... Read more
<b>(Read more...)</b>"
LIVN,LIVN:UW,BBG009LGHGN2,InPlay from Briefing.com,2017-06-29 14:54:59 +0000,https://finance.yahoo.com/news/inplay-briefing-com-125529772.html?.tsrc=rss,InPlay from Briefing.com
LIVN,LIVN:UW,BBG009LGHGN2,FDA Approves VNS Therapy Treatment for Drug-Resistant Epilepsy in Children as Young as Four Years Old,2017-06-29 14:49:00 +0000,https://finance.yahoo.com/news/fda-approves-vns-therapy-treatment-144900707.html?.tsrc=rss,"LivaNova PLC , a market-leading medical technology company, today announced it received FDA approval of its VNS Therapy® system in patients as young as four years of age with partial onset seizures that are refractory to antiepileptic medications."
LIVN,LIVN:UW,BBG009LGHGN2,LivaNova to Host Conference Call for Second Quarter 2017 Results,2017-06-27 14:21:00 +0000,https://finance.yahoo.com/news/livanova-host-conference-call-second-142100021.html?.tsrc=rss,"LivaNova PLC , a market-leading medical technology company, will host a conference call to discuss its second quarter results on Wednesday, Aug."
LIVN,LIVN:UW,BBG009LGHGN2,First Week of August 18th Options Trading For LivaNova (LIVN),2017-06-21 16:24:58 +0000,http://articlefeeds.nasdaq.com/~r/nasdaq/symbols/~3/2ICKy_L8Mm4/first-week-of-august-18th-options-trading-for-livanova-livn-cm806289,Investors in LivaNova PLC Symbol LIVN saw new options begin trading this week for the August 18th expiration At Stock Options Channel our YieldBoost formula has looked up and down the LIVN options chain for the new August 18th contracts and identified one put and one call contract
LIVN,LIVN:UW,BBG009LGHGN2,VNS Therapy Receives FDA Approval for Expanded MRI Labeling,2017-06-21 13:00:00 +0000,https://finance.yahoo.com/news/vns-therapy-receives-fda-approval-130000513.html?.tsrc=rss,"LivaNova PLC , a market-leading medical technology company, announced today that its latest VNS Therapy® systems received FDA approval for expanded MRI labeling, affirming VNS Therapy as the only epilepsy device approved by the FDA for MRI scans."
LIVN,LIVN:UW,BBG009LGHGN2,"ETFs with exposure to LivaNova Plc : June 16, 2017",2017-06-16 20:01:37 +0000,http://finance.yahoo.com/r/d130cbf7-99f0-3999-871c-25e16236d3d8/etfs-with-exposure-to-livanova-plc-june-16-2017?yptr=yahoo&.tsrc=rss,"Categories:  ETFs Yahoo FinanceClick here to see latest analysis ETFs with exposure to LivaNova Plc Here are 5 ETFs with the largest exposure to LIVN-US. Comparing the performance and risk of LivaNova Plc with the ETFs that have exposure to it gives us some ETF choices that could give us similar returns with lower volatility. Ticker Fund Name ... Read more
<b>(Read more...)</b>"
LIVN,LIVN:UW,BBG009LGHGN2,"LivaNova Plc :LIVN-US: Earnings Analysis: Q1, 2017 By the Numbers : June 14, 2017",2017-06-14 13:26:29 +0000,http://finance.yahoo.com/r/42a475dc-2e0e-3301-be02-33a79540e9e9/livanova-plc-livn-us-earnings-analysis-q1-2017-by-the-numbers-june-14-2017?yptr=yahoo&.tsrc=rss,"Categories:  Yahoo FinanceGet free summary analysis LivaNova Plc reports financial results for the quarter ended March 31, 2017. We analyze the earnings along side the following peers of LivaNova Plc – Boston Scientific Corporation, Intuitive Surgical, Inc., CONMED Corporation and Natus Medical Incorporated (BSX-US, ISRG-US, CNMD-US and BABY-US) that have also reported for this period. Highlights Summary ... Read more
<b>(Read more...)</b>"
LIVN,LIVN:UW,BBG009LGHGN2,LivaNova Appoints Keyna Skeffington as Senior Vice President and General Counsel,2017-06-12 13:30:00 +0000,https://finance.yahoo.com/news/livanova-appoints-keyna-skeffington-senior-133000691.html?.tsrc=rss,"LivaNova PLC , a market-leading medical technology company, today announced the appointment of Keyna Skeffington as senior vice president and general counsel."
LIVN,LIVN:UW,BBG009LGHGN2,"Cutera Names Darren W. Alch, Vice President, General Counsel and Secretary",2017-06-05 20:05:00 +0000,https://finance.yahoo.com/news/cutera-names-darren-w-alch-200500096.html?.tsrc=rss,"BRISBANE, Calif., June 05, 2017-- Cutera, Inc., a leading provider of laser and energy-based aesthetic systems for practitioners worldwide, announced today the appointment of Darren Alch as its Vice President, ..."
LIVN,LIVN:UW,BBG009LGHGN2,LivaNova Announces Thad Huston as Chief Financial Officer,2017-05-16 13:00:00 +0000,https://finance.yahoo.com/news/livanova-announces-thad-huston-chief-130000860.html?.tsrc=rss,"LivaNova PLC , a market-leading medical technology company, today announced Thad Huston will join the Company as its new Chief Financial Officer , effective May 20, 2017."
LIVN,LIVN:UW,BBG009LGHGN2,LivaNova PLC to Present at the Bank of America Merrill Lynch and Jefferies Conferences,2017-05-09 13:40:00 +0000,http://finance.yahoo.com/news/livanova-plc-present-bank-america-134000444.html?.tsrc=rss,"LivaNova PLC , a market-leading medical technology and innovation company, today announced Damien McDonald, Chief Executive Officer, will present at the Bank of America Merrill Lynch 2017 Health Care Conference in Las Vegas and at the Jefferies 2017 Global Healthcare Conference in New York City."
LIVN,LIVN:UW,BBG009LGHGN2,LivaNova Announces New Data Reaffirming Value of Perceval for Aortic Valve Replacement in Aortic Stenosis Patients,2017-05-04 13:30:00 +0000,http://finance.yahoo.com/news/livanova-announces-data-reaffirming-value-133000104.html?.tsrc=rss,"LivaNova, PLC , a market-leading medical technology and innovation company, announced the presentation of data from multiple studies demonstrating the safety and the effectiveness of the PercevalTM sutureless valve for Aortic Valve Replacement patients and the Memo 3D ReChordTM for mitral valve repair."
LIVN,LIVN:UW,BBG009LGHGN2,Investor Network: Livanova PLC to Host Earnings Call,2017-05-03 11:25:00 +0000,http://finance.yahoo.com/news/investor-network-livanova-plc-host-112500520.html?.tsrc=rss,"NEW YORK, NY / ACCESSWIRE / May 3, 2017 / Livanova PLC (NASDAQ: LIVN ) will be discussing their earnings results in their Q1 Earnings Call to be held May 3, 2017 at 9:00 AM Eastern Time. To listen to the ..."
LIVN,LIVN:UW,BBG009LGHGN2,LivaNova posts 1Q profit,2017-05-03 11:24:49 +0000,http://finance.yahoo.com/news/livanova-posts-1q-profit-112449567.html?.tsrc=rss,"On a per-share basis, the London-based company said it had profit of 23 cents. Earnings, adjusted for non-recurring costs and restructuring costs, came to 71 cents per share. The medical technology company ..."
LIVN,LIVN:UW,BBG009LGHGN2,LivaNova Reports First Quarter 2017 Results,2017-05-03 11:00:00 +0000,http://finance.yahoo.com/news/livanova-reports-first-quarter-2017-110000707.html?.tsrc=rss,"LivaNova PLC , a market-leading medical technology and innovation company, today reported results for the quarter ended March 31, 2017."
LIVN,LIVN:UW,BBG009LGHGN2,"LivaNova Acquires Caisson Interventional, LLC",2017-05-02 21:00:00 +0000,http://finance.yahoo.com/news/livanova-acquires-caisson-interventional-llc-210000664.html?.tsrc=rss,"LivaNova PLC , a market-leading medical technology company, today announced it has acquired the remaining outstanding interests in Caisson Interventional, LLC , in support of LivaNova’s strategic growth initiatives."
LIVN,LIVN:UW,BBG009LGHGN2,LivaNova to Unveil New Data Further Demonstrating the Perceval Sutureless Valve is a Safe and Effective Aortic Valve Replacement for Patients,2017-04-28 18:23:00 +0000,http://finance.yahoo.com/news/livanova-unveil-data-further-demonstrating-182300568.html?.tsrc=rss,"LivaNova, PLC , a market-leading medical technology and innovation company, announced today that the company will unveil three data presentations on the PercevalTM sutureless valve at the upcoming American Association for Thoracic Surgery Centennial meeting, which will be held from April 29 – May 3, 2017 in Boston."
LIVN,LIVN:UW,BBG009LGHGN2,LivaNova Recognizes World Health Day Focus on Depression,2017-04-07 05:30:00 +0000,http://finance.yahoo.com/news/livanova-recognizes-world-health-day-053000140.html?.tsrc=rss,"LivaNova PLC , a market-leading medical technology company, today recognizes World Health Day and its goal to bring more attention to depression as a leading cause of poor health, disability and premature death worldwide."
LIVN,LIVN:UW,BBG009LGHGN2,"LivaNova Plc breached its 50 day moving average in a Bearish Manner : LIVN-US : April 3, 2017",2017-04-03 12:35:41 +0000,http://www.capitalcube.com/blog/index.php/livanova-plc-breached-its-50-day-moving-average-in-a-bearish-manner-livn-us-april-3-2017/,"LivaNova Plc breached its 50 day moving average in a Bearish Manner : LIVN-US : April 3, 2017"
LIVN,LIVN:UW,BBG009LGHGN2,"LivaNova Plc breached its 50 day moving average in a Bearish Manner : LIVN-US : April 3, 2017",2017-04-03 12:35:41 +0000,http://finance.yahoo.com/r/9d05209e-461c-3ca3-a1c7-5434136c9017/livanova-plc-breached-its-50-day-moving-average-in-a-bearish-manner-livn-us-april-3-2017?yptr=yahoo&.tsrc=rss,"Categories:   ETFs Yahoo Finance Click here to see latest analysis *Disclaimer : This is as of previous day’s closing price. Technical Indicators Below is a quick look at 5 technical indicators for LivaNova Plc. More studies are available on the Technical Chart. Indicator Signal Closing Price above/below 50 Day Moving Average Bearish Closing Price above/below 200 Day Moving Average ... Read more    
<b>(Read more...)</b>"
LIVN,LIVN:UW,BBG009LGHGN2,"5:31 pm LivaNova reaffirms guidance published on March 1, 2017 (says undertakes no duty to update for subsequent events)",2017-04-02 21:31:00 +0000,http://finance.yahoo.com/news/inplay-briefing-com-055139997.html#livn,"5:31 pm LivaNova reaffirms guidance published on March 1, 2017 (says undertakes no duty to update for subsequent events)"
LIVN,LIVN:UW,BBG009LGHGN2,INVESTOR ALERT: Goldberg Law PC Announces an Investigation of LivaNova PLC and Advises Investors with Losses to Contact the Firm,2017-03-31 23:40:00 +0000,http://finance.yahoo.com/news/investor-alert-goldberg-law-pc-234000277.html,"[Business Wire] - Goldberg Law PC, a national shareholder rights litigation firm, announces that it is investigating claims on behalf of investors of LivaNova PLC ."
LIVN,LIVN:UW,BBG009LGHGN2,INVESTOR ALERT: Goldberg Law PC Announces an Investigation of LivaNova PLC and Advises Investors with Losses to Contact the Firm,2017-03-31 23:40:00 +0000,http://finance.yahoo.com/news/investor-alert-goldberg-law-pc-234000277.html?.tsrc=rss,"Goldberg Law PC, a national shareholder rights litigation firm, announces that it is investigating claims on behalf of investors of LivaNova PLC ."
LIVN,LIVN:UW,BBG009LGHGN2,Glancy Prongay & Murray LLP Commences Investigation on Behalf of LivaNova PLC Investors,2017-03-31 21:44:00 +0000,http://finance.yahoo.com/news/glancy-prongay-murray-llp-commences-214400780.html?.tsrc=rss,Glancy Prongay & Murray LLP is investigating potential claims on behalf of investors of LivaNova PLC concerning the Company and its officers’ possible violations of federal securities laws.
LIVN,LIVN:UW,BBG009LGHGN2,Glancy Prongay & Murray LLP Commences Investigation on Behalf of LivaNova PLC Investors,2017-03-31 21:44:00 +0000,http://finance.yahoo.com/news/glancy-prongay-murray-llp-commences-214400780.html,[Business Wire] - Glancy Prongay & Murray LLP is investigating potential claims on behalf of investors of LivaNova PLC concerning the Company and its officers’ possible violations of federal securities laws.
LIVN,LIVN:UW,BBG009LGHGN2,LivaNova PLC Reiterates Full-Year 2017 Guidance,2017-03-31 21:17:00 +0000,http://uk.finance.yahoo.com/news/livanova-plc-reiterates-full-2017-211700862.html,LivaNova PLC Reiterates Full-Year 2017 Guidance
LIVN,LIVN:UW,BBG009LGHGN2,LivaNova PLC Reiterates Full-Year 2017 Guidance,2017-03-31 21:17:00 +0000,http://finance.yahoo.com/news/livanova-plc-reiterates-full-2017-211700023.html?.tsrc=rss,"LivaNova PLC , a market-leading medical technology and innovation company, today announced it is reiterating its full-year 2017 guidance published on March 1, 2017, and the company undertakes no duty to update for subsequent events."
LIVN,LIVN:UW,BBG009LGHGN2,"LIVANOVA PLC Files SEC form 8-K, Change in Directors or Principal Officers, Regulation FD Disclosure, Financial State",2017-03-31 13:02:31 +0000,http://biz.yahoo.com/e/170331/livn8-k.html,"LIVANOVA PLC Files SEC form 8-K, Change in Directors or Principal Officers, Regulation FD Disclosure, Financial State"
LIVN,LIVN:UW,BBG009LGHGN2,LivaNova PLC Announces Chief Financial Officer Resignation,2017-03-31 13:00:00 +0000,http://finance.yahoo.com/news/livanova-plc-announces-chief-financial-130000786.html?.tsrc=rss,"LivaNova PLC , a market-leading medical technology and innovation company, today announced its Chief Financial Officer, Vivid Sehgal, is leaving the company to pursue other opportunities."
LIVN,LIVN:UW,BBG009LGHGN2,LivaNova PLC Announces Chief Financial Officer Resignation,2017-03-31 13:00:00 +0000,http://uk.finance.yahoo.com/news/livanova-plc-announces-chief-financial-130000566.html,LivaNova PLC Announces Chief Financial Officer Resignation
LIVN,LIVN:UW,BBG009LGHGN2,LivaNova to Host Conference Call for First Quarter 2017 Results,2017-03-29 15:00:00 +0000,http://finance.yahoo.com/news/livanova-host-conference-call-first-150000692.html?.tsrc=rss,"LivaNova PLC , a market-leading medical technology company, will host a conference call to discuss its first quarter results on Wednesday, May 3, 2017 at 8 a.m."
LIVN,LIVN:UW,BBG009LGHGN2,LivaNova to Host Conference Call for First Quarter 2017 Results,2017-03-29 15:00:00 +0000,http://uk.finance.yahoo.com/news/livanova-host-conference-call-first-150000296.html,LivaNova to Host Conference Call for First Quarter 2017 Results
LIVN,LIVN:UW,BBG009LGHGN2,LivaNova PLC to Present at the Barclays Global Healthcare Conference,2017-03-08 14:27:00 +0000,http://finance.yahoo.com/news/livanova-plc-present-barclays-global-142700741.html?.tsrc=rss,"LivaNova PLC , a market-leading medical technology and innovation company, today announced that Damien McDonald, Chief Executive Officer of LivaNova, and Vivid Sehgal, Chief Financial Officer of LivaNova, will be presenting at the Barclays Global Healthcare Conference in Miami, Fla., on Thursday, March 16, 2017 at 11:15 a.m."
LIVN,LIVN:UW,BBG009LGHGN2,LivaNova PLC to Present at the Barclays Global Healthcare Conference,2017-03-08 14:27:00 +0000,http://uk.finance.yahoo.com/news/livanova-plc-present-barclays-global-142700801.html,LivaNova PLC to Present at the Barclays Global Healthcare Conference
LIVN,LIVN:UW,BBG009LGHGN2,LIVANOVA PLC Financials,2017-03-07 18:04:15 +0000,http://finance.yahoo.com/q/is?s=livn,LIVANOVA PLC Financials
LIVN,LIVN:UW,BBG009LGHGN2,"LivaNova Plc :LIVN-US: Earnings Analysis: Q4, 2016 By the Numbers : March 2, 2017",2017-03-02 15:14:44 +0000,http://finance.yahoo.com/r/226dabc7-ee6a-3abe-a4d4-5a6aa108e02c/livanova-plc-livn-us-earnings-analysis-q4-2016-by-the-numbers-march-2-2017?yptr=yahoo&.tsrc=rss,"Categories:   Yahoo Finance Get free summary analysis LivaNova Plc reports financial results for the quarter ended December 31, 2016. We analyze the earnings along side the following peers of LivaNova Plc – Boston Scientific Corporation, Intuitive Surgical, Inc., CONMED Corporation and Novadaq Technologies Inc. (BSX-US, ISRG-US, CNMD-US and NVDQ-US) that have also reported for this period. Highlights Summary ... Read more    
<b>(Read more...)</b>"
LIVN,LIVN:UW,BBG009LGHGN2,"LivaNova Plc :LIVN-US: Earnings Analysis: Q4, 2016 By the Numbers : March 2, 2017",2017-03-02 15:14:44 +0000,http://www.capitalcube.com/blog/index.php/livanova-plc-livn-us-earnings-analysis-q4-2016-by-the-numbers-march-2-2017/,"LivaNova Plc :LIVN-US: Earnings Analysis: Q4, 2016 By the Numbers : March 2, 2017"
LIVN,LIVN:UW,BBG009LGHGN2,"LIVANOVA PLC Files SEC form 8-K, Results of Operations and Financial Condition, Financial Statements and Exhibits",2017-03-01 12:03:23 +0000,http://biz.yahoo.com/e/170301/livn8-k.html,"LIVANOVA PLC Files SEC form 8-K, Results of Operations and Financial Condition, Financial Statements and Exhibits"
LIVN,LIVN:UW,BBG009LGHGN2,LivaNova Reports Fourth Quarter and Full-Year 2016 Results,2017-03-01 12:00:00 +0000,http://finance.yahoo.com/news/livanova-reports-fourth-quarter-full-120000224.html?.tsrc=rss,"LivaNova PLC , a market-leading medical technology and innovation company, today reported results for the fourth quarter and full year ended December 31, 2016."
LIVN,LIVN:UW,BBG009LGHGN2,LivaNova Reports Fourth Quarter and Full-Year 2016 Results,2017-03-01 12:00:00 +0000,http://finance.yahoo.com/news/livanova-reports-fourth-quarter-full-120000224.html,"[Business Wire] - LivaNova PLC , a market-leading medical technology and innovation company, today reported results for the fourth quarter and full year ended December 31, 2016."
LIVN,LIVN:UW,BBG009LGHGN2,LivaNova Reports Fourth Quarter and Full-Year 2016 Results,2017-03-01 12:00:00 +0000,http://uk.finance.yahoo.com/news/livanova-reports-fourth-quarter-full-120000836.html,LivaNova Reports Fourth Quarter and Full-Year 2016 Results
LIVN,LIVN:UW,BBG009LGHGN2,"LIVANOVA PLC Files SEC form 8-K, Change in Directors or Principal Officers, Financial Statements and Exhibits",2017-02-28 14:01:44 +0000,http://biz.yahoo.com/e/170228/livn8-k.html,"LIVANOVA PLC Files SEC form 8-K, Change in Directors or Principal Officers, Financial Statements and Exhibits"
LIVN,LIVN:UW,BBG009LGHGN2,LivaNova PLC Announces Its Intent to Delist from London Stock Exchange,2017-02-23 19:16:00 +0000,http://uk.finance.yahoo.com/news/livanova-plc-announces-intent-delist-191600222.html,LivaNova PLC Announces Its Intent to Delist from London Stock Exchange
LIVN,LIVN:UW,BBG009LGHGN2,LivaNova PLC Announces Its Intent to Delist from London Stock Exchange,2017-02-23 19:16:00 +0000,http://finance.yahoo.com/news/livanova-plc-announces-intent-delist-191600320.html?.tsrc=rss,"LivaNova PLC , a market-leading medical technology and innovation company, today announced it applied for the voluntary cancellation of its standard listing of ordinary shares with the United Kingdom Listing Authority and to the London Stock Exchange to cancel trading of those shares."
LIVN,LIVN:UW,BBG009LGHGN2,"LIVANOVA PLC Files SEC form 8-K, Other Events",2017-02-23 18:03:23 +0000,http://biz.yahoo.com/e/170223/livn8-k.html,"LIVANOVA PLC Files SEC form 8-K, Other Events"
LIVN,LIVN:UW,BBG009LGHGN2,LivaNova Recognizes International Epilepsy Day,2017-02-13 06:01:00 +0000,http://uk.finance.yahoo.com/news/livanova-recognizes-international-epilepsy-day-060100078.html,LivaNova Recognizes International Epilepsy Day
LIVN,LIVN:UW,BBG009LGHGN2,LivaNova Recognizes International Epilepsy Day,2017-02-13 06:01:00 +0000,http://finance.yahoo.com/news/livanova-recognizes-international-epilepsy-day-060100141.html?.tsrc=rss,"Approximately two million people in Europe with drug-resistant epilepsy continue to be treated unsuccessfully with drugs, despite the proven effectiveness of non-drug treatment options."
LIVN,LIVN:UW,BBG009LGHGN2,LivaNova Recognizes International Epilepsy Day,2017-02-13 06:01:00 +0000,http://finance.yahoo.com/news/livanova-recognizes-international-epilepsy-day-060100141.html,"[Business Wire] - Approximately two million people in Europe with drug-resistant epilepsy continue to be treated unsuccessfully with drugs, despite the proven effectiveness of non-drug treatment options."
LIVN,LIVN:UW,BBG009LGHGN2,New Data Reinforce the Clinical Value of the Perceval Sutureless Valve as a Safe and Effective Bioprosthesis for Patients in Need of Aortic Valve Replacement,2017-01-27 18:00:00 +0000,http://uk.finance.yahoo.com/news/data-reinforce-clinical-value-perceval-180000443.html,New Data Reinforce the Clinical Value of the Perceval Sutureless Valve as a Safe and Effective Bioprosthesis for Patients in Need of Aortic Valve Replacement
LIVN,LIVN:UW,BBG009LGHGN2,New Data Reinforce the Clinical Value of the Perceval Sutureless Valve as a Safe and Effective Bioprosthesis for Patients in Need of Aortic Valve Replacement,2017-01-27 18:00:00 +0000,http://finance.yahoo.com/news/data-reinforce-clinical-value-perceval-180000254.html?.tsrc=rss,"LivaNova, PLC , a market-leading medical technology and innovation company, announced that a data presentation on the PercevalTM sutureless valve was unveiled at The Society of Thoracic Surgeons 53rd Annual Meeting , which took place January 21-25, 2017 in Houston."
LIVN,LIVN:UW,BBG009LGHGN2,LivaNova to Host Conference Call for Fourth Quarter 2016 Results,2017-01-25 16:15:00 +0000,http://uk.finance.yahoo.com/news/livanova-host-conference-call-fourth-161500217.html,LivaNova to Host Conference Call for Fourth Quarter 2016 Results
LIVN,LIVN:UW,BBG009LGHGN2,LivaNova to Host Conference Call for Fourth Quarter 2016 Results,2017-01-25 16:15:00 +0000,http://finance.yahoo.com/news/livanova-host-conference-call-fourth-161500451.html?.tsrc=rss,"LivaNova PLC , a market-leading medical technology company, will host a conference call to discuss its fourth quarter results on Wednesday, March 1, 2017 at 8:00 am Central Time ."
LIVN,LIVN:UW,BBG009LGHGN2,Is LivaNova PLC (LIVN) a Good Stock to Buy?,2016-12-09 23:15:02 +0000,http://finance.yahoo.com/r/f90ee205-9994-3c1f-b95e-f20e435d7ea2/is-livanova-plc-livn-a-good-stock-to-buy-502000?yptr=yahoo&.tsrc=rss,"Investing in hedge funds can bring large profits, but it’s not for everybody, since hedge funds are available only for high-net-worth individuals. They generate significant returns for investors to justify their large fees and they allocate a lot of time and employ a complex analysis to determine the best stocks to invest in. A particularly […]"
LIVN,LIVN:UW,BBG009LGHGN2,Is LivaNova PLC (LIVN) a Good Stock to Buy?,2016-12-09 23:15:02 +0000,http://www.insidermonkey.com/blog/is-livanova-plc-livn-a-good-stock-to-buy-502000/,Is LivaNova PLC (LIVN) a Good Stock to Buy?
LIVN,LIVN:UW,BBG009LGHGN2,LivaNova PLC to Present at the Berenberg European Conference,2016-12-01 20:22:00 +0000,http://uk.finance.yahoo.com/news/livanova-plc-present-berenberg-european-202200801.html,LivaNova PLC to Present at the Berenberg European Conference
LIVN,LIVN:UW,BBG009LGHGN2,LivaNova PLC to Present at the Berenberg European Conference,2016-12-01 20:22:00 +0000,http://finance.yahoo.com/news/livanova-plc-present-berenberg-european-202200103.html?.tsrc=rss,"LivaNova PLC , a market-leading medical technology and innovation company, today announced that Vivid Sehgal, Chief Financial Officer of LivaNova, will be presenting at the Berenberg European Conference in the United Kingdom on Wednesday, December 7, 2016 at 9:45 a.m."
LIVN,LIVN:UW,BBG009LGHGN2,"Hengistbury Unloads Boeing (BA), Holds Steady On Big Q3 Gainers Charter (CHTR), LivaNova (LIVN)",2016-11-21 21:09:08 +0000,http://www.insidermonkey.com/blog/hengistbury-unloads-boeing-ba-holds-steady-on-big-q3-gainers-charter-chtr-livanova-livn-487415/,"Hengistbury Unloads Boeing (BA), Holds Steady On Big Q3 Gainers Charter (CHTR), LivaNova (LIVN)"
LIVN,LIVN:UW,BBG009LGHGN2,"LIVANOVA PLC Files SEC form 8-K, Other Events",2016-11-15 17:02:33 +0000,http://biz.yahoo.com/e/161115/livn8-k.html,"LIVANOVA PLC Files SEC form 8-K, Other Events"
LIVN,LIVN:UW,BBG009LGHGN2,"ETFs with exposure to LivaNova Plc : November 14, 2016",2016-11-14 18:48:49 +0000,http://www.capitalcube.com/blog/index.php/etfs-with-exposure-to-livanova-plc-november-14-2016/,"ETFs with exposure to LivaNova Plc : November 14, 2016"
LIVN,LIVN:UW,BBG009LGHGN2,LivaNova PLC to Present at the Jefferies and Piper Jaffray Conferences,2016-11-11 17:28:00 +0000,http://finance.yahoo.com/news/livanova-plc-present-jefferies-piper-172800330.html?.tsrc=rss,"LivaNova PLC , a market-leading medical technology and innovation company, today announced Damien McDonald, incoming Chief Executive Officer of LivaNova, and Vivid Sehgal, Chief Financial Officer of LivaNova, will both participate in discussions at the Jefferies London Healthcare Conference in London on Wednesday, November 16, 2016 and the Piper Jaffray Healthcare Conference in New York City on Tuesday, ..."
LIVN,LIVN:UW,BBG009LGHGN2,LivaNova PLC to Present at the Jefferies and Piper Jaffray Conferences,2016-11-11 17:28:00 +0000,http://uk.finance.yahoo.com/news/livanova-plc-present-jefferies-piper-172800311.html,LivaNova PLC to Present at the Jefferies and Piper Jaffray Conferences
LIVN,LIVN:UW,BBG009LGHGN2,"VNS Therapy is Proven Treatment Option, but Treatment Gap Remains",2016-11-10 16:21:04 +0000,http://www.publicnow.com/view/BF5C21F52B58AD48836DF2E1D5FEED3EEFB6DEB3,"[at noodls] - HOUSTON, Nov. 10, 2016 /PRNewswire/ -- LivaNova PLC (NASDAQ:LIVN; LSE: LIVN) ('LivaNova' or the 'Company'), a market-leading medical technology and innovation company, today recognizes that more than one ..."
LIVN,LIVN:UW,BBG009LGHGN2,"VNS Therapy is Proven Treatment Option, but Treatment Gap Remains",2016-11-10 16:07:00 +0000,http://finance.yahoo.com/news/vns-therapy-proven-treatment-option-160700487.html?.tsrc=rss,"One in three people with epilepsy has the type that is not well controlled with drugs, called drug-resistant epilepsy.  ""Despite what we know about drug-resistant epilepsy, the majority of people affected by this condition will continue to be prescribed additional medications instead of being evaluated for surgery or seen in a specialized epilepsy facility,"" said Jason Richey, president of LivaNova's U.S. Region and general manager of the Neuromodulation Business Franchise."
LIVN,LIVN:UW,BBG009LGHGN2,"VNS Therapy is Proven Treatment Option, but Treatment Gap Remains",2016-11-10 16:07:00 +0000,http://finance.yahoo.com/news/vns-therapy-proven-treatment-option-160700487.html,"[PR Newswire] - HOUSTON, Nov. 10, 2016 /PRNewswire/ -- LivaNova PLC (NASDAQ:LIVN; LSE: LIVN) (""LivaNova"" or the ""Company""), a market-leading medical technology and innovation company, today recognizes ..."
LIVN,LIVN:UW,BBG009LGHGN2,"LivaNova Plc :LIVN-US: Earnings Analysis: Q3, 2016 By the Numbers : November 10, 2016",2016-11-10 16:01:35 +0000,http://www.capitalcube.com/blog/index.php/livanova-plc-livn-us-earnings-analysis-q3-2016-by-the-numbers-november-10-2016/,"LivaNova Plc :LIVN-US: Earnings Analysis: Q3, 2016 By the Numbers : November 10, 2016"
LIVN,LIVN:UW,BBG009LGHGN2,LivaNova reports 3Q loss,2016-11-02 12:42:38 +0000,http://sg.finance.yahoo.com/news/livanova-reports-3q-loss-124238438.html,LivaNova reports 3Q loss
LIVN,LIVN:UW,BBG009LGHGN2,LivaNova PLC : 3rd Quarter Results,2016-11-02 12:22:01 +0000,http://finance.yahoo.com/news/livanova-plc-3rd-quarter-results-122201699.html?.tsrc=rss,"LONDON, Nov. 02, 2016 (GLOBE NEWSWIRE) -- LivaNova PLC (NASDAQ:LIVN) (LSE:LIVN) (""LivaNova"" or the ""Company""), a market-leading medical technology and innovation company, today reported ..."
LIVN,LIVN:UW,BBG009LGHGN2,LivaNova PLC : 3rd Quarter Results,2016-11-02 12:22:01 +0000,http://finance.yahoo.com/news/livanova-plc-3rd-quarter-results-122201699.html,"[GlobeNewswire] - LONDON, Nov. 02, 2016 (GLOBE NEWSWIRE) -- LivaNova PLC (NASDAQ:LIVN) (LSE:LIVN) (""LivaNova"" or the ""Company""), a market-leading medical technology and innovation company, today reported ..."
LIVN,LIVN:UW,BBG009LGHGN2,LivaNova Reports Third Quarter 2016 Results,2016-11-02 12:00:07 +0000,http://www.publicnow.com/view/BFAC049441AF30344D952CDEADAB7EE74D43660C,[at noodls] - LivaNova Reports Third Quarter 2016 Results The text version of this document is not available at the moment. The original content was posted at original link . Livanova plc published this content on 02 ...
LIVN,LIVN:UW,BBG009LGHGN2,"LIVANOVA PLC Files SEC form 8-K, Results of Operations and Financial Condition, Financial Statements and Exhibits",2016-11-02 11:50:09 +0000,http://biz.yahoo.com/e/161102/livn8-k.html,"LIVANOVA PLC Files SEC form 8-K, Results of Operations and Financial Condition, Financial Statements and Exhibits"
LIVN,LIVN:UW,BBG009LGHGN2,LivaNova PLC Announces CEO Transition: Damien McDonald to Succeed André-Michel Ballester,2016-11-02 10:40:12 +0000,http://www.publicnow.com/view/972C45EA47C63BA8D0EEAB12DB740EC3029FE140,"[at noodls] - LONDON, Nov. 02, 2016 (GLOBE NEWSWIRE) -- LivaNova PLC (NASDAQ:LIVN) (LSE:LIVN) ('LivaNova' or the 'Company'), a market-leading medical technology and innovation company, today named Damien McDonald as ..."
LIVN,LIVN:UW,BBG009LGHGN2,Highlights From Third Avenue’s Investor Letters,2016-10-29 18:21:53 +0000,http://www.insidermonkey.com/blog/highlights-from-third-avenues-investor-letters-483904/,Highlights From Third Avenue’s Investor Letters
LIVN,LIVN:UW,BBG009LGHGN2,LivaNova PLC to Present at the Credit Suisse Annual Healthcare Conference,2016-10-24 14:01:01 +0000,http://finance.yahoo.com/news/livanova-plc-present-credit-suisse-140101324.html,"[GlobeNewswire] - LONDON, Oct. 24, 2016 (GLOBE NEWSWIRE) -- LivaNova PLC (NASDAQ:LIVN) (LSE:LIVN) (""LivaNova"" or the ""Company""), a market-leading medical technology and innovation company, today announced ..."
LIVN,LIVN:UW,BBG009LGHGN2,"ETF’s with exposure to LivaNova Plc : October 19, 2016",2016-10-19 16:42:36 +0000,http://www.capitalcube.com/blog/index.php/etfs-with-exposure-to-livanova-plc-october-19-2016/,"ETF’s with exposure to LivaNova Plc : October 19, 2016"
LIVN,LIVN:UW,BBG009LGHGN2,LivaNova to Host Conference Call for Third-Quarter 2016 Results,2016-10-16 08:03:04 +0000,http://www.publicnow.com/view/008519CB2D8CA671FB134C9CF3B5D3789026594A,"[at noodls] - London, October 4, 2016 - LivaNova PLC (NASDAQ:LIVN; LSE: LIVN) ('LivaNova' or the 'Company'), a market-leading medical technology company, will host a conference call to discuss its third quarter results ..."
LIVN,LIVN:UW,BBG009LGHGN2,[$$] CDC Links Bacterial Infection in Patients to LivaNova Surgical Device,2016-10-14 04:27:16 +0000,http://www.wsj.com/articles/cdc-links-bacterial-infection-in-patients-to-livanova-surgical-device-1476378132?ru=yahoo?mod=yahoo_itp,[$$] CDC Links Bacterial Infection in Patients to LivaNova Surgical Device
LIVN,LIVN:UW,BBG009LGHGN2,U.S. health officials warn of infection risk from heart surgery device,2016-10-13 19:01:30 +0000,http://uk.finance.yahoo.com/news/u-health-officials-warn-infection-190130590.html,U.S. health officials warn of infection risk from heart surgery device
LIVN,LIVN:UW,BBG009LGHGN2,[$$] CDC Links Bacterial Infection in Patients to LivaNova Surgical Device,2016-10-13 18:48:29 +0000,http://www.wsj.com/articles/cdc-links-bacterial-infection-in-patients-to-livanova-surgical-device-1476378132?mod=yahoo_hs,[$$] CDC Links Bacterial Infection in Patients to LivaNova Surgical Device
LIVN,LIVN:UW,BBG009LGHGN2,CDC issues infection warning for devices used in cardiac surgery,2016-10-13 18:12:30 +0000,http://finance.yahoo.com/news/cdc-issues-infection-warning-devices-181230751.html,CDC issues infection warning for devices used in cardiac surgery
LIVN,LIVN:UW,BBG009LGHGN2,CDC Links Bacterial Infection in Patients to LivaNova Surgical Device,2016-10-13 13:35:00 +0000,http://articlefeeds.nasdaq.com/~r/nasdaq/symbols/~3/_Ipa4bisy_M/cdc-links-bacterial-infection-in-patients-to-livanova-surgical-device-20161013-00881,CDC Links Bacterial Infection in Patients to LivaNova Surgical Device
LIVN,LIVN:UW,BBG009LGHGN2,"ETF’s with exposure to LivaNova Plc : October 7, 2016",2016-10-07 14:52:01 +0000,http://www.capitalcube.com/blog/index.php/etfs-with-exposure-to-livanova-plc-october-7-2016/,"ETF’s with exposure to LivaNova Plc : October 7, 2016"
LIVN,LIVN:UW,BBG009LGHGN2,"Noteworthy ETF Outflows: VXF, LBTYA, ALV, LIVN",2016-10-06 16:42:59 +0000,http://articlefeeds.nasdaq.com/~r/nasdaq/symbols/~3/femUuBlLILE/noteworthy-etf-outflows-vxf-lbtya-alv-livn-cm689817,Looking today at week over week shares outstanding changes among the universe of ETFs covered at ETF Channel one standout is the Vanguard Extended Market ETF Symbol VXF where we have detected an approximate 72 7 million dollar outflow that s a 1 8 decrease week over week from 44 133
LIVN,LIVN:UW,BBG009LGHGN2,"LivaNova Plc breached its 50 day moving average in a Bearish Manner : LIVN-US : October 6, 2016",2016-10-06 12:37:29 +0000,http://www.capitalcube.com/blog/index.php/livanova-plc-breached-its-50-day-moving-average-in-a-bearish-manner-livn-us-october-6-2016/,"LivaNova Plc breached its 50 day moving average in a Bearish Manner : LIVN-US : October 6, 2016"
LIVN,LIVN:UW,BBG009LGHGN2,LivaNova to Host Conference Call for Third-Quarter 2016 Results,2016-10-04 15:01:01 +0000,http://finance.yahoo.com/news/livanova-host-conference-call-third-150101766.html,"[GlobeNewswire] - LONDON, Oct. 04, 2016 (GLOBE NEWSWIRE) -- LivaNova PLC (NASDAQ:LIVN) (LSE:LIVN) (""LivaNova"" or the ""Company""), a market-leading medical technology company, will host a conference call ..."
LIVN,LIVN:UW,BBG009LGHGN2,How The Pieces Add Up: RFG Targets $136,2016-09-30 14:22:02 +0000,http://articlefeeds.nasdaq.com/~r/nasdaq/symbols/~3/NtZZn1f_sPE/how-the-pieces-add-up-rfg-targets-136-cm687064,Looking at the underlying holdings of the ETFs in our coverage universe at ETF Channel we have compared the trading price of each holding against the average analyst 12 month forward target price and computed the weighted average implied analyst target price for the ETF itself For
LIVN,LIVN:UW,BBG009LGHGN2,LivaNova PLC Announces Participation in 30th EACTS Annual Meeting,2016-09-30 14:01:01 +0000,http://finance.yahoo.com/news/livanova-plc-announces-participation-30th-140101103.html,"[GlobeNewswire] - LONDON, Sept. 30, 2016 (GLOBE NEWSWIRE) -- LivaNova PLC (NASDAQ:LIVN) (LSE:LIVN) (""LivaNova"" or the ""Company""), a market-leading medical technology company, announced today its participation ..."
LIVN,LIVN:UW,BBG009LGHGN2,Third Value Fund Avenue Buys 3 Stocks in 3rd Quarter,2016-09-27 23:10:10 +0000,http://finance.yahoo.com/news/whitmans-third-avenue-buys-3-231010539.html,Third Value Fund Avenue Buys 3 Stocks in 3rd Quarter
LIVN,LIVN:UW,BBG009LGHGN2,LivaNova Growing Through New Medical Devices,2016-09-23 22:28:19 +0000,http://finance.yahoo.com/news/livanova-growing-medical-devices-222606417.html,LivaNova Growing Through New Medical Devices
LIVN,LIVN:UW,BBG009LGHGN2,LivaNova Launches Next Generation ICD and CRT-D Devices in the United States,2016-09-22 13:31:01 +0000,http://finance.yahoo.com/news/livanova-launches-next-generation-icd-133101074.html,"[GlobeNewswire] - The new PLATINIUM range of devices featuring the world`s longest projected longevity 1 will help patients avoid replacement surgeries and associated risks LONDON, Sept. 22, 2016 (GLOBE NEWSWIRE) -- LivaNova ..."
LIVN,LIVN:UW,BBG009LGHGN2,Third Avenue Fund Comments on LivaNova,2016-09-15 18:17:37 +0000,http://articlefeeds.nasdaq.com/~r/nasdaq/symbols/~3/Ffi-EqDfoa4/third-avenue-fund-comments-on-livanova-cm680175,Livallova Investor neglect can be a source of new ideas while also providing an element of downside protection We found this combination to be compelling in our purchase of Livallova NASDAQ LIVN which is the new name for Sorin and Cyberonics post their late 5 merger We
LIVN,LIVN:UW,BBG009LGHGN2,Third Avenue Fund Comments on LivaNova,2016-09-14 22:40:31 +0000,http://finance.yahoo.com/news/third-avenue-fund-comments-livanova-224031507.html,Third Avenue Fund Comments on LivaNova
LIVN,LIVN:UW,BBG009LGHGN2,Third Avenue Value Fund 3rd Quarter Letter,2016-09-14 17:15:14 +0000,http://finance.yahoo.com/news/third-avenue-value-fund-3rd-171514218.html,Third Avenue Value Fund 3rd Quarter Letter
LIVN,LIVN:UW,BBG009LGHGN2,"VXF, LBTYA, ALV, LIVN: Large Outflows Detected at ETF",2016-09-12 16:31:09 +0000,http://articlefeeds.nasdaq.com/~r/nasdaq/symbols/~3/Hjiy7BrCZ9A/vxf-lbtya-alv-livn-large-outflows-detected-at-etf-cm677993,Looking today at week over week shares outstanding changes among the universe of ETFs covered at ETF Channel one standout is the Vanguard Extended Market ETF Symbol VXF where we have detected an approximate 125 1 million dollar outflow that s a 3 0 decrease week over week
LIVN,LIVN:UW,BBG009LGHGN2,"Notable ETF Inflow Detected - VXF, LBTYA, ALV, LIVN",2016-09-02 16:16:44 +0000,http://articlefeeds.nasdaq.com/~r/nasdaq/symbols/~3/S9lcNbnpRTY/notable-etf-inflow-detected-vxf-lbtya-alv-livn-cm674063,Looking today at week over week shares outstanding changes among the universe of ETFs covered at ETF Channel one standout is the Vanguard Extended Market ETF Symbol VXF where we have detected an approximate 127 6 million dollar inflow that s a 3 1 increase week over week in
LIVN,LIVN:UW,BBG009LGHGN2,"ETF’s with exposure to LivaNova Plc : August 31, 2016",2016-08-31 15:34:41 +0000,http://www.capitalcube.com/blog/index.php/etfs-with-exposure-to-livanova-plc-august-31-2016/,"ETF’s with exposure to LivaNova Plc : August 31, 2016"
LIVN,LIVN:UW,BBG009LGHGN2,SonR™: Long Term Clinical Update Confirms Risk Reduction in Heart Failure Hospitalization,2016-08-28 19:13:02 +0000,http://www.publicnow.com/view/527F4B5E5F5714FD877CA36D11A271A846AF2626,"[at noodls] - LONDON, Aug. 28, 2016 (GLOBE NEWSWIRE) -- LivaNova PLC (NASDAQ:LIVN) (LSE:LIVN) ('LivaNova' or the 'Company'), a market-leading medical technology company, today announced long term results from the RESPOND-CRT ..."
LIVN,LIVN:UW,BBG009LGHGN2,SonR(TM): Long Term Clinical Update Confirms Risk Reduction in Heart Failure Hospitalization,2016-08-28 18:49:01 +0000,http://finance.yahoo.com/news/sonr-tm-long-term-clinical-184901236.html,"[GlobeNewswire] - RESPOND-CRT landmark trial confirms significant long term risk reduction in heart failure hospitalization with LivaNova`s exclusive SonR sensor-based CRT optimization system. LONDON, Aug. 28, 2016 (GLOBE ..."
LIVN,LIVN:UW,BBG009LGHGN2,Long Term Update Confirms Risk Reduction In Heart Failure Hospitalization,2016-08-28 15:07:00 +0000,http://articlefeeds.nasdaq.com/~r/nasdaq/symbols/~3/Nsq_FF_ruSE/long-term-update-confirms-risk-reduction-in-heart-failure-hospitalization-20160828-00017,Long Term Update Confirms Risk Reduction In Heart Failure Hospitalization
LIVN,LIVN:UW,BBG009LGHGN2,Health companies label thousands of patient deaths as 'injuries',2016-08-19 17:58:34 +0000,http://www.cnbc.com/id/103881139?__source=yahoo%7cfinance%7cheadline%7cheadline%7cstory&par=yahoo&doc=103881139,Health companies label thousands of patient deaths as 'injuries'
LIVN,LIVN:UW,BBG009LGHGN2,Increased oversight of medical devices needed?,2016-08-18 18:32:00 +0000,http://finance.yahoo.com/video/increased-oversight-medical-devices-needed-183200153.html,Increased oversight of medical devices needed?
LIVN,LIVN:UW,BBG009LGHGN2,Martin Whitman's Third Avenue Management Purchases 8 Stocks,2016-08-13 04:33:40 +0000,http://articlefeeds.nasdaq.com/~r/nasdaq/symbols/~3/TSt5xR7jh0M/martin-whitmans-third-avenue-management-purchases-8-stocks-cm664996,"Martin Whitman ( Trades , Portfolio )AAAs investment firm Third Avenue Management ( Trades , Portfolio ) bought eight new stocks in the second quarter. They have a portfolio of 114 positions that together have a value of $2.45"
LIVN,LIVN:UW,BBG009LGHGN2,Martin Whitman's Third Avenue Management Purchases 8 Stocks,2016-08-12 22:11:57 +0000,http://finance.yahoo.com/news/martin-whitmans-third-avenue-management-221157391.html,Martin Whitman's Third Avenue Management Purchases 8 Stocks
LIVN,LIVN:UW,BBG009LGHGN2,"ETF’s with exposure to LivaNova Plc : August 11, 2016",2016-08-11 16:54:33 +0000,http://www.capitalcube.com/blog/index.php/etfs-with-exposure-to-livanova-plc-august-11-2016/,"ETF’s with exposure to LivaNova Plc : August 11, 2016"
LIVN,LIVN:UW,BBG009LGHGN2,LivaNova PLC to Present at the Morgan Stanley Global Healthcare Conference,2016-08-11 16:31:03 +0000,http://www.publicnow.com/view/D552E11971F6121E6F1146CBE76861ACABF4B2C0,"[at noodls] - LONDON, Aug. 11, 2016 (GLOBE NEWSWIRE) -- LivaNova PLC (NASDAQ:LIVN) (LSE:LIVN) ('LivaNova' or the 'Company'), a market-leading medical technology and innovation company, today announced that André-Michel ..."
LIVN,LIVN:UW,BBG009LGHGN2,Layne Christensen To Present At Jefferies Conference; Webcast At 1:00 PM ET,2016-08-11 12:00:00 +0000,http://articlefeeds.nasdaq.com/~r/nasdaq/symbols/~3/hv_Qbqb4ho4/layne-christensen-to-present-at-jefferies-conference-webcast-at-100-pm-et-20160811-00739,Layne Christensen To Present At Jefferies Conference; Webcast At 1:00 PM ET
LIVN,LIVN:UW,BBG009LGHGN2,"LivaNova Plc :LIVN-US: Earnings Analysis: Q2, 2016 By the Numbers : August 10, 2016",2016-08-10 15:11:28 +0000,http://www.capitalcube.com/blog/index.php/livanova-plc-livn-us-earnings-analysis-q2-2016-by-the-numbers-august-10-2016/,"LivaNova Plc :LIVN-US: Earnings Analysis: Q2, 2016 By the Numbers : August 10, 2016"
LIVN,LIVN:UW,BBG009LGHGN2,5 Healthcare Stocks Near the Top of Cheyne Capital’s Portfolio,2016-08-10 12:48:57 +0000,http://www.insidermonkey.com/blog/5-healthcare-stocks-near-the-top-of-cheyne-capitals-portfolio-468025/,5 Healthcare Stocks Near the Top of Cheyne Capital’s Portfolio
LIVN,LIVN:UW,BBG009LGHGN2,"LIVANOVA PLC Files SEC form 8-K, Change in Directors or Principal Officers, Financial Statements and Exhibits",2016-08-05 16:35:47 +0000,http://biz.yahoo.com/e/160805/livn8-k.html,"LIVANOVA PLC Files SEC form 8-K, Change in Directors or Principal Officers, Financial Statements and Exhibits"
LIVN,LIVN:UW,BBG009LGHGN2,"LIVANOVA PLC Files SEC form 10-Q, Quarterly Report",2016-08-05 16:25:42 +0000,http://biz.yahoo.com/e/160805/livn10-q.html,"LIVANOVA PLC Files SEC form 10-Q, Quarterly Report"
LIVN,LIVN:UW,BBG009LGHGN2,LivaNova Reports Second Quarter 2016 Results,2016-08-03 11:32:04 +0000,http://www.publicnow.com/view/48DF7920B8B803AC763A4B8F9FAA55F481D3C472,[at noodls] - LivaNova Reports Second Quarter 2016 Results The text version of this document is not available at the moment. The original content was posted at original link . Livanova plc published this content on ...
LIVN,LIVN:UW,BBG009LGHGN2,LivaNova posts 2Q profit,2016-08-03 11:31:53 +0000,http://sg.finance.yahoo.com/news/livanova-posts-2q-profit-113153373.html,LivaNova posts 2Q profit
LIVN,LIVN:UW,BBG009LGHGN2,"LIVANOVA PLC Files SEC form 8-K, Results of Operations and Financial Condition, Financial Statements and Exhibits",2016-08-03 11:02:13 +0000,http://biz.yahoo.com/e/160803/livn8-k.html,"LIVANOVA PLC Files SEC form 8-K, Results of Operations and Financial Condition, Financial Statements and Exhibits"
LIVN,LIVN:UW,BBG009LGHGN2,"LIVANOVA PLC Files SEC form 8-K, Other Events",2016-08-02 15:03:10 +0000,http://biz.yahoo.com/e/160802/livn8-k.html,"LIVANOVA PLC Files SEC form 8-K, Other Events"
LIVN,LIVN:UW,BBG009LGHGN2,LivaNova PLC Names Chief Operating Officer,2016-08-01 13:11:03 +0000,http://www.publicnow.com/view/FF67EB36140F8C1590F968DF49B5A15CDFCB798B,"[at noodls] - LONDON, Aug. 01, 2016 (GLOBE NEWSWIRE) -- LivaNova PLC (NASDAQ:LIVN) (LSE:LIVN) ('LivaNova' or the 'Company'), a market-leading medical technology and innovation company, following its announcement of ..."
LIVN,LIVN:UW,BBG009LGHGN2,"LIVANOVA PLC Files SEC form 8-K, Change in Directors or Principal Officers, Other Events, Financial Statements and Ex",2016-08-01 13:04:02 +0000,http://biz.yahoo.com/e/160801/livn8-k.html,"LIVANOVA PLC Files SEC form 8-K, Change in Directors or Principal Officers, Other Events, Financial Statements and Ex"
LIVN,LIVN:UW,BBG009LGHGN2,LivaNova PLC Names Andrea L. Saia to its Board of Directors,2016-07-28 14:08:08 +0000,http://www.publicnow.com/view/18C69D6F6C05B7DE1B211DB4430A2E01C0A8CE39,"[at noodls] - LONDON, July 28, 2016 (GLOBE NEWSWIRE) -- LivaNova PLC (NASDAQ:LIVN) (LSE:LIVN) ('LivaNova' or the 'Company'), a market-leading medical technology and innovation company, today announced that Andrea L. ..."
LIVN,LIVN:UW,BBG009LGHGN2,"LIVANOVA PLC Files SEC form 8-K, Change in Directors or Principal Officers",2016-07-28 14:01:55 +0000,http://biz.yahoo.com/e/160728/livn8-k.html,"LIVANOVA PLC Files SEC form 8-K, Change in Directors or Principal Officers"
LIVN,LIVN:UW,BBG009LGHGN2,Short Interest is Tapering Off in These 5 Nasdaq Stocks,2016-07-25 16:09:37 +0000,http://www.insidermonkey.com/blog/short-interest-is-tapering-off-in-these-5-nasdaq-stocks-466294/,Short Interest is Tapering Off in These 5 Nasdaq Stocks
LIVN,LIVN:UW,BBG009LGHGN2,LivaNova to Host Conference Call for Second-Quarter 2016 Results,2016-07-07 14:21:04 +0000,http://www.publicnow.com/view/5C80465BCFAA3C4FCB954F4103A00BA981B61CA7,"[at noodls] - LONDON, July 07, 2016 (GLOBE NEWSWIRE) -- LivaNova PLC (NASDAQ:LIVN) (LSE:LIVN) ('LivaNova' or the 'Company'), a market-leading medical technology company, will host a conference call to discuss its second ..."
LIVN,LIVN:UW,BBG009LGHGN2,LivaNova PLC Sets Operating Model and Supporting Organization,2016-07-06 13:42:09 +0000,http://finance.yahoo.com/news/livanova-plc-sets-operating-model-134209891.html,"[GlobeNewswire] - LONDON, July 06, 2016-- LivaNova PLC, a market-leading medical technology company, today announced a new organizational structure designed to strengthen execution and accountability of its business franchises, ..."
LIVN,LIVN:UW,BBG009LGHGN2,LivaNova PLC Sets Operating Model and Supporting Organization,2016-07-06 13:31:05 +0000,http://www.publicnow.com/view/A0686513FE1C3732C11C0FC30C3A65122AA53C31,"[at noodls] - London, July 6, 2016 - LivaNova PLC (NASDAQ:LIVN; LSE: LIVN) ('LivaNova' or the 'Company'), a market-leading medical technology company, today announced a new organizational structure designed to strengthen ..."
LIVN,LIVN:UW,BBG009LGHGN2,Analysts Expect 11% Upside For The Holdings of EWMC,2016-06-27 13:29:14 +0000,http://articlefeeds.nasdaq.com/~r/nasdaq/symbols/~3/51mdVPtKONo/analysts-expect-11-upside-for-the-holdings-of-ewmc-cm640974,"Looking at the underlying holdings of the ETFs in our coverage universe at ETF Channel , we have compared the trading price of each holding against the average analyst 12 month forward target price, and computed the weighted average"
LIVN,LIVN:UW,BBG009LGHGN2,LivaNova PLC to Present at the Goldman Sachs Healthcare Conference,2016-06-03 14:15:09 +0000,http://www.publicnow.com/view/DCC47ECB03DB51ED1550A1F4FAB40F32A7A6FF71,"[at noodls] - LONDON, June 03, 2016 (GLOBE NEWSWIRE) -- LivaNova PLC (NASDAQ:LIVN) (LSE:LIVN) ('LivaNova' or the 'Company'), a market-leading medical technology and innovation company, today announced that André-Michel ..."
LIVN,LIVN:UW,BBG009LGHGN2,Analysts Expect XHE Will Reach $51,2016-05-26 13:47:56 +0000,http://articlefeeds.nasdaq.com/~r/nasdaq/symbols/~3/Iwbywi4cF1g/analysts-expect-xhe-will-reach-51-cm626712,"Looking at the underlying holdings of the ETFs in our coverage universe at ETF Channel , we have compared the trading price of each holding against the average analyst 12 month forward target price, and computed the weighted average"
LIVN,LIVN:UW,BBG009LGHGN2,SonR: 35% Risk Reduction in Heart Failure Hospitalization,2016-05-05 16:51:02 +0000,http://www.publicnow.com/view/E5420FD2F212E48298B58B4D9EC30E1B0723080A,"[at noodls] - RESPOND-CRT LANDMARK TRIAL REVEALS A REDUCED RISK IN HEART FAILURE HOSPITALIZATION WITH LIVANOVA'S EXCLUSIVE SONR SENSOR-BASED CRT OPTIMIZATION SYSTEM LONDON, May 05, 2016 (GLOBE NEWSWIRE) -- LivaNova, ..."
LIVN,LIVN:UW,BBG009LGHGN2,LivaNova reports 1Q loss,2016-05-04 13:11:41 +0000,http://sg.finance.yahoo.com/news/livanova-reports-1q-loss-131141845.html,LivaNova reports 1Q loss
LIVN,LIVN:UW,BBG009LGHGN2,LivaNova Reports First Quarter 2016 Results,2016-05-04 11:30:06 +0000,http://www.publicnow.com/view/845CD3AA1F3191044581A471F4567B100D85D167,[at noodls] - LivaNova Reports First Quarter 2016 Results
LIVN,LIVN:UW,BBG009LGHGN2,How The Parts Add Up: RFG Headed For $137,2016-04-25 13:52:31 +0000,http://articlefeeds.nasdaq.com/~r/nasdaq/symbols/~3/c5cAF3jwdyk/how-the-parts-add-up-rfg-headed-for-137-cm610828,"Looking at the underlying holdings of the ETFs in our coverage universe at ETF Channel , we have compared the trading price of each holding against the average analyst 12 month forward target price, and computed the weighted average"
LIVN,LIVN:UW,BBG009LGHGN2,"LivaNova, PLC to Report 2016 First Quarter Results and Host Webcast and Conference Call on May 4, 2016",2016-04-06 13:20:13 +0000,http://www.publicnow.com/view/59F6AFCE4D272833FD3F2883ECFE3E426416467D,"[at noodls] - LONDON, April 06, 2016 (GLOBE NEWSWIRE) -- LivaNova, PLC (NASDAQ:LIVN) (LSE:LIVN) ('LivaNova' or 'the Company'), today announced that the Company will report sales results for the 2016 first quarter ended ..."
LIVN,LIVN:UW,BBG009LGHGN2,LivaNova PLC Announces the First Patient Enrolled in the PERSIST-AVR Trial,2016-04-04 13:17:30 +0000,http://www.publicnow.com/view/9A885928FD3877508B0DCDF51890F981BC1B7297,"[at noodls] - LONDON, April 04, 2016 (GLOBE NEWSWIRE) -- LivaNova, PLC (NASDAQ:LIVN) (LSE:LIVN) (the 'Company'), a global medical technology company, announced today the first implant of the Perceval sutureless valve ..."
LIVN,LIVN:UW,BBG009LGHGN2,"First Implant in Japan of KORA 250, The World’s Smallest Full Body MRI Conditional Pacing System",2016-03-22 21:28:00 +0000,http://www.publicnow.com/view/9F087B1F7C29B5A96634A19F094417FDD71181A8,"[at noodls] - KORA 250, combining small size, extended battery longevity and Automatic MRI Mode, is powered by intelligent algorithms designed to improve patient outcome. Tokyo, JAPAN, March 22, 2016 - Japan Lifeline, ..."
LIVN,LIVN:UW,BBG009LGHGN2,"Health Care Sector Update for 02/01/2016: LIVN, ABT",2016-02-01 14:14:19 +0000,http://articlefeeds.nasdaq.com/~r/nasdaq/symbols/~3/pGP23wB4fFQ/health-care-sector-update-for-02012016-livn-abt-cm572761,"Top Health care stocks JNJ flat PFE flat ABT +0.4% MRK 0.1% AMGN flat Health care shares were mainly unchanged in pre market trade on Monday. In health care stocks news, LivaNova ( LIVN ) said the U.S. Food"
LIVN,LIVN:UW,BBG009LGHGN2,LivaNova PLC Announces FDA Approval of Stented Heart Valve CROWN PRT™ for Aortic Valve Disease,2016-02-01 13:30:07 +0000,http://www.publicnow.com/view/DBE817EA6F6B9571CD70FEFD0784C964A46DDB85,"[at noodls] - , (GLOBE NEWSWIRE) -- (NASDAQ:LIVN) (LSE:LIVN) (the 'Company'), a global medical technology company and a leader in the treatment of cardiovascular diseases, today announced it has been granted approval ..."
LIVN,LIVN:UW,BBG009LGHGN2,LivaNova Receives Regulatory Approval in Japan for KORA 250,2016-01-28 13:22:07 +0000,http://www.publicnow.com/view/E07DE777F62B4F4F9FFC9018B7A2F9D61E922829,"[at noodls] - WORLD'S SMALLEST FULL BODY MRI CONDITIONAL PACING SYSTEM WITH ITS UNIQUE COMBINATION OF SMALL SIZE, EXTENDED LONGEVITY, AND PROPRIETARY TECHNOLOGIES DESIGNED TO IMPROVE PATIENT OUTCOMES, KORA 250 ENABLES ..."
LIVN,LIVN:UW,BBG009LGHGN2,LivaNova PLC Announces Management Change,2016-01-14 00:24:02 +0000,http://www.noodls.com/view/0584AE9B278EF450BF1E1E69637949F4774D61CB,"[at noodls] - , (GLOBE NEWSWIRE) -- (NASDAQ:LIVN) (LSE:LIVN) (the 'Company'), today announced a change to the leadership of the Neuromodulation Business Unit. Effective immediately, has been appointed President of the ..."
LIVN,LIVN:UW,BBG009LGHGN2,LivaNova PLC Announces Approval of Perceval,2016-01-11 14:18:04 +0000,http://www.noodls.com/view/16DBBCD6F80817EDEBFD5E9A24D9AD150C5DD284,"[at noodls] - , (GLOBE NEWSWIRE) -- (NASDAQ:LIVN) (LSE:LIVN) (the 'Company') announced that, on , the Company received approval from the ('FDA') for the Perceval Sutureless Heart Valve ('Perceval'). The approval is ..."
LIVN,LIVN:UW,BBG009LGHGN2,LivaNova PLC Provides Update on FDA Warning Letter,2016-01-05 19:40:05 +0000,http://www.noodls.com/view/B5EAD2311FC80403FCA4E399B2A2E9DC14ACAF1E,"[at noodls] - , (GLOBE NEWSWIRE) -- (NASDAQ:LIVN) (LSE:LIVN) (the 'Company') received a Warning Letter dated , from the ('FDA') alleging certain violations of regulations applicable to medical device manufacturers at ..."
LIVN,LIVN:UW,BBG009LGHGN2,LivaNova Announces Appointment of Corporate Broker,2015-12-09 14:46:25 +0000,http://www.noodls.com/view/3143AA3CD74D555210411FDDFBDEFD751CAFDC86,"[at noodls] - London, December 9, 2015 - LivaNova PLC (NASDAQ, LSE: LIVN, 'LivaNova' or the 'Company') today announced the appointment of Berenberg as Corporate Broker to the Company with immediate effect. ... This ..."
LIVN,LIVN:UW,BBG009LGHGN2,LivaNova to Webcast Presentations From Company's Investor and Analyst Meeting,2015-11-23 14:37:30 +0000,http://www.noodls.com/view/3AA93752320D5D42AF11DED9AEA27DBAF4BAF493,"[at noodls] - LONDON, Nov. 23, 2015 (GLOBE NEWSWIRE) -- LivaNova PLC (NASDAQ:LIVN) (LSE:LIVN) ('LivaNova' or the 'Company') today announced that it will provide a webcast of the presentations at its investor and analyst ..."
LIVN,LIVN:UW,BBG009LGHGN2,LivaNova to Present at Upcoming Investor Conferences,2015-11-20 14:28:21 +0000,http://www.noodls.com/view/2274DFCC08F06CA09051512F250A561CAEEF2E3F,"[at noodls] - LONDON, Nov. 20, 2015 (GLOBE NEWSWIRE) -- LivaNova PLC (NASDAQ:LIVN) (LSE:LIVN) ('LivaNova' or the 'Company') today announced it will participate in the following conferences. ... This is an abstract of ..."
LIVN,LIVN:UW,BBG009LGHGN2,Study Shows Sorin XTRA(TM) Autotransfusion System Achieves High Fat Removal Rate,2015-11-17 14:00:00 +0000,http://uk.finance.yahoo.com/news/study-shows-sorin-xtra-tm-140000116.html,Study Shows Sorin XTRA(TM) Autotransfusion System Achieves High Fat Removal Rate
LIVN,LIVN:UW,BBG009LGHGN2,LivaNova Announces the Launch of the PLATINIUM ICD & CRT-D Family Providing the World’s Longest Projected Longevity,2015-11-02 13:00:00 +0000,http://uk.finance.yahoo.com/news/livanova-announces-launch-platinium-icd-130000155.html,LivaNova Announces the Launch of the PLATINIUM ICD & CRT-D Family Providing the World’s Longest Projected Longevity
