RESULT_COUNT: 218,PAGE_SIZE: 10000,CURRENT_PAGE: 1,TOTAL_PAGES: 1,API_CALL_CREDITS: 1
TICKER,FIGI_TICKER,FIGI,TITLE,PUBLICATION_DATE,URL,SUMMARY
MMSI,MMSI:UW,BBG000C435Z4,"Merit Medical Systems, Inc. breached its 50 day moving average in a Bearish Manner : MMSI-US : October 20, 2017",2017-10-20 12:27:44 +0000,http://finance.yahoo.com/r/300aea9f-a074-359a-9caa-70c46a53b6b9/merit-medical-systems-inc-breached-its-50-day-moving-average-in-a-bearish-manner-mmsi-us-october-20-2017?yptr=yahoo&.tsrc=rss,"Categories:  ETFs Yahoo FinanceGet full CapitalCube analysis *Disclaimer : This is as of previous day’s closing price. Technical Indicators Below is a quick look at 5 technical indicators for Merit Medical Systems, Inc.. More studies are available on the Technical Chart. Indicator Signal Closing Price above/below 50 Day Moving Average Bearish Closing Price above/below 200 Day Moving Average ... Read more
<b>(Read more...)</b>"
MMSI,MMSI:UW,BBG000C435Z4,Stocks To Watch With Next EPS Report On Tap: Merit Medical Systems,2017-10-17 15:55:19 +0000,http://articlefeeds.nasdaq.com/~r/nasdaq/symbols/~3/vSjeT2c9hM8/stocks-to-watch-with-next-eps-report-on-tap-merit-medical-systems-cm860826,Merit Medical Systems MMSI is expected to report earnings on Oct 25 The stock is now trading right around the 42 70 buy point from a third stage flat base that it cleared earlier ibd display video id 2360792 width 50 float left autostart true Understand that buying
MMSI,MMSI:UW,BBG000C435Z4,See what the IHS Markit Score report has to say about Merit Medical Systems Inc.,2017-10-17 12:05:52 +0000,https://finance.yahoo.com/news/see-ihs-markit-score-report-120552161.html?.tsrc=rss,Merit Medical Systems Inc NASDAQ/NGS:MMSI
MMSI,MMSI:UW,BBG000C435Z4,See what the IHS Markit Score report has to say about Merit Medical Systems Inc.,2017-10-16 13:45:45 +0000,https://finance.yahoo.com/news/see-ihs-markit-score-report-134545483.html?.tsrc=rss,Merit Medical Systems Inc NASDAQ/NGS:MMSI
MMSI,MMSI:UW,BBG000C435Z4,"MiMedx Clears Key Benchmark, Hitting 80-Plus RS Rating",2017-10-13 15:15:37 +0000,http://articlefeeds.nasdaq.com/~r/nasdaq/symbols/~3/dhM3ZZBoVB4/mimedx-clears-key-benchmark-hitting-80-plus-rs-rating-cm859462,One important metric to look for in a stock is an 80 or higher Relative Strength Rating MiMedx MDXG cleared that benchmark Friday with a jump from 77 to 84 Friday ibd display video id 449419 width 50 float left autostart true IBD s proprietary RS Rating
MMSI,MMSI:UW,BBG000C435Z4,"Merit Medical Systems to Announce Third Quarter Results on October 25, 2017",2017-10-12 20:01:00 +0000,https://finance.yahoo.com/news/merit-medical-systems-announce-third-200100641.html?.tsrc=rss,"SOUTH JORDAN, Utah, Oct. 12, 2017-- Merit Medical Systems, Inc., a leading manufacturer and marketer of proprietary disposable devices used primarily in cardiology, radiology and endoscopy, announced today ..."
MMSI,MMSI:UW,BBG000C435Z4,Smith & Nephew Shows Improved Relative Price Performance; Still Shy Of Benchmark,2017-10-11 15:15:52 +0000,http://articlefeeds.nasdaq.com/~r/nasdaq/symbols/~3/tx09G23cGT0/smith-nephew-shows-improved-relative-price-performance-still-shy-of-benchmark-cm858229,The Relative Strength RS Rating for Smith amp Nephew SNN climbed into a new percentile Wednesday as it got a lift from 70 to 78 ibd display video id 449433 width 50 float left autostart true IBD s unique RS Rating identifies market leadership by using a
MMSI,MMSI:UW,BBG000C435Z4,Qiagen Trying To Close In On Key Technical Benchmark,2017-10-11 15:14:26 +0000,http://articlefeeds.nasdaq.com/~r/nasdaq/symbols/~3/HEPDjrCe-mM/qiagen-trying-to-close-in-on-key-technical-benchmark-cm858203,On Tuesday Qiagen QGEN earned an upgrade to its Relative Strength RS Rating from 67 to 74 ibd display video id 449423 width 50 float left autostart true IBD s proprietary RS Rating measures market leadership by using a 1 worst to 99 best score that
MMSI,MMSI:UW,BBG000C435Z4,Smith & Nephew Shows Improved Relative Price Performance; Still Shy Of Benchmark,2017-10-11 07:00:00 +0000,http://finance.yahoo.com/r/7a0bdcb6-3cf0-3521-a25b-2ae41c4eab11/smith-nephew-shows-improved-relative-price-performance-still-shy-of-benchmark?src=A00220&yptr=yahoo&.tsrc=rss,"Smith & Nephew shows rising price performance, earning an upgrade to its IBD Relative Strength Rating"
MMSI,MMSI:UW,BBG000C435Z4,Merit Medical Systems Trading Near Top Of Buy Zone With EPS On Deck,2017-10-10 15:17:40 +0000,http://articlefeeds.nasdaq.com/~r/nasdaq/symbols/~3/6s_YyCeG5i8/merit-medical-systems-trading-near-top-of-buy-zone-with-eps-on-deck-cm857617,Merit Medical Systems MMSI is trading within a buy range with its next earnings report expected on Oct 24 The stock is approximately 5 above a 42 70 buy point from a third stage flat base ibd display video id 2102289 width 50 float left autostart true
MMSI,MMSI:UW,BBG000C435Z4,Qiagen Trying To Close In On Key Technical Benchmark,2017-10-10 15:17:28 +0000,http://articlefeeds.nasdaq.com/~r/nasdaq/symbols/~3/6tj3P5hxyl8/qiagen-trying-to-close-in-on-key-technical-benchmark-cm857614,On Tuesday Qiagen QGEN got an upgrade to its Relative Strength RS Rating from 67 to 74 ibd display video id 2102289 width 50 float left autostart true IBD s unique RS Rating measures technical performance by using a 1 worst to 99 best score
MMSI,MMSI:UW,BBG000C435Z4,Merit Medical Systems Trading Near Top Of Buy Zone With EPS On Deck,2017-10-10 07:00:00 +0000,http://finance.yahoo.com/r/610f4166-09ba-3851-9f8a-bd3ea0e89d9b/merit-medical-systems-trading-near-top-of-buy-zone-with-eps-on-deck?src=A00220&yptr=yahoo&.tsrc=rss,"Merit Medical Systems[ticker symb=MMSI] is trading within a buy range with its next earnings report expected on Oct. 24. The stock is approximately 5% above a 42.70 buy point from a third-stage flat base. Understand that buying just before a stock reports can be risky, since an EPS or sales miss could send it sharply lower. You can minimize your..."
MMSI,MMSI:UW,BBG000C435Z4,"ETFs with exposure to Merit Medical Systems, Inc. : October 9, 2017",2017-10-09 15:47:46 +0000,http://finance.yahoo.com/r/5fa815f6-ddd8-3d99-8437-4d2803bcf775/etfs-with-exposure-to-merit-medical-systems-inc-october-9-2017?yptr=yahoo&.tsrc=rss,"Categories:  ETFs Yahoo FinanceClick here to see latest analysis ETFs with exposure to Merit Medical Systems, Inc. Here are 5 ETFs with the largest exposure to MMSI-US. Comparing the performance and risk of Merit Medical Systems, Inc. with the ETFs that have exposure to it gives us some ETF choices that could give us similar returns with lower ... Read more
<b>(Read more...)</b>"
MMSI,MMSI:UW,BBG000C435Z4,See what the IHS Markit Score report has to say about Merit Medical Systems Inc.,2017-10-09 12:07:03 +0000,https://finance.yahoo.com/news/see-ihs-markit-score-report-120703633.html?.tsrc=rss,Merit Medical Systems Inc NASDAQ/NGS:MMSI
MMSI,MMSI:UW,BBG000C435Z4,Insulet Shows Rising Price Performance With Jump To 91 RS Rating,2017-10-06 15:48:41 +0000,http://articlefeeds.nasdaq.com/~r/nasdaq/symbols/~3/zYu54tzQzRg/insulet-shows-rising-price-performance-with-jump-to-91-rs-rating-cm856359,On Friday Insulet PODD received a positive adjustment to its Relative Strength RS Rating from 88 to 91 ibd display video id 449433 width 50 float left autostart true This exclusive rating from Investor s Business Daily identifies market leadership with a
MMSI,MMSI:UW,BBG000C435Z4,"Merit Medical Systems, Inc. :MMSI-US: Earnings Analysis: Q2, 2017 By the Numbers : October 6, 2017",2017-10-06 13:13:11 +0000,http://finance.yahoo.com/r/0f60e6b4-7e42-3984-bd9b-e1283a6cf614/merit-medical-systems-inc-mmsi-us-earnings-analysis-q2-2017-by-the-numbers-october-6-2017?yptr=yahoo&.tsrc=rss,"Categories:  Yahoo FinanceGet free summary analysis Merit Medical Systems, Inc. reports financial results for the quarter ended June 30, 2017. We analyze the earnings along side the following peers of Merit Medical Systems, Inc. – AngioDynamics, Inc. and Medtronic plc (ANGO-US and MDT-US) that have also reported for this period. Highlights Summary numbers: Revenues of USD 186.51 ... Read more
<b>(Read more...)</b>"
MMSI,MMSI:UW,BBG000C435Z4,Stocks Showing Improved Relative Strength: Smith & Nephew,2017-10-05 14:54:49 +0000,http://articlefeeds.nasdaq.com/~r/nasdaq/symbols/~3/rqrJA-panjY/stocks-showing-improved-relative-strength-smith-nephew-cm855802,Smith amp Nephew SNN had its Relative Strength RS Rating upgraded from 68 to 73 Thursday a welcome improvement but still shy of the 80 or higher score you look for ibd display video id 449433 width 50 float left autostart true IBD s unique RS
MMSI,MMSI:UW,BBG000C435Z4,IBD Rating Upgrades: MiMedx Flashes Improved Relative Price Strength,2017-10-05 14:52:56 +0000,http://articlefeeds.nasdaq.com/~r/nasdaq/symbols/~3/ulr-oU2xcuI/ibd-rating-upgrades-mimedx-flashes-improved-relative-price-strength-cm855783,MiMedx MDXG had its Relative Strength RS Rating upgraded from 62 to 75 Thursday a welcome improvement but still below the 80 or higher score you look for ibd display video id 449433 width 50 float left autostart true This proprietary rating
MMSI,MMSI:UW,BBG000C435Z4,Stryker Shows Improved Relative Strength; Still Shy Of Benchmark,2017-10-05 14:52:17 +0000,http://articlefeeds.nasdaq.com/~r/nasdaq/symbols/~3/Fb689FUQiJ8/stryker-shows-improved-relative-strength-still-shy-of-benchmark-cm855775,The Relative Strength RS Rating for Stryker SYK climbed into a higher percentile Thursday as it got a lift from 68 to 71 ibd display video id 449419 width 50 float left autostart true IBD s unique RS Rating measures market leadership by using a 1 worst
MMSI,MMSI:UW,BBG000C435Z4,Why Are Top Fund Managers Buying This Breakout Medical Stock?,2017-10-04 20:23:37 +0000,http://finance.yahoo.com/r/3e586a35-89f5-325a-a038-a71cd9c63465/why-are-top-fund-managers-buying-this-breakout-medical-stock?src=A00220&yptr=yahoo&.tsrc=rss,"As top fund managers pick up shares, disposable medical device maker Merit Medical Systems jumps into a new buy zone."
MMSI,MMSI:UW,BBG000C435Z4,See what the IHS Markit Score report has to say about Merit Medical Systems Inc.,2017-10-03 12:06:39 +0000,https://finance.yahoo.com/news/see-ihs-markit-score-report-120639116.html?.tsrc=rss,Merit Medical Systems Inc NASDAQ/NGS:MMSI
MMSI,MMSI:UW,BBG000C435Z4,2 Top Stocks Break Out Today; A Third Sets Up To Move Higher,2017-10-02 17:01:24 +0000,http://finance.yahoo.com/r/48a99ea7-e7e4-340b-b94e-d2ffad98c9ed/2-top-stocks-break-out-today-third-sets-up-move-higher?src=A00220&yptr=yahoo&.tsrc=rss,"Two top stocks are breaking out today, while a third is hovering just off a potential buy point Monday."
MMSI,MMSI:UW,BBG000C435Z4,See what the IHS Markit Score report has to say about Merit Medical Systems Inc.,2017-10-02 12:06:20 +0000,https://finance.yahoo.com/news/see-ihs-markit-score-report-120620415.html?.tsrc=rss,Merit Medical Systems Inc NASDAQ/NGS:MMSI
MMSI,MMSI:UW,BBG000C435Z4,"Merit Medical Systems, Inc. breached its 50 day moving average in a Bullish Manner : MMSI-US : September 28, 2017",2017-09-28 12:17:38 +0000,http://finance.yahoo.com/r/aba66a35-e4bd-315a-8bed-fa5e3aaa8ab3/merit-medical-systems-inc-breached-its-50-day-moving-average-in-a-bullish-manner-mmsi-us-september-28-2017?yptr=yahoo&.tsrc=rss,"Categories:  ETFs Yahoo FinanceGet full CapitalCube analysis *Disclaimer : This is as of previous day’s closing price. Technical Indicators Below is a quick look at 5 technical indicators for Merit Medical Systems, Inc.. More studies are available on the Technical Chart. Indicator Signal Closing Price above/below 50 Day Moving Average Bullish Closing Price above/below 200 Day Moving Average ... Read more
<b>(Read more...)</b>"
MMSI,MMSI:UW,BBG000C435Z4,Young America Capital Successfully Assisted Pleuratech in Entering Into an Exclusive Worldwide License Agreement With Merit Medical,2017-09-13 22:00:00 +0000,https://finance.yahoo.com/news/young-america-capital-successfully-assisted-220000257.html?.tsrc=rss,"NEW YORK , Sept. 13, 2017 /PRNewswire/ --  Young America Capital (YAC) is pleased to announce that it has successfully assisted Pleuratech in entering an exclusive worldwide license agreement with Merit ..."
MMSI,MMSI:UW,BBG000C435Z4,Dental Faces Regulatory Challenges: Only 5 Stocks to Pick,2017-09-13 16:39:53 +0000,http://articlefeeds.nasdaq.com/~r/nasdaq/symbols/~3/_cjjnUSmKc8/dental-faces-regulatory-challenges-only-5-stocks-to-pick-cm845180,After Hurricane Irma exited following a lesser than estimated impact and North Korea stayed away from any further nuclear missile test the Wall Street got back its shine Furthermore Apple s AAPL annual consumer products event held on Sep 12 is expected to revive investor appetite in
MMSI,MMSI:UW,BBG000C435Z4,Dental Faces Regulatory Challenges: Only 5 Stocks to Pick,2017-09-13 14:33:02 +0000,https://finance.yahoo.com/news/dental-faces-regulatory-challenges-only-143302586.html?.tsrc=rss,"Owing to the adversities in the medical universe, market watchers have adopted a bearish stance toward the dental space. These are the only five dental stocks that are expected to beat the ongoing MedTech gloom."
MMSI,MMSI:UW,BBG000C435Z4,See what the IHS Markit Score report has to say about Merit Medical Systems Inc.,2017-09-12 12:08:21 +0000,https://finance.yahoo.com/news/see-ihs-markit-score-report-120821959.html?.tsrc=rss,Merit Medical Systems Inc NASDAQ/NGS:MMSI
MMSI,MMSI:UW,BBG000C435Z4,See what the IHS Markit Score report has to say about Merit Medical Systems Inc.,2017-09-11 14:12:04 +0000,https://finance.yahoo.com/news/see-ihs-markit-score-report-141204342.html?.tsrc=rss,Merit Medical Systems Inc NASDAQ/NGS:MMSI
MMSI,MMSI:UW,BBG000C435Z4,AbbVie Inc. (ABBV) in Focus: Stock Moves 6.1% Higher,2017-09-08 14:56:53 +0000,http://articlefeeds.nasdaq.com/~r/nasdaq/symbols/~3/ZPpLJswSfKo/abbvie-inc-abbv-in-focus-stock-moves-61-higher-cm842861,AbbVie Inc ABBV was a big mover last session as the company saw its shares rise more than 6 on the day The move came on solid volume too with far more shares changing hands than in a normal session This continues the recent uptrend for the company as the stock is now up 14 4 in the
MMSI,MMSI:UW,BBG000C435Z4,See what the IHS Markit Score report has to say about Merit Medical Systems Inc.,2017-09-04 12:06:54 +0000,https://finance.yahoo.com/news/see-ihs-markit-score-report-120654411.html?.tsrc=rss,Merit Medical Systems Inc NASDAQ/NGS:MMSI
MMSI,MMSI:UW,BBG000C435Z4,Weakness Seen in Aceto Corporation (ACET) Estimates: Should You Stay Away?,2017-08-31 14:56:23 +0000,http://articlefeeds.nasdaq.com/~r/nasdaq/symbols/~3/GW79NdjVYxM/weakness-seen-in-aceto-corporation-acet-estimates-should-you-stay-away-cm839681,Similar to wise buying decisions exiting certain underperformers at the right time helps maximize portfolio returns Selling off losers can be difficult but if both the share price and estimates are falling it could be time to get rid of the security before more losses hit your
MMSI,MMSI:UW,BBG000C435Z4,Merit Medical to Participate at Five Conferences,2017-08-29 13:29:00 +0000,https://finance.yahoo.com/news/merit-medical-participate-five-conferences-132900155.html?.tsrc=rss,"Wells Fargo– September 6 Credit Suisse– September 14 Cantor Fitzgerald– September 25 Barrington– September 27 Sidoti– September 28. SOUTH JORDAN, Utah, Aug. 29, 2017-- Merit Medical Systems, Inc., a leading ..."
MMSI,MMSI:UW,BBG000C435Z4,See what the IHS Markit Score report has to say about Merit Medical Systems Inc.,2017-08-22 12:06:19 +0000,https://finance.yahoo.com/news/see-ihs-markit-score-report-120619506.html?.tsrc=rss,Merit Medical Systems Inc NASDAQ/NGS:MMSI
MMSI,MMSI:UW,BBG000C435Z4,See what the IHS Markit Score report has to say about Merit Medical Systems Inc.,2017-08-21 12:06:36 +0000,https://finance.yahoo.com/news/see-ihs-markit-score-report-120636187.html?.tsrc=rss,Merit Medical Systems Inc NASDAQ/NGS:MMSI
MMSI,MMSI:UW,BBG000C435Z4,"Cramer Remix: This sell-off isn’t done, things could get ...",2017-08-17 23:11:00 +0000,https://finance.yahoo.com/video/cramer-remix-sell-off-isn-231100220.html?.tsrc=rss,Jim Cramer made sense of the recent sell-off in the market and warned investors that the worst isn’t over.
MMSI,MMSI:UW,BBG000C435Z4,Cramer's lightning round: I don't want to recommend any o...,2017-08-17 22:58:00 +0000,https://finance.yahoo.com/video/cramers-lightning-round-dont-want-225800133.html?.tsrc=rss,"Jim Cramer shares his take on callers' favorite stocks at lightning speed, including one oil name."
MMSI,MMSI:UW,BBG000C435Z4,Cramer&apos;s lightning round: I don&apos;t want to recommend any oil stocks right now,2017-08-17 22:48:48 +0000,https://finance.yahoo.com/news/cramer-apos-lightning-round-don-224848422.html?.tsrc=rss,"Jim Cramer shares his take on callers&apos; favorite stocks at lightning speed, including one oil name."
MMSI,MMSI:UW,BBG000C435Z4,Cramer's lightning round: I don't want to recommend any oil stocks right now,2017-08-17 22:48:48 +0000,http://finance.yahoo.com/r/c7b853b2-cf96-305e-b4d4-ea679963791a/104658803?__source=yahoo%7Cfinance%7Cheadline%7Cheadline%7Cstory&par=yahoo&doc=104658803&yptr=yahoo&.tsrc=rss,"Jim Cramer shares his take on callers' favorite stocks at lightning speed, including one oil name."
MMSI,MMSI:UW,BBG000C435Z4,See what the IHS Markit Score report has to say about Merit Medical Systems Inc.,2017-08-17 12:07:21 +0000,https://finance.yahoo.com/news/see-ihs-markit-score-report-120549651.html?.tsrc=rss,Merit Medical Systems Inc NASDAQ/NGS:MMSI
MMSI,MMSI:UW,BBG000C435Z4,Edited Transcript of MMSI earnings conference call or presentation 26-Jul-17 9:00pm GMT,2017-08-13 03:55:56 +0000,https://finance.yahoo.com/news/edited-transcript-mmsi-earnings-conference-043404435.html?.tsrc=rss,Q2 2017 Merit Medical Systems Inc Earnings Call
MMSI,MMSI:UW,BBG000C435Z4,Merit Medical to Participate at Three Conferences,2017-07-31 13:29:00 +0000,https://finance.yahoo.com/news/merit-medical-participate-three-conferences-132900448.html?.tsrc=rss,"Needham– August 8 Canaccord Genuity– August 9 Wedbush– August 16. SOUTH JORDAN, Utah, July 31, 2017-- Merit Medical Systems, Inc., a leading manufacturer and marketer of proprietary disposable devices ..."
MMSI,MMSI:UW,BBG000C435Z4,Merit Medical Systems (MMSI) Worth a Look: Stock Gains 7.7%,2017-07-28 14:04:00 +0000,http://articlefeeds.nasdaq.com/~r/nasdaq/symbols/~3/JOagKriczt4/merit-medical-systems-mmsi-worth-a-look-stock-gains-77-cm823059,Merit Medical Systems Inc MMSI was a big mover last session as the company saw its shares rise almost 8 on the day The upside was driven by the company s integration of the Argon critical care business and Catheter Connections assets Also this led to far more shares changing hands than
MMSI,MMSI:UW,BBG000C435Z4,Merit Medical Systems (MMSI) Worth a Look: Stock Gains 7.7%,2017-07-28 12:20:12 +0000,https://finance.yahoo.com/news/merit-medical-systems-mmsi-worth-122012510.html?.tsrc=rss,"Merit Medical Systems, Inc. (MMSI) shares rose almost 8% in the last trading session."
MMSI,MMSI:UW,BBG000C435Z4,Merit Medical tops Street 2Q forecasts,2017-07-28 03:46:33 +0000,https://finance.yahoo.com/news/merit-medical-tops-street-2q-090158916.html?.tsrc=rss,"On a per-share basis, the South Jordan, Utah-based company said it had profit of 19 cents. Earnings, adjusted for amortization costs and non-recurring costs, were 36 cents per share. The results topped ..."
MMSI,MMSI:UW,BBG000C435Z4,"Gainers & Losers Of July 27: CAPR, ANIK, MMSI, AZN, TTPH, AGEN...",2017-07-27 21:40:00 +0000,http://articlefeeds.nasdaq.com/~r/nasdaq/symbols/~3/weHpLacVIZ0/gainers--losers-of-july-27-capr-anik-mmsi-azn-ttph-agen-20170727-02498,"Gainers & Losers Of July 27: CAPR, ANIK, MMSI, AZN, TTPH, AGEN..."
MMSI,MMSI:UW,BBG000C435Z4,"Merit Medical Reports Record Revenue and Non-GAAP Net Income* for Second Quarter 2017, Raises 2017 Guidance and Gives Preliminary 2018-2019 Guidance",2017-07-26 20:01:00 +0000,https://finance.yahoo.com/news/merit-medical-reports-record-revenue-200100272.html?.tsrc=rss,"Q2 2017 worldwide revenue of $186.5 million, up 23.5% as reported over Q2 2016 YTD 2017 worldwide revenue of $357.6 million, up 23.7% as reported over the same period in 2016 Q2 2017 core revenue* up 9.3% ..."
MMSI,MMSI:UW,BBG000C435Z4,"Investor Network: Merit Medical Systems, Inc. to Host Earnings Call",2017-07-26 13:55:00 +0000,https://finance.yahoo.com/news/investor-network-merit-medical-systems-135500946.html?.tsrc=rss,"NEW YORK, NY / ACCESSWIRE / July 26, 2017 / Merit Medical Systems, Inc. (NASDAQ: MMSI ) will be discussing their earnings results in their Q2 Earnings Call to be held on Wednesday, July 26, 2017 at 5:00 ..."
MMSI,MMSI:UW,BBG000C435Z4,"Merit Medical Systems to Announce Second Quarter Results on July 26, 2017",2017-07-10 13:29:00 +0000,https://finance.yahoo.com/news/merit-medical-systems-announce-second-132900690.html?.tsrc=rss,"SOUTH JORDAN, Utah, July 10, 2017-- Merit Medical Systems, Inc., a leading manufacturer and marketer of proprietary disposable devices used primarily in cardiology, radiology and endoscopy, announced today ..."
MMSI,MMSI:UW,BBG000C435Z4,"ETFs with exposure to Merit Medical Systems, Inc. : July 7, 2017",2017-07-07 19:11:20 +0000,http://finance.yahoo.com/r/36cf53f6-ae50-3aad-ac74-d9858229737c/etfs-with-exposure-to-merit-medical-systems-inc-july-7-2017?yptr=yahoo&.tsrc=rss,"Categories:  ETFs Yahoo FinanceClick here to see latest analysis ETFs with exposure to Merit Medical Systems, Inc. Here are 5 ETFs with the largest exposure to MMSI-US. Comparing the performance and risk of Merit Medical Systems, Inc. with the ETFs that have exposure to it gives us some ETF choices that could give us similar returns with lower ... Read more
<b>(Read more...)</b>"
MMSI,MMSI:UW,BBG000C435Z4,Merit Medical Embosphere Gets FDA de novo Classification,2017-06-26 15:54:52 +0000,http://articlefeeds.nasdaq.com/~r/nasdaq/symbols/~3/7czH7tzVt3g/merit-medical-embosphere-gets-fda-de-novo-classification-cm808127,Leading manufacturer and marketer of proprietary disposable devices Merit Medical Systems Inc MMSI recently announced the receipt of 513 f 2 de novo classification for Embosphere Microspheres from the FDA to expand its indication in the prostatic artery embolization PAE space
MMSI,MMSI:UW,BBG000C435Z4,Merit Medical Embosphere Gets FDA de novo Classification,2017-06-26 13:17:01 +0000,https://finance.yahoo.com/news/merit-medical-embosphere-gets-fda-131701326.html?.tsrc=rss,"Merit Medical Systems, Inc. (MMSI) recently announced the receipt of 513(f)(2) (de novo) classification for Embosphere Microspheres from the FDA to expand its indication in the prostatic artery embolization (PAE) space."
MMSI,MMSI:UW,BBG000C435Z4,Merit Medical’s Embosphere® Microspheres Receive FDA 513(f)(2) (de novo) Classification for Prostatic Artery Embolization Indication,2017-06-22 13:29:00 +0000,https://finance.yahoo.com/news/merit-medical-embosphere-microspheres-receive-132900908.html?.tsrc=rss,"SOUTH JORDAN, Utah, June 22, 2017-- Merit Medical Systems, Inc., a leading manufacturer and marketer of proprietary disposable devices used in interventional, diagnostic and therapeutic procedures, particularly ..."
MMSI,MMSI:UW,BBG000C435Z4,"ETFs with exposure to Merit Medical Systems, Inc. : June 19, 2017",2017-06-19 19:43:29 +0000,http://finance.yahoo.com/r/0a99c256-48d6-3360-8b4c-bbbc796b9030/etfs-with-exposure-to-merit-medical-systems-inc-june-19-2017?yptr=yahoo&.tsrc=rss,"Categories:  ETFs Yahoo FinanceClick here to see latest analysis ETFs with exposure to Merit Medical Systems, Inc. Here are 5 ETFs with the largest exposure to MMSI-US. Comparing the performance and risk of Merit Medical Systems, Inc. with the ETFs that have exposure to it gives us some ETF choices that could give us similar returns with lower ... Read more
<b>(Read more...)</b>"
MMSI,MMSI:UW,BBG000C435Z4,"Merit Medical Systems, Inc. :MMSI-US: Earnings Analysis: Q1, 2017 By the Numbers : June 16, 2017",2017-06-16 15:55:36 +0000,http://finance.yahoo.com/r/2346d232-5b4e-35f5-afea-d83ecf90765f/merit-medical-systems-inc-mmsi-us-earnings-analysis-q1-2017-by-the-numbers-june-16-2017?yptr=yahoo&.tsrc=rss,"Categories:  Yahoo FinanceGet free summary analysis Merit Medical Systems, Inc. reports financial results for the quarter ended March 31, 2017. We analyze the earnings along side the following peers of Merit Medical Systems, Inc. – Edwards Lifesciences Corporation, Boston Scientific Corporation, ICU Medical, Inc., C. R. Bard, Inc., Teleflex Incorporated, Medtronic plc and Johnson & Johnson (EW-US, ... Read more
<b>(Read more...)</b>"
MMSI,MMSI:UW,BBG000C435Z4,Merit Medical Announces Appointment of New Director,2017-05-26 13:29:00 +0000,https://finance.yahoo.com/news/merit-medical-announces-appointment-director-132900031.html?.tsrc=rss,"SOUTH JORDAN, Utah, May 26, 2017-- Merit Medical Systems, Inc., a leading manufacturer and marketer of proprietary disposable medical devices used in interventional, diagnostic and therapeutic procedures, ..."
MMSI,MMSI:UW,BBG000C435Z4,"Stocks To Buy And Watch: Top IPOs, Big And Small Caps, Growth Stocks",2017-05-23 21:10:05 +0000,http://finance.yahoo.com/r/6c5668d6-05c3-37a6-8af6-c6146e6b299b/stocks-to-watch-top-rated-ipos-big-caps-and-growth-stocks?src=A00220&yptr=yahoo&.tsrc=rss,Build and maintain your watch list with the latest news and analysis of the market&apos;s top-rated growth stocks.
MMSI,MMSI:UW,BBG000C435Z4,Edited Transcript of MMSI earnings conference call or presentation 27-Apr-17 9:00pm GMT,2017-05-12 00:36:09 +0000,http://finance.yahoo.com/news/edited-transcript-mmsi-earnings-conference-055636226.html?.tsrc=rss,Q1 2017 Merit Medical Systems Inc Earnings Call
MMSI,MMSI:UW,BBG000C435Z4,Merit Medical to Participate at Three Conferences,2017-05-03 13:29:00 +0000,http://finance.yahoo.com/news/merit-medical-participate-three-conferences-132900250.html?.tsrc=rss,"Bank of America Merrill Lynch– May 17-18 UBS– May 22 Craig-Hallum– May 31. SOUTH JORDAN, Utah, May 03, 2017-- Merit Medical Systems, Inc., a leading manufacturer and marketer of proprietary disposable ..."
MMSI,MMSI:UW,BBG000C435Z4,"Health Care Sector Update for 04/28/2017: MMSI,TVTY,CRMD",2017-04-28 20:26:34 +0000,http://articlefeeds.nasdaq.com/~r/nasdaq/symbols/~3/WvtmaGvMhmQ/health-care-sector-update-for-04282017-mmsitvtycrmd-cm781441,Top Health Care StocksTop Health Care Stocks JNJ 0 27 JNJ 0 27 PFE 0 06 PFE 0 06 MRK 0 02 MRK 0 02 ABT 0 50 ABT 0 50 AMGN 0 23 AMGN 0 23 Health care stocks were little changed in recent trade with the NYSE Health Care Index falling less than 0 1 although shares of health
MMSI,MMSI:UW,BBG000C435Z4,Merit Medical beats 1Q profit forecasts,2017-04-27 21:48:29 +0000,http://finance.yahoo.com/news/merit-medical-beats-1q-profit-214829346.html?.tsrc=rss,"The South Jordan, Utah-based company said it had profit of 32 cents per share. Earnings, adjusted for one-time gains and costs, were 28 cents per share. The results exceeded Wall Street expectations. The ..."
MMSI,MMSI:UW,BBG000C435Z4,Merit Medical Reports Results for First Quarter of 2017,2017-04-27 20:01:00 +0000,http://finance.yahoo.com/news/merit-medical-reports-results-first-200100741.html?.tsrc=rss,"Q1 worldwide revenue of $171.1 million, up 23.9% as reported over Q1 2016 Q1 2017 core revenue* up 11.7% over Q1 2016 core revenue* Q1 2017 GAAP EPS was $0.32, compared to $0.10 in Q1 2016; Q1 2017 non-GAAP ..."
MMSI,MMSI:UW,BBG000C435Z4,"Investor Network: Merit Medical Systems, Inc. to Host Earnings Call",2017-04-27 18:10:00 +0000,http://finance.yahoo.com/news/investor-network-merit-medical-systems-181000598.html?.tsrc=rss,"NEW YORK, NY / ACCESSWIRE / April 27, 2017 / Merit Medical Systems, Inc. (NASDAQ: MMSI) will be discussing their earnings results in their Q1 Earnings Call to be held April 27, 2017 at 5:00 PM Eastern ..."
MMSI,MMSI:UW,BBG000C435Z4,"Merit Medical Systems, Inc. – Value Analysis (NASDAQ:MMSI) : April 26, 2017",2017-04-26 20:19:39 +0000,http://finance.yahoo.com/r/4ba90a9c-d902-30e7-8f9c-82d184105b58/merit-medical-systems-inc-value-analysis-nasdaqmmsi-april-26-2017?yptr=yahoo&.tsrc=rss,"Categories:  Fundamental Analysis Yahoo FinanceClick here to see latest analysis Capitalcube gives Merit Medical Systems, Inc. a score of 41. Our analysis is based on comparing Merit Medical Systems, Inc. with the following peers – Edwards Lifesciences Corporation, Boston Scientific Corporation, ICU Medical, Inc., AngioDynamics, Inc., C. R. Bard, Inc., Teleflex Incorporated, Medtronic plc and Johnson & Johnson (EW-US, ... Read more
<b>(Read more...)</b>"
MMSI,MMSI:UW,BBG000C435Z4,"Merit Medical Systems, Inc. breached its 50 day moving average in a Bullish Manner : MMSI-US : April 25, 2017",2017-04-25 13:01:09 +0000,http://finance.yahoo.com/r/99cc56bf-595e-321c-a084-bce99df11e1f/merit-medical-systems-inc-breached-its-50-day-moving-average-in-a-bullish-manner-mmsi-us-april-25-2017?yptr=yahoo&.tsrc=rss,"Categories:  ETFs Yahoo FinanceClick here to see latest analysis *Disclaimer : This is as of previous day’s closing price. Technical Indicators Below is a quick look at 5 technical indicators for Merit Medical Systems, Inc.. More studies are available on the Technical Chart. Indicator Signal Closing Price above/below 50 Day Moving Average Bullish Closing Price above/below 200 Day ... Read more
<b>(Read more...)</b>"
MMSI,MMSI:UW,BBG000C435Z4,[$$] Evercore ISI Sees 20% Upside in Salesforce.com,2017-04-08 04:02:00 +0000,http://finance.yahoo.com/r/d11dda4b-19ac-3241-8bdb-9509c33d7afe/evercore-isi-sees-20-upside-in-salesforce-com-1491624162?mod=yahoobarrons&ru=yahoo&yptr=yahoo&.tsrc=rss,"Salesforce.com • CRM-NYSE  Outperform • Price $82.97 on April 5  by Evercore ISI  Yesterday, in Washington, D.C., a stop on the Salesforce world tour, we had the opportunity to meet with some of the cloud-computing company’s key managers.…Not surprisingly, they spent a significant amount of time on how they are thinking about the trade-off between revenue growth and margin expansion.  While revenue growth remains the No. 1 priority, Salesforce understands it also needs to “feed the bear”—that is, deliver operating-margin expansion and cash-flow growth.  In our view, the table is set for Salesforce to grow to $20 billion in annual revenue over the next four years."
MMSI,MMSI:UW,BBG000C435Z4,"Merit Medical Systems, Inc. breached its 50 day moving average in a Bearish Manner : MMSI-US : April 5, 2017",2017-04-05 12:23:47 +0000,http://finance.yahoo.com/r/b3e229d7-9652-3b26-b0b9-23c1ca832713/merit-medical-systems-inc-breached-its-50-day-moving-average-in-a-bearish-manner-mmsi-us-april-5-2017?yptr=yahoo&.tsrc=rss,"Categories:  ETFs Yahoo FinanceClick here to see latest analysis *Disclaimer : This is as of previous day’s closing price. Technical Indicators Below is a quick look at 5 technical indicators for Merit Medical Systems, Inc.. More studies are available on the Technical Chart. Indicator Signal Closing Price above/below 50 Day Moving Average Bearish Closing Price above/below 200 Day ... Read more
<b>(Read more...)</b>"
MMSI,MMSI:UW,BBG000C435Z4,"Merit Medical Systems to Announce First Quarter Results on April 27, 2017",2017-04-04 13:29:00 +0000,http://finance.yahoo.com/news/merit-medical-systems-announce-first-132900620.html?.tsrc=rss,"SOUTH JORDAN, Utah, April 04, 2017-- Merit Medical Systems, Inc., a leading manufacturer and marketer of proprietary disposable devices used primarily in cardiology, radiology and endoscopy, announced ..."
MMSI,MMSI:UW,BBG000C435Z4,Top Ranked Momentum Stocks to Buy for March 30th,2017-03-30 18:00:55 +0000,http://articlefeeds.nasdaq.com/~r/nasdaq/symbols/~3/F8fB-2RDpVk/top-ranked-momentum-stocks-to-buy-for-march-30th-cm767924,Here are four stocks with buy rank and strong momentum characteristics for investors to consider today March 30th Imprimis Pharmaceuticals Inc IMMY This pharmaceutical companyhas a Zacks Rank 2 Buy and witnessedthe Zacks Consensus Estimate for its current year earnings rising 10
MMSI,MMSI:UW,BBG000C435Z4,Merit Medical (MMSI) Closes 5.2M Follow-On Share Offering,2017-03-30 16:59:22 +0000,http://articlefeeds.nasdaq.com/~r/nasdaq/symbols/~3/FBroa5PKT4Q/merit-medical-mmsi-closes-52m-follow-on-share-offering-cm767828,Leading manufacturer and marketer of proprietary disposable devices Merit Medical Systems Inc MMSI announced that it has closed its follow on public offering of 5 2 million shares of common stock at 28 25 per share The price performance of Merit Medical has lately been encouraging
MMSI,MMSI:UW,BBG000C435Z4,Top Ranked Momentum Stocks to Buy for March 30th,2017-03-30 15:15:03 +0000,http://finance.yahoo.com/news/top-ranked-momentum-stocks-buy-151503156.html,Top Ranked Momentum Stocks to Buy for March 30th
MMSI,MMSI:UW,BBG000C435Z4,Top Ranked Momentum Stocks to Buy for March 30th,2017-03-30 15:15:03 +0000,http://finance.yahoo.com/news/top-ranked-momentum-stocks-buy-151503156.html?.tsrc=rss,Top Ranked Momentum Stocks to Buy for March 30th
MMSI,MMSI:UW,BBG000C435Z4,Merit Medical (MMSI) Closes 5.2M Follow-On Share Offering,2017-03-30 15:14:03 +0000,http://finance.yahoo.com/news/merit-medical-mmsi-closes-5-151403223.html,Merit Medical (MMSI) Closes 5.2M Follow-On Share Offering
MMSI,MMSI:UW,BBG000C435Z4,Merit Medical (MMSI) Closes 5.2M Follow-On Share Offering,2017-03-30 15:14:03 +0000,http://finance.yahoo.com/news/merit-medical-mmsi-closes-5-151403223.html?.tsrc=rss,"Merit Medical Systems, Inc. (MMSI) announced that it has closed its follow-on public offering of 5.2 million shares of common stock at $28.25 per share."
MMSI,MMSI:UW,BBG000C435Z4,Merit Medical to Participate at Needham Healthcare Conference,2017-03-30 13:29:00 +0000,http://finance.yahoo.com/news/merit-medical-participate-needham-healthcare-132900884.html,"[GlobeNewswire] - SOUTH JORDAN, Utah, March 30, 2017-- Merit Medical Systems, Inc., a leading manufacturer and marketer of proprietary disposable devices used primarily in cardiology, radiology and endoscopy, today announced ..."
MMSI,MMSI:UW,BBG000C435Z4,Merit Medical to Participate at Needham Healthcare Conference,2017-03-30 13:29:00 +0000,http://finance.yahoo.com/news/merit-medical-participate-needham-healthcare-132900884.html?.tsrc=rss,"SOUTH JORDAN, Utah, March 30, 2017-- Merit Medical Systems, Inc., a leading manufacturer and marketer of proprietary disposable devices used primarily in cardiology, radiology and endoscopy, today announced ..."
MMSI,MMSI:UW,BBG000C435Z4,Merit Medical Announces Closing of Public Offering of Common Stock,2017-03-29 20:01:00 +0000,http://finance.yahoo.com/news/merit-medical-announces-closing-public-200100205.html?.tsrc=rss,"SOUTH JORDAN, Utah, March 29, 2017-- Merit Medical Systems, Inc., a leading manufacturer and marketer of proprietary disposable devices used in interventional, diagnostic and therapeutic procedures, particularly ..."
MMSI,MMSI:UW,BBG000C435Z4,Merit Medical Announces Closing of Public Offering of Common Stock,2017-03-29 20:01:00 +0000,http://finance.yahoo.com/news/merit-medical-announces-closing-public-200100205.html,"[GlobeNewswire] - SOUTH JORDAN, Utah, March 29, 2017-- Merit Medical Systems, Inc., a leading manufacturer and marketer of proprietary disposable devices used in interventional, diagnostic and therapeutic procedures, particularly ..."
MMSI,MMSI:UW,BBG000C435Z4,"MERIT MEDICAL SYSTEMS INC Files SEC form 8-K, Entry into a Material Definitive Agreement, Other Events, Financial Sta",2017-03-28 20:32:18 +0000,http://biz.yahoo.com/e/170328/mmsi8-k.html,"MERIT MEDICAL SYSTEMS INC Files SEC form 8-K, Entry into a Material Definitive Agreement, Other Events, Financial Sta"
MMSI,MMSI:UW,BBG000C435Z4,Merit Medical Announces Full Exercise of Option to Purchase Additional Common Stock,2017-03-27 13:29:00 +0000,http://finance.yahoo.com/news/merit-medical-announces-full-exercise-132900046.html?.tsrc=rss,"SOUTH JORDAN, Utah, March 27, 2017-- Merit Medical Systems, Inc., a leading manufacturer and marketer of proprietary disposable devices used in interventional, diagnostic and therapeutic procedures, particularly ..."
MMSI,MMSI:UW,BBG000C435Z4,Merit Medical Announces Full Exercise of Option to Purchase Additional Common Stock,2017-03-27 13:29:00 +0000,http://finance.yahoo.com/news/merit-medical-announces-full-exercise-132900046.html,"[GlobeNewswire] - SOUTH JORDAN, Utah, March 27, 2017-- Merit Medical Systems, Inc., a leading manufacturer and marketer of proprietary disposable devices used in interventional, diagnostic and therapeutic procedures, particularly ..."
MMSI,MMSI:UW,BBG000C435Z4,3:32 am Merit Medical prices offering of 4.5 mln shares of common stock at $28.25 per share,2017-03-24 07:32:00 +0000,http://finance.yahoo.com/news/inplay-briefing-com-055139997.html#mmsi,3:32 am Merit Medical prices offering of 4.5 mln shares of common stock at $28.25 per share
MMSI,MMSI:UW,BBG000C435Z4,Merit Medical (MMSI) Prices 4.5M Follow-On Share Offering,2017-03-23 18:59:24 +0000,http://articlefeeds.nasdaq.com/~r/nasdaq/symbols/~3/xCeJtjkPAuE/merit-medical-mmsi-prices-45m-follow-on-share-offering-cm764839,Leading manufacturer and marketer of proprietary disposable devices Merit Medical Systems Inc MMSI announced that it has priced its follow on public offering of 4 5 million shares of common stock at 28 25 per share The price performance of Merit Medical has been encouraging of late
MMSI,MMSI:UW,BBG000C435Z4,Merit Medical (MMSI) Prices 4.5M Follow-On Share Offering,2017-03-23 16:26:04 +0000,http://finance.yahoo.com/news/merit-medical-mmsi-prices-4-162604430.html,Merit Medical (MMSI) Prices 4.5M Follow-On Share Offering
MMSI,MMSI:UW,BBG000C435Z4,"Pre-Market Most Active for Mar 23, 2017 :  AMH, MT, SMFG, SNAP, FEYE, BAC, FTI, VOD, HTGM, QQQ, MMSI, XIV",2017-03-23 12:58:37 +0000,http://articlefeeds.nasdaq.com/~r/nasdaq/symbols/~3/3F3xDTi0to8/pre-market-most-active-for-mar-23-2017-amh-mt-smfg-snap-feye-bac-fti-vod-htgm-qqq-mmsi-xiv-cm764529,The NASDAQ 100 Pre Market Indicator is up 1 21 to 5 368 76 The total Pre Market volume is currently 6 142 644 shares traded The following are the most active stocks for the pre market session American Homes 4 Rent AMH is 0 21 at 23 02 with 1 085 891 shares
MMSI,MMSI:UW,BBG000C435Z4,Merit Medical Announces Pricing of Public Offering of Common Stock,2017-03-23 00:00:00 +0000,http://finance.yahoo.com/news/merit-medical-announces-pricing-public-000000553.html?.tsrc=rss,"SOUTH JORDAN, Utah, March 22, 2017-- Merit Medical Systems, Inc., a leading manufacturer and marketer of proprietary disposable devices used in interventional, diagnostic and therapeutic procedures, particularly ..."
MMSI,MMSI:UW,BBG000C435Z4,Merit Medical Announces Pricing of Public Offering of Common Stock,2017-03-23 00:00:00 +0000,http://finance.yahoo.com/news/merit-medical-announces-pricing-public-000000553.html,"[GlobeNewswire] - SOUTH JORDAN, Utah, March 22, 2017-- Merit Medical Systems, Inc., a leading manufacturer and marketer of proprietary disposable devices used in interventional, diagnostic and therapeutic procedures, particularly ..."
MMSI,MMSI:UW,BBG000C435Z4,Merit Medical (MMSI) to Refinance Debt via Share Offering,2017-03-21 17:08:41 +0000,http://articlefeeds.nasdaq.com/~r/nasdaq/symbols/~3/tIvSnwiM8n0/merit-medical-mmsi-to-refinance-debt-via-share-offering-cm763589,South Jordan UT based Merit Medical Systems Inc MMSI announced that it has commenced a follow on public offering of its common stock The company expects to use the proceeds from the offering to repay debt under its existing credit facility Stock Performance The price performance
MMSI,MMSI:UW,BBG000C435Z4,Merit Medical (MMSI) to Refinance Debt via Share Offering,2017-03-21 15:02:03 +0000,http://finance.yahoo.com/news/merit-medical-mmsi-refinance-debt-150203021.html?.tsrc=rss,"Merit Medical Systems, Inc. (MMSI) announced that it has commenced a follow on public offering of its common stock."
MMSI,MMSI:UW,BBG000C435Z4,Merit Medical (MMSI) to Refinance Debt via Share Offering,2017-03-21 15:02:03 +0000,http://finance.yahoo.com/news/merit-medical-mmsi-refinance-debt-150203021.html,Merit Medical (MMSI) to Refinance Debt via Share Offering
MMSI,MMSI:UW,BBG000C435Z4,"After-hours buzz: ESPR, NKTR, MMSI & more",2017-03-20 22:21:38 +0000,http://finance.yahoo.com/r/dd39bb05-0e73-3290-aa16-e97aac00b7d5/104353272?__source=yahoo%7Cfinance%7Cheadline%7Cheadline%7Cstory&par=yahoo&doc=104353272&yptr=yahoo&.tsrc=rss,See which stocks are posting big moves after the bell.
MMSI,MMSI:UW,BBG000C435Z4,"MERIT MEDICAL SYSTEMS INC Files SEC form 8-K, Entry into a Material Definitive Agreement, Creation of a Direct Financ",2017-03-20 21:32:11 +0000,http://biz.yahoo.com/e/170320/mmsi8-k.html,"MERIT MEDICAL SYSTEMS INC Files SEC form 8-K, Entry into a Material Definitive Agreement, Creation of a Direct Financ"
MMSI,MMSI:UW,BBG000C435Z4,Merit Medical Announces Commencement of Public Offering of Common Stock,2017-03-20 20:01:00 +0000,http://finance.yahoo.com/news/merit-medical-announces-commencement-public-200100499.html?.tsrc=rss,"SOUTH JORDAN, Utah, March 20, 2017-- Merit Medical Systems, Inc., a leading manufacturer and marketer of proprietary disposable devices used in interventional, diagnostic and therapeutic procedures, particularly ..."
MMSI,MMSI:UW,BBG000C435Z4,Merit Medical Announces Commencement of Public Offering of Common Stock,2017-03-20 20:01:00 +0000,http://finance.yahoo.com/news/merit-medical-announces-commencement-public-200100499.html,"[GlobeNewswire] - SOUTH JORDAN, Utah, March 20, 2017-- Merit Medical Systems, Inc., a leading manufacturer and marketer of proprietary disposable devices used in interventional, diagnostic and therapeutic procedures, particularly ..."
MMSI,MMSI:UW,BBG000C435Z4,SA medical technology company lands major European deal,2017-03-08 14:48:03 +0000,http://finance.yahoo.com/r/fb7ca819-9721-33e1-b480-858246dafb5c/sa-medical-technology-company-lands-major-european.html?ana=yahoo&yptr=yahoo&.tsrc=rss,"Bluegrass Vascular Technologies, a private medical technology company that relocated its headquarters from Lexington, Kentucky, to San Antonio in 2014, has entered into a strategic relationship with Merit Medical Systems.  The new deal with Utah-based Merit will give Bluegrass Vascular streamlined distribution of its Surfacer Inside-Out Access Catheter System in Europe and is also expected to provide funding to support efforts to secure U.S. federal regulatory approval for its initial device.  The Surfacer Inside-Out Access Catheter System provides what Bluegrass Vascular officials have described as reliable, efficient and repeatable central venous access to the right internal jugular vein — the optimal location for placing a central venous catheter."
MMSI,MMSI:UW,BBG000C435Z4,SA medical technology company lands major European deal,2017-03-08 14:48:03 +0000,http://www.bizjournals.com/sanantonio/news/2017/03/06/sa-medical-technology-company-lands-major-european.html?ana=yahoo,SA medical technology company lands major European deal
MMSI,MMSI:UW,BBG000C435Z4,MERIT MEDICAL SYSTEMS INC Financials,2017-03-07 18:04:15 +0000,http://finance.yahoo.com/q/is?s=mmsi,MERIT MEDICAL SYSTEMS INC Financials
MMSI,MMSI:UW,BBG000C435Z4,"MERIT MEDICAL SYSTEMS INC Files SEC form 10-K, Annual Report",2017-03-01 21:40:37 +0000,http://biz.yahoo.com/e/170301/mmsi10-k.html,"MERIT MEDICAL SYSTEMS INC Files SEC form 10-K, Annual Report"
MMSI,MMSI:UW,BBG000C435Z4,"[$$] Home Depot Looks Fit, UPS Looks Squeezed",2017-02-25 05:25:00 +0000,http://www.barrons.com/articles/home-depot-looks-fit-ups-looks-squeezed-1488000337?mod=yahoobarrons&ru=yahoo,"[$$] Home Depot Looks Fit, UPS Looks Squeezed"
MMSI,MMSI:UW,BBG000C435Z4,"[$$] Home Depot Looks Fit, UPS Looks Squeezed",2017-02-25 05:25:00 +0000,http://finance.yahoo.com/r/a512b622-4c49-31b3-a83b-2f58f9026148/home-depot-looks-fit-ups-looks-squeezed-1488000337?mod=yahoobarrons&ru=yahoo&yptr=yahoo&.tsrc=rss,"While potentially a negative in terms of capital deployment and expenses, the objections sometimes raised by the CCAR may not be as bad as some perceive, and a bank that fails qualitatively should still be able to deploy capital at the prior year’s level.  Accordingly, if WFC’s above-peer return on equity is intact, we believe the stock can regain its premium valuation, and merit its Buy rating.  Home Depot • HD-NYSE  Outperform • Price $145.02 on Feb. 21  by Credit Suisse  The house building, furnishing, renovation, and maintenance supplier to homeowners and professionals reported strong fourth-quarter results."
MMSI,MMSI:UW,BBG000C435Z4,"MERIT MEDICAL SYSTEMS INC Files SEC form 8-K/A, Financial Statements and Exhibits",2017-02-24 21:24:23 +0000,http://biz.yahoo.com/e/170224/mmsi8-k_a.html,"MERIT MEDICAL SYSTEMS INC Files SEC form 8-K/A, Financial Statements and Exhibits"
MMSI,MMSI:UW,BBG000C435Z4,"Merit Medical Systems, Inc. :MMSI-US: Earnings Analysis: 2016 By the Numbers : February 23, 2017",2017-02-23 17:31:34 +0000,http://finance.yahoo.com/r/f4760507-4517-3b18-9e22-079ad5758c22/merit-medical-systems-inc-mmsi-us-earnings-analysis-2016-by-the-numbers-february-23-2017?yptr=yahoo&.tsrc=rss,"Categories:   Yahoo Finance Get free summary analysis Merit Medical Systems, Inc. reports financial results for the year ended December 31, 2016. We analyze the earnings along side the following peers of Merit Medical Systems, Inc. – Edwards Lifesciences Corporation, Boston Scientific Corporation, AngioDynamics, Inc., C. R. Bard, Inc., Medtronic plc and Johnson & Johnson (EW-US, BSX-US, ANGO-US, BCR-US, ... Read more    
<b>(Read more...)</b>"
MMSI,MMSI:UW,BBG000C435Z4,"Merit Medical Systems, Inc. :MMSI-US: Earnings Analysis: 2016 By the Numbers : February 23, 2017",2017-02-23 17:31:34 +0000,http://www.capitalcube.com/blog/index.php/merit-medical-systems-inc-mmsi-us-earnings-analysis-2016-by-the-numbers-february-23-2017/,"Merit Medical Systems, Inc. :MMSI-US: Earnings Analysis: 2016 By the Numbers : February 23, 2017"
MMSI,MMSI:UW,BBG000C435Z4,"Merit Medical Systems, Inc. :MMSI-US: Earnings Analysis: Q4, 2016 By the Numbers : February 23, 2017",2017-02-23 15:19:49 +0000,http://www.capitalcube.com/blog/index.php/merit-medical-systems-inc-mmsi-us-earnings-analysis-q4-2016-by-the-numbers-february-23-2017/,"Merit Medical Systems, Inc. :MMSI-US: Earnings Analysis: Q4, 2016 By the Numbers : February 23, 2017"
MMSI,MMSI:UW,BBG000C435Z4,Edited Transcript of MMSI earnings conference call or presentation 21-Feb-17 10:00pm GMT,2017-02-22 07:15:36 +0000,http://finance.yahoo.com/news/edited-transcript-mmsi-earnings-conference-071536466.html?.tsrc=rss,Q4 2016 Merit Medical Systems Inc Earnings Call
MMSI,MMSI:UW,BBG000C435Z4,Edited Transcript of MMSI earnings conference call or presentation 21-Feb-17 10:00pm GMT,2017-02-22 07:15:36 +0000,http://finance.yahoo.com/news/edited-transcript-mmsi-earnings-conference-071536466.html,Edited Transcript of MMSI earnings conference call or presentation 21-Feb-17 10:00pm GMT
MMSI,MMSI:UW,BBG000C435Z4,"MERIT MEDICAL SYSTEMS INC Files SEC form 8-K, Results of Operations and Financial Condition, Regulation FD Disclosure",2017-02-21 21:47:20 +0000,http://biz.yahoo.com/e/170221/mmsi8-k.html,"MERIT MEDICAL SYSTEMS INC Files SEC form 8-K, Results of Operations and Financial Condition, Regulation FD Disclosure"
MMSI,MMSI:UW,BBG000C435Z4,Merit Medical beats 4Q profit forecasts,2017-02-21 21:28:39 +0000,http://finance.yahoo.com/news/merit-medical-beats-4q-profit-212839079.html?.tsrc=rss,"The South Jordan, Utah-based company said it had net income of 17 cents per share. Earnings, adjusted for amortization costs and costs related to mergers and acquisitions, came to 31 cents per share. The ..."
MMSI,MMSI:UW,BBG000C435Z4,Merit Medical beats 4Q profit forecasts,2017-02-21 21:28:39 +0000,http://sg.finance.yahoo.com/news/merit-medical-beats-4q-profit-212839486.html,Merit Medical beats 4Q profit forecasts
MMSI,MMSI:UW,BBG000C435Z4,"Merit Medical Reports Results for Fourth Quarter and Year Ended December 31, 2016",2017-02-21 21:01:00 +0000,http://finance.yahoo.com/news/merit-medical-reports-results-fourth-210100322.html,"[GlobeNewswire] - Q4 worldwide revenue of $157.7 million, up 14.0% as reported over Q4 2015 FY16 worldwide revenue of $603.8 million, up 11.4% as reported Q4 core revenue* up 7.9% over Q4 2015; FY16 core revenue* up 7.6% ..."
MMSI,MMSI:UW,BBG000C435Z4,"Merit Medical Reports Results for Fourth Quarter and Year Ended December 31, 2016",2017-02-21 21:01:00 +0000,http://finance.yahoo.com/news/merit-medical-reports-results-fourth-210100322.html?.tsrc=rss,"Q4 worldwide revenue of $157.7 million, up 14.0% as reported over Q4 2015 FY16 worldwide revenue of $603.8 million, up 11.4% as reported Q4 core revenue* up 7.9% over Q4 2015; FY16 core revenue* up 7.6% ..."
MMSI,MMSI:UW,BBG000C435Z4,Q4 2016 Merit Medical Systems Inc Earnings Release - After Market Close,2017-02-21 12:07:05 +0000,http://biz.yahoo.com/research/earncal/20170221.html?t=mmsi,Q4 2016 Merit Medical Systems Inc Earnings Release - After Market Close
MMSI,MMSI:UW,BBG000C435Z4,"MedTech Stocks Earnings Slated on Feb 21: MDT, HSIC and More",2017-02-20 15:53:18 +0000,http://articlefeeds.nasdaq.com/~r/nasdaq/symbols/~3/ZUBbmKsX51E/medtech-stocks-earnings-slated-on-feb-21-mdt-hsic-and-more-cm750234,The earnings season is taking its last lap with 411 S amp P 500 members having already reported their numbers 88 4 of the index s total market cap According to our latest Earnings Preview report the scorecard so far has portrayed a much better picture with the quarter emerging as the
MMSI,MMSI:UW,BBG000C435Z4,"MedTech Stocks Earnings Slated on Feb 21: MDT, HSIC and More",2017-02-20 13:30:01 +0000,http://finance.yahoo.com/news/medtech-stocks-earnings-slated-feb-133001297.html?.tsrc=rss,Let's take a look at the major MedTech stocks slated to release their Oct-Dec 2016 numbers on Feb 21.
MMSI,MMSI:UW,BBG000C435Z4,"MedTech Stocks Earnings Slated on Feb 21: MDT, HSIC and More",2017-02-20 13:30:01 +0000,http://finance.yahoo.com/news/medtech-stocks-earnings-slated-feb-133001297.html,"MedTech Stocks Earnings Slated on Feb 21: MDT, HSIC and More"
MMSI,MMSI:UW,BBG000C435Z4,Merit Medical to Participate at BTIG and Barclays Conferences,2017-02-16 14:25:00 +0000,http://finance.yahoo.com/news/merit-medical-participate-btig-barclays-142500879.html,"[GlobeNewswire] - SOUTH JORDAN, Utah, Feb. 16, 2017-- Merit Medical Systems, Inc., a leading manufacturer and marketer of proprietary disposable devices used primarily in cardiology, radiology and endoscopy, today announced ..."
MMSI,MMSI:UW,BBG000C435Z4,Merit Medical to Participate at RBC Conference,2017-02-07 14:25:00 +0000,http://finance.yahoo.com/news/merit-medical-participate-rbc-conference-142500091.html,"[GlobeNewswire] - SOUTH JORDAN, Utah, Feb. 07, 2017-- Merit Medical Systems, Inc., a leading manufacturer and marketer of proprietary disposable devices used in interventional, diagnostic and therapeutic procedures, particularly ..."
MMSI,MMSI:UW,BBG000C435Z4,"Argon Medical Devices, Inc., Sells Critical Care Platform to Merit Medical Systems, Inc.",2017-02-07 10:51:00 +0000,http://finance.yahoo.com/news/argon-medical-devices-inc-sells-105100609.html,"[PR Newswire] - PLANO, Texas, Feb. 7, 2017 /PRNewswire/ -- Argon Medical Devices, Inc. (""Argon""), a leading global marketer and manufacturer of specialty medical devices used in Interventional procedures, announced ..."
MMSI,MMSI:UW,BBG000C435Z4,"Merit Medical Acquires Products From Argon Medical Devices and Catheter Connections, Inc.",2017-02-06 14:25:00 +0000,http://finance.yahoo.com/news/merit-medical-acquires-products-argon-142500510.html,"[GlobeNewswire] - SOUTH JORDAN, Utah, Feb. 06, 2017-- Merit Medical Systems, Inc., a leading manufacturer and marketer of proprietary disposable devices used primarily in cardiology, radiology and endoscopy, announced today ..."
MMSI,MMSI:UW,BBG000C435Z4,"Merit Medical Systems, Inc. breached its 50 day moving average in a Bearish Manner : MMSI-US : January 25, 2017",2017-01-25 13:47:31 +0000,http://www.capitalcube.com/blog/index.php/merit-medical-systems-inc-breached-its-50-day-moving-average-in-a-bearish-manner-mmsi-us-january-25-2017/,"Merit Medical Systems, Inc. breached its 50 day moving average in a Bearish Manner : MMSI-US : January 25, 2017"
MMSI,MMSI:UW,BBG000C435Z4,Merit Medical to Present at J.P. Morgan Healthcare Conference,2016-12-19 14:25:00 +0000,http://finance.yahoo.com/news/merit-medical-present-j-p-142500390.html,"[GlobeNewswire] - SOUTH JORDAN, Utah, Dec. 19, 2016-- Merit Medical Systems, Inc., a leading manufacturer and marketer of proprietary disposable devices used in interventional, diagnostic and therapeutic procedures, particularly ..."
MMSI,MMSI:UW,BBG000C435Z4,"ETFs with exposure to Merit Medical Systems, Inc. : December 12, 2016",2016-12-12 19:37:49 +0000,http://www.capitalcube.com/blog/index.php/etfs-with-exposure-to-merit-medical-systems-inc-december-12-2016/,"ETFs with exposure to Merit Medical Systems, Inc. : December 12, 2016"
MMSI,MMSI:UW,BBG000C435Z4,Merit Medical Hits 52-Week High: What's Driving the Stock?,2016-12-12 16:58:39 +0000,http://articlefeeds.nasdaq.com/~r/nasdaq/symbols/~3/9RY_F9MMFkA/merit-medical-hits-52-week-high-whats-driving-the-stock-cm720128,Share price of South Jordan UT based Merit Medical Systems Inc MMSI reached a fresh 52 week high of 26 80 on Dec 9 finally closing a tad lower at 26 60 Currently Merit Medical carries a Zacks Rank 3 Hold Among the major positives the stock rallied 43 9 over the past one
MMSI,MMSI:UW,BBG000C435Z4,Merit Medical Hits 52-Week High: What's Driving the Stock?,2016-12-12 14:53:02 +0000,http://finance.yahoo.com/news/merit-medical-hits-52-week-145302543.html,Merit Medical Hits 52-Week High: What's Driving the Stock?
MMSI,MMSI:UW,BBG000C435Z4,"Is Merit Medical Systems, Inc. (MMSI) A Good Stock To Buy?",2016-12-05 11:14:48 +0000,http://www.insidermonkey.com/blog/is-merit-medical-systems-inc-mmsi-a-good-stock-to-buy-2-497803/,"Is Merit Medical Systems, Inc. (MMSI) A Good Stock To Buy?"
MMSI,MMSI:UW,BBG000C435Z4,"ETFs with exposure to Merit Medical Systems, Inc. : November 22, 2016",2016-11-22 17:19:52 +0000,http://www.capitalcube.com/blog/index.php/etfs-with-exposure-to-merit-medical-systems-inc-november-22-2016/,"ETFs with exposure to Merit Medical Systems, Inc. : November 22, 2016"
MMSI,MMSI:UW,BBG000C435Z4,"Merit Medical Systems, Inc. breached its 50 day moving average in a Bullish Manner : MMSI-US : November 21, 2016",2016-11-21 12:09:29 +0000,http://www.capitalcube.com/blog/index.php/merit-medical-systems-inc-breached-its-50-day-moving-average-in-a-bullish-manner-mmsi-us-november-21-2016/,"Merit Medical Systems, Inc. breached its 50 day moving average in a Bullish Manner : MMSI-US : November 21, 2016"
MMSI,MMSI:UW,BBG000C435Z4,"MERIT MEDICAL SYSTEMS INC Files SEC form 10-Q, Quarterly Report",2016-11-09 21:01:19 +0000,http://biz.yahoo.com/e/161109/mmsi10-q.html,"MERIT MEDICAL SYSTEMS INC Files SEC form 10-Q, Quarterly Report"
MMSI,MMSI:UW,BBG000C435Z4,Merit Medical Receives 510(k) Clearance for the SwiftNINJA™ Steerable Microcatheter,2016-11-07 14:34:16 +0000,http://www.publicnow.com/view/9BF278B95DC54C6563187E6CEE061E47FDA1B282,"[at noodls] - SOUTH JORDAN, Utah, Nov. 07, 2016 (GLOBE NEWSWIRE) -- Merit Medical Systems, Inc. (NASDAQ:MMSI), a leading manufacturer and marketer of proprietary disposable devices used in interventional, diagnostic ..."
MMSI,MMSI:UW,BBG000C435Z4,"ETF’s with exposure to Merit Medical Systems, Inc. : November 2, 2016",2016-11-02 17:59:32 +0000,http://www.capitalcube.com/blog/index.php/etfs-with-exposure-to-merit-medical-systems-inc-november-2-2016/,"ETF’s with exposure to Merit Medical Systems, Inc. : November 2, 2016"
MMSI,MMSI:UW,BBG000C435Z4,Merit Medical to Present at Four Conferences in November,2016-11-01 20:01:00 +0000,http://finance.yahoo.com/news/merit-medical-present-four-conferences-200100321.html,"[GlobeNewswire] - Needham– November 10 Jefferies– November 16 Canaccord Genuity– November 17 Piper Jaffray– November 30. SOUTH JORDAN, Utah, Nov. 01, 2016-- Merit Medical Systems, Inc., a leading manufacturer and marketer ..."
MMSI,MMSI:UW,BBG000C435Z4,"Merit Medical Systems, Inc. :MMSI-US: Earnings Analysis: Q3, 2016 By the Numbers : October 31, 2016",2016-10-31 14:50:51 +0000,http://www.capitalcube.com/blog/index.php/merit-medical-systems-inc-mmsi-us-earnings-analysis-q3-2016-by-the-numbers-october-31-2016/,"Merit Medical Systems, Inc. :MMSI-US: Earnings Analysis: Q3, 2016 By the Numbers : October 31, 2016"
MMSI,MMSI:UW,BBG000C435Z4,Oversold Conditions For Merit Medical Systems,2016-10-27 21:43:06 +0000,http://articlefeeds.nasdaq.com/~r/nasdaq/symbols/~3/xo0ciVlWu6s/oversold-conditions-for-merit-medical-systems-cm699824,Legendary investor Warren Buffett advises to be fearful when others are greedy and be greedy when others are fearful One way we can try to measure the level of fear in a given stock is through a technical analysis indicator called the Relative Strength Index or RSI which measures momentum on
MMSI,MMSI:UW,BBG000C435Z4,Edited Transcript of MMSI earnings conference call or presentation 26-Oct-16 9:00pm GMT,2016-10-27 03:43:27 +0000,http://finance.yahoo.com/news/edited-transcript-mmsi-earnings-conference-034327162.html,Edited Transcript of MMSI earnings conference call or presentation 26-Oct-16 9:00pm GMT
MMSI,MMSI:UW,BBG000C435Z4,Merit Medical beats 3Q profit forecasts,2016-10-26 21:19:22 +0000,http://sg.finance.yahoo.com/news/merit-medical-beats-3q-profit-211922777.html,Merit Medical beats 3Q profit forecasts
MMSI,MMSI:UW,BBG000C435Z4,"MERIT MEDICAL SYSTEMS INC Files SEC form 8-K, Results of Operations and Financial Condition, Regulation FD Disclosure",2016-10-26 20:48:02 +0000,http://biz.yahoo.com/e/161026/mmsi8-k.html,"MERIT MEDICAL SYSTEMS INC Files SEC form 8-K, Results of Operations and Financial Condition, Regulation FD Disclosure"
MMSI,MMSI:UW,BBG000C435Z4,"Merit Medical Reports Sales Up 15.3% for the Quarter Ended September 30, 2016",2016-10-26 20:15:17 +0000,http://www.publicnow.com/view/E3534DC939B9F154BB3ECA40D2252A5B9D43944A,"[at noodls] - Q3 revenue of $157.0 million ($158.1 million on a comparable, constant currency basis), up 15.3% as reported (up 16.1% on a comparable, constant currency basis) over Q3 2015 Q3 core revenue up 8.9% over ..."
MMSI,MMSI:UW,BBG000C435Z4,Q3 2016 Merit Medical Systems Inc Earnings Release - After Market Close,2016-10-26 11:07:04 +0000,http://biz.yahoo.com/research/earncal/20161026.html?t=mmsi,Q3 2016 Merit Medical Systems Inc Earnings Release - After Market Close
MMSI,MMSI:UW,BBG000C435Z4,What's in Store for Merit Medical (MMSI) in Q3 Earnings?,2016-10-25 13:27:42 +0000,http://articlefeeds.nasdaq.com/~r/nasdaq/symbols/~3/_F6s19yOtSM/whats-in-store-for-merit-medical-mmsi-in-q3-earnings-cm697749,Headquartered in South Jordan Utah Merit Medical Systems Inc MMSI is set to report third quarter 2016 results on Oct 26 Last quarter the company posted earnings of 26 cents per share which surpassed the Zacks Consensus Estimate by 2 cents Notably on an average Merit Medical beat
MMSI,MMSI:UW,BBG000C435Z4,"Medical Product Earnings to Watch on Oct 26: BSX, LH & More",2016-10-25 13:27:01 +0000,http://articlefeeds.nasdaq.com/~r/nasdaq/symbols/~3/0PMKtV08tJs/medical-product-earnings-to-watch-on-oct-26-bsx-lh-more-cm697731,The Q3 earnings season is in full swing with 116 S amp P 500 members as per the latest Earnings Preview report having released their quarterly numbers as of Oct 21 Reported earnings are up 3 3 year over year on a 1 8 increase in revenues The beat ratio is 80 2 for earnings and 62 9
MMSI,MMSI:UW,BBG000C435Z4,"Medical Product Earnings to Watch on Oct 26: BSX, LH & More",2016-10-25 12:22:12 +0000,http://finance.yahoo.com/news/medical-product-earnings-watch-oct-122212857.html,"Medical Product Earnings to Watch on Oct 26: BSX, LH & More"
MMSI,MMSI:UW,BBG000C435Z4,What's in Store for Merit Medical (MMSI) in Q3 Earnings?,2016-10-25 11:54:11 +0000,http://finance.yahoo.com/news/whats-store-merit-medical-mmsi-115411246.html,What's in Store for Merit Medical (MMSI) in Q3 Earnings?
MMSI,MMSI:UW,BBG000C435Z4,"MERIT MEDICAL SYSTEMS INC Files SEC form 8-K, Other Events",2016-10-21 21:24:10 +0000,http://biz.yahoo.com/e/161021/mmsi8-k.html,"MERIT MEDICAL SYSTEMS INC Files SEC form 8-K, Other Events"
MMSI,MMSI:UW,BBG000C435Z4,Merit Medical Completes Enrollment in EVOLVE Study,2016-10-19 13:38:06 +0000,http://www.publicnow.com/view/15C337B344D1493655E792C6CCE3D4F3EA77F97E,"[at noodls] - SOUTH JORDAN, Utah, Oct. 19, 2016 (GLOBE NEWSWIRE) -- Merit Medical Systems, Inc. (NASDAQ:MMSI), a leading manufacturer and marketer of proprietary disposable devices used primarily in cardiology, radiology ..."
MMSI,MMSI:UW,BBG000C435Z4,Merit Medical Launches Super HeRO™ and HeRO™ Ally Products,2016-10-18 20:08:06 +0000,http://www.publicnow.com/view/C4E2D4DCBA9048B439D58238D3E68B0416FA6E65,"[at noodls] - SOUTH JORDAN, Utah, Oct. 18, 2016 (GLOBE NEWSWIRE) -- Merit Medical Systems, Inc. (NASDAQ:MMSI), a leading manufacturer and marketer of proprietary disposable devices used primarily in cardiology, radiology ..."
MMSI,MMSI:UW,BBG000C435Z4,"Merit Medical Systems, Inc. breached its 50 day moving average in a Bearish Manner : MMSI-US : October 17, 2016",2016-10-17 12:47:26 +0000,http://www.capitalcube.com/blog/index.php/merit-medical-systems-inc-breached-its-50-day-moving-average-in-a-bearish-manner-mmsi-us-october-17-2016/,"Merit Medical Systems, Inc. breached its 50 day moving average in a Bearish Manner : MMSI-US : October 17, 2016"
MMSI,MMSI:UW,BBG000C435Z4,"Merit Medical Systems to Announce Third Quarter Results on October 26, 2016",2016-10-04 13:48:06 +0000,http://www.publicnow.com/view/FE1747D73D4EC602F4844B4CD17E86A0D4F7B73C,"[at noodls] - SOUTH JORDAN, Utah, Oct. 04, 2016 (GLOBE NEWSWIRE) -- Merit Medical Systems, Inc. (NASDAQ:MMSI), a leading manufacturer and marketer of proprietary disposable devices used primarily in cardiology, radiology ..."
MMSI,MMSI:UW,BBG000C435Z4,"Merit Medical Systems, Inc. – Value Analysis (NASDAQ:MMSI) : September 28, 2016",2016-09-28 14:34:23 +0000,http://www.capitalcube.com/blog/index.php/merit-medical-systems-inc-value-analysis-nasdaqmmsi-september-28-2016/,"Merit Medical Systems, Inc. – Value Analysis (NASDAQ:MMSI) : September 28, 2016"
MMSI,MMSI:UW,BBG000C435Z4,"Merit Medical Systems, Inc. breached its 50 day moving average in a Bearish Manner : MMSI-US : September 27, 2016",2016-09-27 12:32:21 +0000,http://www.capitalcube.com/blog/index.php/merit-medical-systems-inc-breached-its-50-day-moving-average-in-a-bearish-manner-mmsi-us-september-27-2016/,"Merit Medical Systems, Inc. breached its 50 day moving average in a Bearish Manner : MMSI-US : September 27, 2016"
MMSI,MMSI:UW,BBG000C435Z4,"Henry Schein (HSIC) Grows Through Acquisitions, Runs Risks",2016-09-26 15:25:31 +0000,http://articlefeeds.nasdaq.com/~r/nasdaq/symbols/~3/qn4Q2oH1DJk/henry-schein-hsic-grows-through-acquisitions-runs-risks-cm684472,On Sep 22 we issued an updated research report on Melville NY based Henry Schein Inc HSIC a leading distributor of health care products and services across the globe We are disappointed by Henry Schein s guidance cut for 2016 EPS Also foreign currency fluctuations and
MMSI,MMSI:UW,BBG000C435Z4,"Henry Schein (HSIC) Grows Through Acquisitions, Runs Risks",2016-09-26 13:04:01 +0000,http://finance.yahoo.com/news/henry-schein-hsic-grows-acquisitions-130401052.html,"Henry Schein (HSIC) Grows Through Acquisitions, Runs Risks"
MMSI,MMSI:UW,BBG000C435Z4,"LabCorp: Strong Fundamentals, Sequenom Buyout Raise Hope",2016-09-23 14:24:09 +0000,http://articlefeeds.nasdaq.com/~r/nasdaq/symbols/~3/4CFkG5708FA/labcorp-strong-fundamentals-sequenom-buyout-raise-hope-cm683681,On Sep 20 2016 we issued an updated research report on Laboratory Corporation of America Holdings LH or LabCorp a leading independent clinical laboratory company It is currently working on portfolio expansion The company is more focused on the high margin esoteric testing business to
MMSI,MMSI:UW,BBG000C435Z4,Medtronic (MDT): Valiant Captivia Data Positive at Three Years,2016-09-23 14:23:53 +0000,http://articlefeeds.nasdaq.com/~r/nasdaq/symbols/~3/PhQQMceh90Y/medtronic-mdt-valiant-captivia-data-positive-at-three-years-cm683673,Medtronic plc MDT recently unveiled favorable three year clinical outcome demonstrating the durability and clinical efficacy of its Valiant Captivia Thoracic Stent Graft System in patients with acute complicated Type B aortic dissection This development should help Medtronic further
MMSI,MMSI:UW,BBG000C435Z4,Medtronic (MDT): Valiant Captivia Data Positive at Three Years,2016-09-23 12:43:12 +0000,http://finance.yahoo.com/news/medtronic-mdt-valiant-captivia-data-124312150.html,Medtronic (MDT): Valiant Captivia Data Positive at Three Years
MMSI,MMSI:UW,BBG000C435Z4,"MERIT MEDICAL SYSTEMS INC Files SEC form 8-K/A, Financial Statements and Exhibits",2016-09-21 20:09:24 +0000,http://biz.yahoo.com/e/160921/mmsi8-k_a.html,"MERIT MEDICAL SYSTEMS INC Files SEC form 8-K/A, Financial Statements and Exhibits"
MMSI,MMSI:UW,BBG000C435Z4,Align Technology: Invisalign Growth Continues Globally,2016-09-21 14:24:46 +0000,http://articlefeeds.nasdaq.com/~r/nasdaq/symbols/~3/EF6C-VnCLOA/align-technology-invisalign-growth-continues-globally-cm682500,On Sep 20 2016 we issued an updated research report on California based Align Technology Inc ALGN a developer of aligner therapy intra oral scanners and CAD CAM computer aided design and computer aided manufacturing digital services Currently Align carries a Zacks Rank 2
MMSI,MMSI:UW,BBG000C435Z4,Merit Medical Receives 510(K) Clearance for the Elation® Pulmonary Dilation Balloon,2016-09-07 13:49:06 +0000,http://www.publicnow.com/view/683C8049FDF89AC9C463811E7C3E7ADC0717D64A,"[at noodls] - SOUTH JORDAN, Utah, Sept. 07, 2016 (GLOBE NEWSWIRE) -- Merit Medical Systems, Inc. (NASDAQ:MMSI), a leading manufacturer and marketer of proprietary disposable devices used in interventional, diagnostic ..."
MMSI,MMSI:UW,BBG000C435Z4,"Henry Schein Poised on Strategic Buyouts, Pricing Hurts",2016-09-01 13:22:54 +0000,http://articlefeeds.nasdaq.com/~r/nasdaq/symbols/~3/IBSZH-2T6Nw/henry-schein-poised-on-strategic-buyouts-pricing-hurts-cm673277,On Sep 1 we issued an updated research report on Melville NY based Henry Schein Inc HSIC a leading distributor of health care products and services across the globe The company currently carries a Zacks Rank 3 Hold Henry Schein stands to gain from several trends in its end
MMSI,MMSI:UW,BBG000C435Z4,Merit Medical to Present at Five Conferences,2016-08-25 13:25:00 +0000,http://finance.yahoo.com/news/merit-medical-present-five-conferences-132500495.html,"[GlobeNewswire] - Wells Fargo– September 7 Barrington- September 8 CL King– September 12 Morgan Stanley– September 13 Credit Suisse– September 14. SOUTH JORDAN, Utah, Aug. 25, 2016-- Merit Medical Systems, Inc., a leading ..."
MMSI,MMSI:UW,BBG000C435Z4,Merit Medical (MMSI) Now a Strong Buy on Estimate Revisions,2016-08-24 10:47:26 +0000,http://articlefeeds.nasdaq.com/~r/nasdaq/symbols/~3/sItiYTwfhWw/merit-medical-mmsi-now-a-strong-buy-on-estimate-revisions-cm668967,"On Aug 23, Zacks Investment Research raised Merit Medical Systems Inc.MMSI to a Zacks Rank #1 (Strong Buy) on estimate revisions.Why the Upgrade?  The upgrade was primarily driven by estimate revisions over the last 30 days."
MMSI,MMSI:UW,BBG000C435Z4,Merit Medical (MMSI) Now a Strong Buy on Estimate Revisions,2016-08-23 14:00:02 +0000,http://finance.yahoo.com/news/merit-medical-mmsi-now-strong-140002632.html,Merit Medical (MMSI) Now a Strong Buy on Estimate Revisions
MMSI,MMSI:UW,BBG000C435Z4,Endologix's Ovation Alto System Treats First Patients,2016-08-22 14:47:38 +0000,http://articlefeeds.nasdaq.com/~r/nasdaq/symbols/~3/ePWW8QD9vLE/endologixs-ovation-alto-system-treats-first-patients-cm668356,"Medical device manufacturer, Endologix, Inc.ELGX recently announced the treatment of the first two abdominal aortic aneurysms (""AAA"") patients with its yet to be released Ovation Alto Abdominal Stent Graft System. Notably, the Ovation Alto Abdominal Stent Graft"
MMSI,MMSI:UW,BBG000C435Z4,Endologix's Ovation Alto System Treats First Patients,2016-08-22 13:00:01 +0000,http://finance.yahoo.com/news/endologixs-ovation-alto-system-treats-130001666.html,Endologix's Ovation Alto System Treats First Patients
MMSI,MMSI:UW,BBG000C435Z4,"Merit Medical Systems, Inc. :MMSI-US: Earnings Analysis: Q2, 2016 By the Numbers : August 9, 2016",2016-08-09 16:04:46 +0000,http://www.capitalcube.com/blog/index.php/merit-medical-systems-inc-mmsi-us-earnings-analysis-q2-2016-by-the-numbers-august-9-2016/,"Merit Medical Systems, Inc. :MMSI-US: Earnings Analysis: Q2, 2016 By the Numbers : August 9, 2016"
MMSI,MMSI:UW,BBG000C435Z4,"MERIT MEDICAL SYSTEMS INC Files SEC form 10-Q, Quarterly Report",2016-08-08 21:28:20 +0000,http://biz.yahoo.com/e/160808/mmsi10-q.html,"MERIT MEDICAL SYSTEMS INC Files SEC form 10-Q, Quarterly Report"
MMSI,MMSI:UW,BBG000C435Z4,"PerkinElmer (PKI) Beats Q2 Earnings, FY16 View Maintained",2016-08-05 21:15:25 +0000,http://articlefeeds.nasdaq.com/~r/nasdaq/symbols/~3/Y_szknFb5ew/perkinelmer-pki-beats-q2-earnings-fy16-view-maintained-cm661317,"PerkinElmer IncPKI reported second quarter 2016 earnings of 67 cents per share, which beat the Zacks Consensus Estimate by a penny. Additionally, the figure was better than the management's guided range of 65 66 cents. Earnings also increased 11.7%"
MMSI,MMSI:UW,BBG000C435Z4,"DENTSPLY (XRAY) Beats Q2 Earnings, FY16 View Maintained",2016-08-05 21:14:54 +0000,http://articlefeeds.nasdaq.com/~r/nasdaq/symbols/~3/8diCuUhteEE/dentsply-xray-beats-q2-earnings-fy16-view-maintained-cm661351,"DENTSPLY SIRONA Inc.XRAY reported adjusted earnings of 76 cents per share in the second quarter of 2016, which beat the Zacks Consensus Estimate by 6 cents. Earnings improved 4.1% on a year over year basis, primarily driven by strong"
MMSI,MMSI:UW,BBG000C435Z4,"Becton, Dickinson (BDX) Tops Q3 Earnings, FY16 View Up",2016-08-04 14:58:55 +0000,http://articlefeeds.nasdaq.com/~r/nasdaq/symbols/~3/qpudug_9--A/becton-dickinson-bdx-tops-q3-earnings-fy16-view-up-cm660301,"Becton, Dickinson and CompanyBDX , popularly known as BD, reported third quarter fiscal 2016 earnings of $2.35 per share, which beat the Zacks Consensus Estimate by 16 cents and surged 19.5% on currency neutral basis.Quarter Details At comparable currency"
MMSI,MMSI:UW,BBG000C435Z4,"Cardinal Health (CAH) Tops Q4 Earnings, '17 View Impressive",2016-08-02 22:56:32 +0000,http://articlefeeds.nasdaq.com/~r/nasdaq/symbols/~3/S4TSuPHe0ms/cardinal-health-cah-tops-q4-earnings-17-view-impressive-cm659210,"Cardinal Health Inc. CAH reported fourth quarter fiscal 2016 adjusted earnings of $1.14 per share, which beat the Zacks Consensus Estimate by a penny and increased 14% on a year over year basis. The upside was driven by 14%"
MMSI,MMSI:UW,BBG000C435Z4,Merit Medical to Present at Two Conferences,2016-08-01 13:41:02 +0000,http://www.publicnow.com/view/6B196D51CDF1631D005E800E70EC65252FEB893D,"[at noodls] - Canaccord Genuity - August 11 Wedbush - August 17 SOUTH JORDAN, Utah, Aug. 01, 2016 (GLOBE NEWSWIRE) -- Merit Medical Systems, Inc. (NASDAQ:MMSI), a leading manufacturer and marketer of proprietary disposable ..."
MMSI,MMSI:UW,BBG000C435Z4,Merit Medical downgraded by Barrington Research,2016-07-28 15:09:48 +0000,http://finance.yahoo.com/q/ud?s=MMSI,Merit Medical downgraded by Barrington Research
MMSI,MMSI:UW,BBG000C435Z4,"MERIT MEDICAL SYSTEMS INC Files SEC form 8-K/A, Regulation FD Disclosure, Financial Statements and Exhibits",2016-07-28 10:02:20 +0000,http://biz.yahoo.com/e/160728/mmsi8-k_a.html,"MERIT MEDICAL SYSTEMS INC Files SEC form 8-K/A, Regulation FD Disclosure, Financial Statements and Exhibits"
MMSI,MMSI:UW,BBG000C435Z4,Edited Transcript of MMSI earnings conference call or presentation 27-Jul-16 9:00pm GMT,2016-07-28 03:42:47 +0000,http://finance.yahoo.com/news/edited-transcript-mmsi-earnings-conference-034247329.html,Edited Transcript of MMSI earnings conference call or presentation 27-Jul-16 9:00pm GMT
MMSI,MMSI:UW,BBG000C435Z4,Merit Medical tops Street 2Q forecasts,2016-07-27 21:17:44 +0000,http://sg.finance.yahoo.com/news/merit-medical-tops-street-2q-211744001.html,Merit Medical tops Street 2Q forecasts
MMSI,MMSI:UW,BBG000C435Z4,Merit Medical Systems Inc Earnings Call scheduled for 5:00 pm ET today,2016-07-27 21:00:00 +0000,http://biz.yahoo.com/cc/8/152778.html,Merit Medical Systems Inc Earnings Call scheduled for 5:00 pm ET today
MMSI,MMSI:UW,BBG000C435Z4,"MERIT MEDICAL SYSTEMS INC Files SEC form 8-K, Results of Operations and Financial Condition, Change in Directors or P",2016-07-27 20:45:01 +0000,http://biz.yahoo.com/e/160727/mmsi8-k.html,"MERIT MEDICAL SYSTEMS INC Files SEC form 8-K, Results of Operations and Financial Condition, Change in Directors or P"
MMSI,MMSI:UW,BBG000C435Z4,"Merit Medical Reports Sales Up 9.4% for the Quarter Ended June 30, 2016",2016-07-27 20:28:11 +0000,http://www.publicnow.com/view/C08310B39003760C26D1870D0DE88780BB4E536B,"[at noodls] - Q2 revenue of $151.1 million ($151.7 million in constant currency), up 9.4% as reported, up 9.9% on a comparable, constant currency basis, over Q2 2015 YTD revenue of $289.1 million ($291.7 million in ..."
MMSI,MMSI:UW,BBG000C435Z4,Merit Medical Systems Q2 16 Earnings Conference Call At 5:00 PM ET,2016-07-27 15:00:00 +0000,http://articlefeeds.nasdaq.com/~r/nasdaq/symbols/~3/BPNzetxyALc/merit-medical-systems-q2-16-earnings-conference-call-at-500-pm-et-20160727-01101,Merit Medical Systems Q2 16 Earnings Conference Call At 5:00 PM ET
MMSI,MMSI:UW,BBG000C435Z4,Marvell Technology Group Q1 17 Earnings Conference Call At 4:45 PM ET,2016-07-27 15:00:00 +0000,http://articlefeeds.nasdaq.com/~r/nasdaq/symbols/~3/4XZ_EfRDFuE/marvell-technology-group-q1-17-earnings-conference-call-at-445-pm-et-20160727-01102,Marvell Technology Group Q1 17 Earnings Conference Call At 4:45 PM ET
MMSI,MMSI:UW,BBG000C435Z4,Q2 2016 Merit Medical Systems Inc Earnings Release - After Market Close,2016-07-27 11:07:05 +0000,http://biz.yahoo.com/research/earncal/20160727.html?t=mmsi,Q2 2016 Merit Medical Systems Inc Earnings Release - After Market Close
MMSI,MMSI:UW,BBG000C435Z4,Merit Medical Announces Appointment of New Director,2016-07-26 20:18:11 +0000,http://www.publicnow.com/view/330D9E20EA6FB45FCDC7F78A7DD3E543D78EE9AE,"[at noodls] - SOUTH JORDAN, Utah, July 26, 2016 (GLOBE NEWSWIRE) -- Merit Medical Systems, Inc. (NASDAQ:MMSI), a leading manufacturer and marketer of proprietary disposable medical devices used in interventional, diagnostic ..."
MMSI,MMSI:UW,BBG000C435Z4,Why Cryolife Inc's Shares Turned Hot Today,2016-07-26 18:23:38 +0000,http://articlefeeds.nasdaq.com/~r/nasdaq/symbols/~3/ZX8sv0cu-Pg/why-cryolife-incs-shares-turned-hot-today-cm655042,On X aortic heart valve. Image source  CryoLife  What  CryoLife (NYSE  CRY) is up 14% at 12 30 p.m. EDT after reporting second quarter earnings and increasing its 2016 guidance Tuesday.
MMSI,MMSI:UW,BBG000C435Z4,Why Cryolife Inc's Shares Turned Hot Today,2016-07-26 17:04:00 +0000,http://www.fool.com/investing/2016/07/26/why-cryolife-incs-shares-were-hot-today.aspx?source=yahoo-2&utm_campaign=article&utm_medium=feed&utm_source=yahoo-2,Why Cryolife Inc's Shares Turned Hot Today
MMSI,MMSI:UW,BBG000C435Z4,"Dental Stock Earnings Queued Up for Jul 27: MCK, LH & More",2016-07-26 14:28:52 +0000,http://articlefeeds.nasdaq.com/~r/nasdaq/symbols/~3/k0Oc1di8KKg/dental-stock-earnings-queued-up-for-jul-27-mck-lh-more-cm654856,"The current week (Jul 25 29) will be witness to a plethora of earnings releases as most of the bigwigs are lined up to report their quarterly numbers. Almost 1000 companies are slated to report their financial numbers, including"
MMSI,MMSI:UW,BBG000C435Z4,"Dental Stock Earnings Queued Up for Jul 27: MCK, LH & More",2016-07-26 12:55:12 +0000,http://finance.yahoo.com/news/dental-stock-earnings-queued-jul-125512658.html,"Dental Stock Earnings Queued Up for Jul 27: MCK, LH & More"
MMSI,MMSI:UW,BBG000C435Z4,"ETF’s with exposure to Merit Medical Systems, Inc. : July 21, 2016",2016-07-21 18:15:32 +0000,http://www.capitalcube.com/blog/index.php/etfs-with-exposure-to-merit-medical-systems-inc-july-21-2016/,"ETF’s with exposure to Merit Medical Systems, Inc. : July 21, 2016"
MMSI,MMSI:UW,BBG000C435Z4,Street Talk: Big analyst calls,2016-07-19 18:24:00 +0000,http://finance.yahoo.com/video/street-talk-big-analyst-calls-182400245.html,Street Talk: Big analyst calls
MMSI,MMSI:UW,BBG000C435Z4,"Merit Medical Systems to Announce Second Quarter Results on July 27, 2016",2016-07-14 13:28:07 +0000,http://www.publicnow.com/view/8B741505395D3FBC47C49B2E0AC4FB3E82B17811,"[at noodls] - SOUTH JORDAN, Utah, July 14, 2016 (GLOBE NEWSWIRE) -- Merit Medical Systems, Inc. (NASDAQ:MMSI), a leading manufacturer and marketer of proprietary disposable devices used primarily in cardiology, radiology ..."
MMSI,MMSI:UW,BBG000C435Z4,"MERIT MEDICAL SYSTEMS INC Files SEC form 8-K, Entry into a Material Definitive Agreement, Completion of Acquisition o",2016-07-06 14:25:34 +0000,http://biz.yahoo.com/e/160706/mmsi8-k.html,"MERIT MEDICAL SYSTEMS INC Files SEC form 8-K, Entry into a Material Definitive Agreement, Completion of Acquisition o"
MMSI,MMSI:UW,BBG000C435Z4,"Merit Medical Acquires DFINE, Inc.",2016-07-06 13:31:05 +0000,http://www.publicnow.com/view/2C9F5A99C522F47DF493EC099C5BD91F0F43207A,"[at noodls] - SOUTH JORDAN, Utah, July 06, 2016 (GLOBE NEWSWIRE) -- Merit Medical Systems, Inc. (NASDAQ:MMSI), a leading manufacturer and marketer of proprietary disposable devices used primarily in cardiology, radiology ..."
MMSI,MMSI:UW,BBG000C435Z4,Merit Medical Systems Acquisition Conference Call At 11:00 AM ET,2016-07-06 10:01:00 +0000,http://articlefeeds.nasdaq.com/~r/nasdaq/symbols/~3/osXH4OYeqAQ/merit-medical-systems-acquisition-conference-call-at-1100-am-et-20160706-00549,Merit Medical Systems Acquisition Conference Call At 11:00 AM ET
MMSI,MMSI:UW,BBG000C435Z4,"Merit Medical Systems, Inc. – Value Analysis (NASDAQ:MMSI) : June 27, 2016",2016-06-27 20:21:12 +0000,http://www.capitalcube.com/blog/index.php/merit-medical-systems-inc-value-analysis-nasdaqmmsi-june-27-2016/,"Merit Medical Systems, Inc. – Value Analysis (NASDAQ:MMSI) : June 27, 2016"
MMSI,MMSI:UW,BBG000C435Z4,"Merit Medical Systems, Inc. breached its 50 day moving average in a Bullish Manner : MMSI-US : June 24, 2016",2016-06-24 12:24:48 +0000,http://www.capitalcube.com/blog/index.php/merit-medical-systems-inc-breached-its-50-day-moving-average-in-a-bullish-manner-mmsi-us-june-24-2016/,"Merit Medical Systems, Inc. breached its 50 day moving average in a Bullish Manner : MMSI-US : June 24, 2016"
MMSI,MMSI:UW,BBG000C435Z4,"ETF’s with exposure to Merit Medical Systems, Inc. : June 23, 2016",2016-06-23 17:45:07 +0000,http://www.capitalcube.com/blog/index.php/etfs-with-exposure-to-merit-medical-systems-inc-june-23-2016/,"ETF’s with exposure to Merit Medical Systems, Inc. : June 23, 2016"
MMSI,MMSI:UW,BBG000C435Z4,Merit Medical to Present at UBS Global Healthcare Conference,2016-05-12 13:27:07 +0000,http://www.publicnow.com/view/3199B2C73908F946741B58EBAC93D4375C19D3EB,"[at noodls] - SOUTH JORDAN, Utah, May 12, 2016 (GLOBE NEWSWIRE) -- Merit Medical Systems, Inc. (NASDAQ:MMSI), a leading manufacturer and marketer of proprietary disposable devices used primarily in cardiology, radiology ..."
MMSI,MMSI:UW,BBG000C435Z4,Merit Medical Appointed Global Distributor for Micro Guide Wire,2016-05-10 13:38:08 +0000,http://www.publicnow.com/view/7EFCA96F790237FB3C9049EB20EEE67D0FE1CE83,"[at noodls] - SOUTH JORDAN, Utah, May 10, 2016 (GLOBE NEWSWIRE) -- Merit Medical Systems, Inc. (NASDAQ:MMSI), a leading manufacturer and marketer of proprietary disposable devices used primarily in cardiology, radiology ..."
MMSI,MMSI:UW,BBG000C435Z4,Merit Medical meets 1Q profit forecasts,2016-04-28 23:44:56 +0000,http://sg.finance.yahoo.com/news/merit-medical-meets-1q-profit-234456828.html,Merit Medical meets 1Q profit forecasts
MMSI,MMSI:UW,BBG000C435Z4,"Merit Medical Reports Sales Up 6.6% for the Quarter Ended March 31, 2016",2016-04-28 20:36:27 +0000,http://www.publicnow.com/view/4A0B66DF8EB421FDAF1AF6EB0FD7906E24F36507,"[at noodls] - Q1 revenue of $138.1 million ($140.0 million in constant currency), up 6.6% as reported, up 8.0% on a comparable, constant currency basis Q1 non-GAAP EPS was $0.19; GAAP EPS was $0.10 Q1 2016 non-GAAP ..."
MMSI,MMSI:UW,BBG000C435Z4,"Merit Medical Systems to Announce First Quarter Results on April 28, 2016",2016-04-04 13:58:21 +0000,http://www.publicnow.com/view/DD4CB3E8733CA91C37B80C8062641D2C60FF1254,"[at noodls] - SOUTH JORDAN, Utah, April 04, 2016 (GLOBE NEWSWIRE) -- Merit Medical Systems, Inc. (NASDAQ:MMSI), a leading manufacturer and marketer of proprietary disposable devices used primarily in cardiology, radiology ..."
MMSI,MMSI:UW,BBG000C435Z4,Merit Medical Announces 510(k) Clearance for Corvocet™ Biopsy System,2016-03-28 13:54:24 +0000,http://www.publicnow.com/view/6A0B8B5A903F64E46A60BEDF004DCDD0CE7C01C9,"[at noodls] - SOUTH JORDAN, Utah, March 28, 2016 (GLOBE NEWSWIRE) -- Merit Medical Systems, Inc. (NASDAQ:MMSI), a leading manufacturer and marketer of proprietary disposable devices used primarily in cardiology, radiology ..."
MMSI,MMSI:UW,BBG000C435Z4,LabCorp (LH): Revenues Strong on Balanced Organic Growth,2016-02-23 23:24:50 +0000,http://articlefeeds.nasdaq.com/~r/nasdaq/symbols/~3/xrHAR53Dt-M/labcorp-lh-revenues-strong-on-balanced-organic-growth-cm583760,"On Feb 23, 20Array6, we issued an updated research report on Laboratory Corporation of America HoldingsLH , or LabCorp, a leading independent clinical laboratory company. LabCorp is currently working on portfolio expansion and is focusing more on the high"
MMSI,MMSI:UW,BBG000C435Z4,Merit Medical beats 4Q profit forecasts,2016-02-22 21:33:27 +0000,http://sg.finance.yahoo.com/news/merit-medical-beats-4q-profit-212912256.html,Merit Medical beats 4Q profit forecasts
MMSI,MMSI:UW,BBG000C435Z4,"Becton, Dickinson's Blood Collection Set Receives FDA Nod",2016-02-19 22:29:58 +0000,http://articlefeeds.nasdaq.com/~r/nasdaq/symbols/~3/TGd7MWjaMFk/becton-dickinsons-blood-collection-set-receives-fda-nod-cm582348,"Becton, Dickinson and Company BDX , popularly known as BD, recently announced that its new safety blood collection system BD Vacutainer UltraTouch Push Button Blood Collection Set has received FDA approval as well as European CE marking. The recognition"
MMSI,MMSI:UW,BBG000C435Z4,"DENTSPLY (XRAY) Q4 Earnings Meet Estimates, Revenues Lag (Revised)",2016-02-12 15:54:07 +0000,http://articlefeeds.nasdaq.com/~r/nasdaq/symbols/~3/n_bVLrRVVoo/dentsply-xray-q4-earnings-meet-estimates-revenues-lag-revised-cm579186,"DENTSPLY International Inc. XRAY reported adjusted earnings of 65 cents per share in the fourth quarter of 2015, in line with the Zacks Consensus Estimate. Earnings improved 8.3% on a year over year basis, primarily driven by margin expansion."
MMSI,MMSI:UW,BBG000C435Z4,"Becton, Dickinson's FACSPresto System Receives FDA Nod",2016-02-11 21:53:55 +0000,http://articlefeeds.nasdaq.com/~r/nasdaq/symbols/~3/ifNbvna47vc/becton-dickinsons-facspresto-system-receives-fda-nod-cm578899,"Becton, Dickinson and Company BDX , popularly known as BD, recently announced that its BD FACSPresto system and BD FACSPresto CD4 Hb Cartridge has received the U.S. FDA approval. The diagnostic device can be used to detect CD4 T"
MMSI,MMSI:UW,BBG000C435Z4,"Health Care Sector Update for 02/04/2016: MMSI, AST",2016-02-04 19:14:12 +0000,http://articlefeeds.nasdaq.com/~r/nasdaq/symbols/~3/pz7VJRojEfU/health-care-sector-update-for-02042016-mmsi-ast-cm575048,"Top Health care stocks JNJ 0.4% PFE 1.5% ABT +0.1% MRK 2.2% AMGN 0.3% Health care shares were mainly lower in early afternoon trade on Thursday. In health care stocks news, Merit Medical Systems ( MMSI ) said it"
MMSI,MMSI:UW,BBG000C435Z4,"Merit Medical: Strong Buy on New Approvals, Pipeline Strength",2015-12-23 20:19:39 +0000,http://articlefeeds.nasdaq.com/~r/nasdaq/symbols/~3/dfP09QSodWg/merit-medical-strong-buy-on-new-approvals-pipeline-strength-cm558196,"On Dec 23, Zacks Investment Research raised Merit Medical Systems, Inc.MMSI to a Zacks Rank #1 (Strong Buy) on new regulatory approvals and an encouraging product pipeline.Why the Upgrade? Merit Medical recently announced the receipt of regulatory approvals for"
MMSI,MMSI:UW,BBG000C435Z4,"Merit Medical Receives Series of Approvals, Pipeline Strong",2015-11-12 00:55:55 +0000,http://articlefeeds.nasdaq.com/~r/nasdaq/symbols/~3/6VoWFixK-Jk/merit-medical-receives-series-of-approvals-pipeline-strong-cm542126,"Manufacturer and marketer of proprietary disposable medical devices Merit Medical Systems, Inc.MMSI recently announced the receipt of regulatory approvals for four new products. Merit Medical's Centros Dialysis Catheter has gained CE Marking, upon which the company now markets the"
MMSI,MMSI:UW,BBG000C435Z4,Merit Medical to Present at Three Conferences,2015-11-10 14:46:10 +0000,http://www.noodls.com/view/44E467DEE4D499ACC46F3E36F8941E8F79BBE9C0,"[at noodls] - Barclays - November 16 Canaccord Genuity - November 19 Piper Jaffray - December 1 SOUTH JORDAN, Utah, Nov. 10, 2015 (GLOBE NEWSWIRE) -- Merit Medical Systems, Inc. (NASDAQ:MMSI), a leading manufacturer ..."
MMSI,MMSI:UW,BBG000C435Z4,Merit Medical Names New Chief Financial Officer,2015-11-06 21:34:11 +0000,http://www.noodls.com/view/00ADFB6545972487B0367173D94AC4439105624C,[at noodls] - Merit Medical Names New Chief Financial Officer
MMSI,MMSI:UW,BBG000C435Z4,Merit Medical Systems (MMSI) Jumps: Stock Gains 7.7%,2015-10-27 13:47:16 +0000,http://articlefeeds.nasdaq.com/~r/nasdaq/symbols/~3/FJx_vVIhoSQ/merit-medical-systems-mmsi-jumps-stock-gains-77-cm535068,"Merit Medical Systems, Inc.MMSI was a big mover last session with its shares rising roughly 8% on the day. The move came on solid volume with far more shares changing hands than in a normal session. This reverses the"
MMSI,MMSI:UW,BBG000C435Z4,"Health Care Sector Update for 10/26/2015: MMSI,BSDI,ENDP,ATHN",2015-10-26 18:20:37 +0000,http://articlefeeds.nasdaq.com/~r/nasdaq/symbols/~3/FHaK6gDuCGw/health-care-sector-update-for-10262015-mmsibsdiendpathn-cm534632,"Top Health Care Stocks JNJ 0.70% PZE +0.32% MRK 0.13% ABT +0.02% AMGN +2.41% Health care stocks extended gains this afternoon, reversing earlier declines, with the NYSE Health Care Index climbing about 0.2% while shares of health care companies"
MMSI,MMSI:UW,BBG000C435Z4,Merit Medical meets 3Q profit forecasts,2015-10-22 21:05:50 +0000,http://sg.finance.yahoo.com/news/merit-medical-meets-3q-profit-210550846.html,Merit Medical meets 3Q profit forecasts
MMSI,MMSI:UW,BBG000C435Z4,"Merit Medical Systems Announces Earnings Release Date/Time and Conference Call Information for the Third Quarter Ended September 30, 2015",2015-10-02 13:50:15 +0000,http://www.noodls.com/view/63931DD1E195A070F0ABAB301C2AFABE6617DD81,"[at noodls] - SOUTH JORDAN, Utah, Oct. 2, 2015 (GLOBE NEWSWIRE) -- Merit Medical Systems, Inc. (NASDAQ:MMSI), a leading manufacturer and marketer of proprietary disposable medical devices used in interventional and ..."
MMSI,MMSI:UW,BBG000C435Z4,Merit Medical to Present at Four Conferences in September,2015-08-26 14:01:18 +0000,http://www.noodls.com/view/3C24C04F111A34041C275D78D24B48B8403FF346,"[at noodls] - Barrington Research - September 2 CL King - September 10 Wells Fargo - September 10 Morgan Stanley - September 17 SOUTH JORDAN, Utah, Aug. 26, 2015 (GLOBE NEWSWIRE) -- Merit Medical Systems, Inc. (NASDAQ:MMSI), ..."
MMSI,MMSI:UW,BBG000C435Z4,Merit Medical beats Street 2Q forecasts,2015-07-23 22:57:54 +0000,http://sg.finance.yahoo.com/news/merit-medical-beats-street-2q-225754627.html,Merit Medical beats Street 2Q forecasts
MMSI,MMSI:UW,BBG000C435Z4,Merit Medical posts 1Q profit,2015-04-23 20:51:43 +0000,http://sg.finance.yahoo.com/news/merit-medical-posts-1q-profit-205143102.html,Merit Medical posts 1Q profit
MMSI,MMSI:UW,BBG000C435Z4,Merit Medical posts 3Q profit,2014-10-23 22:46:05 +0000,http://sg.finance.yahoo.com/news/merit-medical-posts-3q-profit-224605216--finance.html,Merit Medical posts 3Q profit
