RESULT_COUNT: 209,PAGE_SIZE: 10000,CURRENT_PAGE: 1,TOTAL_PAGES: 1,API_CALL_CREDITS: 1
TICKER,FIGI_TICKER,FIGI,TITLE,PUBLICATION_DATE,URL,SUMMARY
SEM,SEM:US,BBG000QCHMH9,"Select Medical Holdings Corporation to Announce Third Quarter 2017 Results on Thursday, November 2",2017-10-16 20:30:00 +0000,https://finance.yahoo.com/news/select-medical-holdings-corporation-announce-203000718.html?.tsrc=rss,"MECHANICSBURG, Pa. , Oct. 16, 2017 /PRNewswire/ -- Select Medical Holdings Corporation (""Select Medical"") (NYSE: SEM), will release the financial results for its third quarter ended September ..."
SEM,SEM:US,BBG000QCHMH9,"Select Medical Holdings Corp. breached its 50 day moving average in a Bullish Manner : SEM-US : October 16, 2017",2017-10-16 12:16:06 +0000,http://finance.yahoo.com/r/b39c9450-e3d5-3b87-bb2a-23e0529ae74e/select-medical-holdings-corp-breached-its-50-day-moving-average-in-a-bullish-manner-sem-us-october-16-2017?yptr=yahoo&.tsrc=rss,"Categories:  ETFs Yahoo FinanceGet full CapitalCube analysis *Disclaimer : This is as of previous day’s closing price. Technical Indicators Below is a quick look at 5 technical indicators for Select Medical Holdings Corp.. More studies are available on the Technical Chart. Indicator Signal Closing Price above/below 50 Day Moving Average Bullish Closing Price above/below 200 Day Moving Average ... Read more
<b>(Read more...)</b>"
SEM,SEM:US,BBG000QCHMH9,Why Select Medical Holdings Corporation’s (SEM) ROE Of 7.42% Does Not Tell The Whole Story,2017-10-12 23:34:38 +0000,https://finance.yahoo.com/news/why-select-medical-holdings-corporation-233438849.html?.tsrc=rss,Select Medical Holdings Corporation’s (NYSE:SEM) most recent return on equity was a substandard 7.42% relative to its industry performance of 13.29% over the past year. Though SEM’s recent performance isRead More...
SEM,SEM:US,BBG000QCHMH9,"Select Medical and Cleveland Clinic Open State-of-the-Art Medical Rehabilitation Hospital in Beachwood, Ohio",2017-10-10 13:03:00 +0000,https://finance.yahoo.com/news/select-medical-cleveland-clinic-open-130300228.html?.tsrc=rss,"MECHANICSBURG, Pa. , Oct. 10, 2017 /PRNewswire/ -- Select Medical Corporation, a wholly-owned subsidiary of Select Medical Holdings Corporation (NYSE: SEM), today announced the opening of a new medical ..."
SEM,SEM:US,BBG000QCHMH9,"ETFs with exposure to Select Medical Holdings Corp. : October 9, 2017",2017-10-09 16:01:25 +0000,http://finance.yahoo.com/r/74ee6e93-811c-31fd-b9f9-69c24bb9bc1b/etfs-with-exposure-to-select-medical-holdings-corp-october-9-2017?yptr=yahoo&.tsrc=rss,"Categories:  ETFs Yahoo FinanceClick here to see latest analysis ETFs with exposure to Select Medical Holdings Corp. Here are 5 ETFs with the largest exposure to SEM-US. Comparing the performance and risk of Select Medical Holdings Corp. with the ETFs that have exposure to it gives us some ETF choices that could give us similar returns with lower ... Read more
<b>(Read more...)</b>"
SEM,SEM:US,BBG000QCHMH9,"Mednax (MD) Acquires Urology Unit, Deepens Reach in Florida",2017-10-04 15:43:03 +0000,https://finance.yahoo.com/news/mednax-md-acquires-urology-unit-154303863.html?.tsrc=rss,Mednax (MD) continues with inorganic growth at a time when organic growth seems difficult to achieve.
SEM,SEM:US,BBG000QCHMH9,4 Top Performers From Health Insurance Industry in Q3,2017-10-03 14:38:02 +0000,https://finance.yahoo.com/news/4-top-performers-health-insurance-143802707.html?.tsrc=rss,"The Health Insurance industry gains from growing medicare business, benefits of ACA, business diversification and healthy balance sheets."
SEM,SEM:US,BBG000QCHMH9,LifePoint (LPNT) Sells Unit to Focus on High-Growth Markets,2017-10-03 13:22:01 +0000,https://finance.yahoo.com/news/lifepoint-lpnt-sells-unit-focus-132201531.html?.tsrc=rss,LifePoint (LPNT) continues its inorganic growth via divestitures and acquisitions.
SEM,SEM:US,BBG000QCHMH9,See what the IHS Markit Score report has to say about Select Medical Holdings Corp.,2017-10-02 12:05:54 +0000,https://finance.yahoo.com/news/see-ihs-markit-score-report-120554874.html?.tsrc=rss,Select Medical Holdings Corp NYSE:SEM
SEM,SEM:US,BBG000QCHMH9,See what the IHS Markit Score report has to say about Select Medical Holdings Corp.,2017-09-29 12:06:24 +0000,https://finance.yahoo.com/news/see-ihs-markit-score-report-120624247.html?.tsrc=rss,Select Medical Holdings Corp NYSE:SEM
SEM,SEM:US,BBG000QCHMH9,Stocks Close Mixed; How The Nasdaq's Big Test Is Faring,2017-09-26 21:53:41 +0000,http://articlefeeds.nasdaq.com/~r/nasdaq/symbols/~3/_9eeaLoW4Aw/stocks-close-mixed-how-the-nasdaqs-big-test-is-faring-cm851399,The stock market closed mixed Tuesday as a rebound faded in afternoon trading ibd display video id 2322063 width 50 float left autostart true The Nasdaq composite rose 0 2 and held up at the 50 day moving average a test of support that will help determine whether the index
SEM,SEM:US,BBG000QCHMH9,"Zacks Industry Outlook Highlights: Triple-S Management, Anthem, UnitedHealth Group and Select Medical Holdings",2017-09-26 12:52:00 +0000,http://articlefeeds.nasdaq.com/~r/nasdaq/symbols/~3/O6556HILxlA/zacks-industry-outlook-highlights-triple-s-management-anthem-unitedhealth-group-and-select-medical-holdings-cm850829,For Immediate Release Chicago IL September 26 2017 Today Zacks Equity Research discusses the Industry Health Insurance Part 1 including Triple S Management Corp 160 NYSE GTS Free Report Anthem Inc 160 NYSE ANTM Free Report UnitedHealth
SEM,SEM:US,BBG000QCHMH9,"Zacks Industry Outlook Highlights: Triple-S Management, Anthem, UnitedHealth Group and Select Medical Holdings",2017-09-26 10:37:10 +0000,https://finance.yahoo.com/news/zacks-industry-outlook-highlights-triple-103710590.html?.tsrc=rss,"Zacks Industry Outlook Highlights: Triple-S Management, Anthem, UnitedHealth Group and Select Medical Holdings"
SEM,SEM:US,BBG000QCHMH9,Health Insurance Industry Stock Outlook - Sept. 2017,2017-09-25 21:49:03 +0000,http://articlefeeds.nasdaq.com/~r/nasdaq/symbols/~3/-G2X4PLoFe4/health-insurance-industry-stock-outlook-sept-2017-cm850694,More than 8 months have passed since the Trump administration took the reins at the White House This was a major political development that many saw as particularly consequential for the health care industry given the GOP s repeal amp replace demand Notwithstanding the priority afforded
SEM,SEM:US,BBG000QCHMH9,Health Insurance Industry Stock Outlook - Sept. 2017,2017-09-25 19:41:07 +0000,https://finance.yahoo.com/news/health-insurance-industry-stock-outlook-194107796.html?.tsrc=rss,Health Insurance Industry Stock Outlook - Sept. 2017
SEM,SEM:US,BBG000QCHMH9,"ETFs with exposure to Select Medical Holdings Corp. : September 22, 2017",2017-09-22 15:18:49 +0000,http://finance.yahoo.com/r/b0af4d89-3597-354f-b5c3-c7901eb3212d/etfs-with-exposure-to-select-medical-holdings-corp-september-22-2017?yptr=yahoo&.tsrc=rss,"Categories:  ETFs Yahoo FinanceClick here to see latest analysis ETFs with exposure to Select Medical Holdings Corp. Here are 5 ETFs with the largest exposure to SEM-US. Comparing the performance and risk of Select Medical Holdings Corp. with the ETFs that have exposure to it gives us some ETF choices that could give us similar returns with lower ... Read more
<b>(Read more...)</b>"
SEM,SEM:US,BBG000QCHMH9,"Select Medical Holdings Corp. :SEM-US: Earnings Analysis: Q2, 2017 By the Numbers : September 20, 2017",2017-09-20 16:40:23 +0000,http://finance.yahoo.com/r/cabb0f53-e1b9-3143-ac6e-36c92f6fa892/select-medical-holdings-corp-sem-us-earnings-analysis-q2-2017-by-the-numbers-september-20-2017?yptr=yahoo&.tsrc=rss,"Categories:  Yahoo FinanceGet free summary analysis Select Medical Holdings Corp. reports financial results for the quarter ended June 30, 2017. We analyze the earnings along side the following peers of Select Medical Holdings Corp. – HealthSouth Corporation, U.S. Physical Therapy, Inc., Community Health Systems, Inc., Tenet Healthcare Corporation, Universal Health Services, Inc. Class B, National HealthCare Corporation, ... Read more
<b>(Read more...)</b>"
SEM,SEM:US,BBG000QCHMH9,See what the IHS Markit Score report has to say about Select Medical Holdings Corp.,2017-09-07 12:05:06 +0000,https://finance.yahoo.com/news/see-ihs-markit-score-report-120506013.html?.tsrc=rss,"The last change in the short interest score occurred more than 1 month ago and implies that there has been little change in sentiment among investors who seek to profit from falling equity prices.  Index (PMI) data, output in the Healthcare sector is rising."
SEM,SEM:US,BBG000QCHMH9,Select Medical to Open Long-Term Acute Care Hospital at Missouri Baptist Medical Center,2017-08-15 13:03:00 +0000,https://finance.yahoo.com/news/select-medical-open-long-term-130300658.html?.tsrc=rss,"MECHANICSBURG, Pa. , Aug. 15, 2017 /PRNewswire/ -- Select Medical Corporation, a wholly-owned subsidiary of Select Medical Holdings Corporation (NYSE: SEM), today announced that it will open a new long-term ..."
SEM,SEM:US,BBG000QCHMH9,See what the IHS Markit Score report has to say about Select Medical Holdings Corp.,2017-08-14 12:02:23 +0000,https://finance.yahoo.com/news/see-ihs-markit-score-report-120223834.html?.tsrc=rss,"The last change in the short interest score occurred more than 1 month ago and implies that there has been little change in sentiment among investors who seek to profit from falling equity prices.  Index (PMI) data, output in the Healthcare sector is rising."
SEM,SEM:US,BBG000QCHMH9,Edited Transcript of SEM earnings conference call or presentation 4-Aug-17 1:00pm GMT,2017-08-13 14:05:50 +0000,https://finance.yahoo.com/news/edited-transcript-sem-earnings-conference-191927325.html?.tsrc=rss,Q2 2017 Select Medical Holdings Corp Earnings Call
SEM,SEM:US,BBG000QCHMH9,See what the IHS Markit Score report has to say about Select Medical Holdings Corp.,2017-08-12 12:04:02 +0000,https://finance.yahoo.com/news/see-ihs-markit-score-report-120402006.html?.tsrc=rss,"The last change in the short interest score occurred more than 1 month ago and implies that there has been little change in sentiment among investors who seek to profit from falling equity prices.  Index (PMI) data, output in the Healthcare sector is rising."
SEM,SEM:US,BBG000QCHMH9,"IHS Markit Score upgrades Select Medical Holdings Corp to 75 out of 100, despite ranking positively in only one IHS Markit category.",2017-08-10 12:03:21 +0000,https://finance.yahoo.com/news/ihs-markit-score-upgrades-select-120321244.html?.tsrc=rss,"The last change in the short interest score occurred more than 1 month ago and implies that there has been little change in sentiment among investors who seek to profit from falling equity prices.  Index (PMI) data, output in the Healthcare sector is rising."
SEM,SEM:US,BBG000QCHMH9,Brookdale Senior Living (BKD) Catches Eye: Stock Up 7.5%,2017-08-09 13:38:23 +0000,http://articlefeeds.nasdaq.com/~r/nasdaq/symbols/~3/RMAJpMrl-Vw/brookdale-senior-living-bkd-catches-eye-stock-up-75-cm829378,Brookdale Senior Living Inc BKD was a big mover last session as the company saw its shares rise nearly 8 on the day The move came on solid volume too with far more shares changing hands than in a normal session This stock which remained volatile and traded within the range of 12 14 73
SEM,SEM:US,BBG000QCHMH9,Brookdale Senior Living (BKD) Catches Eye: Stock Up 7.5%,2017-08-09 12:31:12 +0000,https://finance.yahoo.com/news/brookdale-senior-living-bkd-catches-123112537.html?.tsrc=rss,"Brookdale Senior Living Inc. (BKD) was a big mover last session, as the company saw its shares rise nearly 8% on the day."
SEM,SEM:US,BBG000QCHMH9,"Select Medical (SEM) Q2 Earnings Top Estimates, Revises View",2017-08-08 15:44:18 +0000,http://articlefeeds.nasdaq.com/~r/nasdaq/symbols/~3/FW9KBuE8k5g/select-medical-sem-q2-earnings-top-estimates-revises-view-cm828784,Select Medical Holdings Corp SEM reported second quarter 2017 earnings of 32 cents per share which surpassed the Zacks Consensus Estimate by 28 Also earnings improved year over year by 39 1 160 Notably shares of the company have rallied 12 7 in the last two trading sessions
SEM,SEM:US,BBG000QCHMH9,"Select Medical (SEM) Q2 Earnings Top Estimates, Revises View",2017-08-08 13:21:01 +0000,https://finance.yahoo.com/news/select-medical-sem-q2-earnings-132101429.html?.tsrc=rss,Select Medical&apos;s (SEM) solid Q2 results were driven by the strong performance of all segments.
SEM,SEM:US,BBG000QCHMH9,Select Medical beats 2Q profit forecasts,2017-08-05 05:13:17 +0000,https://finance.yahoo.com/news/select-medical-beats-2q-profit-090825925.html?.tsrc=rss,"On a per-share basis, the Mechanicsburg, Pennsylvania-based company said it had profit of 32 cents. The results topped Wall Street expectations. The average estimate of three analysts surveyed by Zacks ..."
SEM,SEM:US,BBG000QCHMH9,Investor Network: Select Medical Holdings Corporation to Host Earnings Call,2017-08-04 10:30:00 +0000,https://finance.yahoo.com/news/investor-network-select-medical-holdings-103000247.html?.tsrc=rss,"NEW YORK, NY / ACCESSWIRE / August 4, 2017 / Select Medical Holdings Corporation (NYSE: SEM ) will be discussing their earnings results in their Q2 Earnings Call to be held on Friday, August 4, 2017 at ..."
SEM,SEM:US,BBG000QCHMH9,"Select Medical Holdings Corporation Announces Results For Its Second Quarter Ended June 30, 2017",2017-08-03 20:30:00 +0000,https://finance.yahoo.com/news/select-medical-holdings-corporation-announces-203000799.html?.tsrc=rss,"MECHANICSBURG, Pa. , Aug. 3, 2017 /PRNewswire/ -- Select Medical Holdings Corporation (""Select Medical"") (NYSE: SEM) today announced results for its second quarter ended June 30, 2017 . For the ..."
SEM,SEM:US,BBG000QCHMH9,"UnitedHealth (UNH) Beats on Q2 Earnings, Guides Up for 2017",2017-07-18 16:08:14 +0000,http://articlefeeds.nasdaq.com/~r/nasdaq/symbols/~3/WnTssQfyyss/unitedhealth-unh-beats-on-q2-earnings-guides-up-for-2017-cm817559,UnitedHealth Group Inc UNH reported second quarter net operating earnings per share of 2 46 comfortably beating the Zacks Consensus Estimate of 2 38 and increasing 25 5 year over year Higher revenues strength in both its segments UnitedHealthcare and Optum and membership
SEM,SEM:US,BBG000QCHMH9,"Select Medical Holdings Corporation to Announce Second Quarter 2017 Results on Thursday, August 3",2017-07-17 20:00:00 +0000,https://finance.yahoo.com/news/select-medical-holdings-corporation-announce-200000559.html?.tsrc=rss,"MECHANICSBURG, Pa. , July 17, 2017 /PRNewswire/ -- Select Medical Holdings Corporation (""Select Medical"") (NYSE: SEM), will release the financial results for its second quarter ended June 30, ..."
SEM,SEM:US,BBG000QCHMH9,"ETFs with exposure to Select Medical Holdings Corp. : July 13, 2017",2017-07-13 20:33:23 +0000,http://finance.yahoo.com/r/e0b69b1e-96c3-39de-8789-d51ed5abc644/etfs-with-exposure-to-select-medical-holdings-corp-july-13-2017?yptr=yahoo&.tsrc=rss,"Categories:  ETFs Yahoo FinanceClick here to see latest analysis ETFs with exposure to Select Medical Holdings Corp. Here are 5 ETFs with the largest exposure to SEM-US. Comparing the performance and risk of Select Medical Holdings Corp. with the ETFs that have exposure to it gives us some ETF choices that could give us similar returns with lower ... Read more
<b>(Read more...)</b>"
SEM,SEM:US,BBG000QCHMH9,Select Medical And SSM Health Open New Acute Rehabilitation Hospital In Lake Saint Louis,2017-07-11 13:03:00 +0000,https://finance.yahoo.com/news/select-medical-ssm-health-open-130300947.html?.tsrc=rss,"MECHANICSBURG, Pa. and ST. LOUIS , July 11, 2017 /PRNewswire/ -- Select Medical Corporation, a wholly-owned subsidiary of Select Medical Holdings Corporation (NYSE: SEM), in a joint venture partnership ..."
SEM,SEM:US,BBG000QCHMH9,"ETFs with exposure to Select Medical Holdings Corp. : June 26, 2017",2017-06-26 20:52:59 +0000,http://finance.yahoo.com/r/44c000d8-c38f-34c0-b4d5-1622477eb752/etfs-with-exposure-to-select-medical-holdings-corp-june-26-2017?yptr=yahoo&.tsrc=rss,"Categories:  ETFs Yahoo FinanceClick here to see latest analysis ETFs with exposure to Select Medical Holdings Corp. Here are 5 ETFs with the largest exposure to SEM-US. Comparing the performance and risk of Select Medical Holdings Corp. with the ETFs that have exposure to it gives us some ETF choices that could give us similar returns with lower ... Read more
<b>(Read more...)</b>"
SEM,SEM:US,BBG000QCHMH9,"ETFs with exposure to Select Medical Holdings Corp. : June 8, 2017",2017-06-08 17:56:15 +0000,http://finance.yahoo.com/r/04f983e5-91fa-3f82-958e-57dc394cc561/etfs-with-exposure-to-select-medical-holdings-corp-june-8-2017?yptr=yahoo&.tsrc=rss,"Categories:  ETFs Yahoo FinanceClick here to see latest analysis ETFs with exposure to Select Medical Holdings Corp. Here are 5 ETFs with the largest exposure to SEM-US. Comparing the performance and risk of Select Medical Holdings Corp. with the ETFs that have exposure to it gives us some ETF choices that could give us similar returns with lower ... Read more
<b>(Read more...)</b>"
SEM,SEM:US,BBG000QCHMH9,"Select Medical Holdings Corp. :SEM-US: Earnings Analysis: Q1, 2017 By the Numbers : June 6, 2017",2017-06-06 13:17:41 +0000,http://finance.yahoo.com/r/c919182a-5602-3560-a469-7dc57214ceaf/select-medical-holdings-corp-sem-us-earnings-analysis-q1-2017-by-the-numbers-june-6-2017?yptr=yahoo&.tsrc=rss,"Categories:  Yahoo FinanceGet free summary analysis Select Medical Holdings Corp. reports financial results for the quarter ended March 31, 2017. We analyze the earnings along side the following peers of Select Medical Holdings Corp. – HealthSouth Corporation, Tenet Healthcare Corporation, Community Health Systems, Inc., Universal Health Services, Inc. Class B, Netcare Limited Unsponsored ADR, Genesis Healthcare Inc ... Read more
<b>(Read more...)</b>"
SEM,SEM:US,BBG000QCHMH9,Will Health Insurers Have to Rework Under ACHA?,2017-06-05 23:01:45 +0000,http://articlefeeds.nasdaq.com/~r/nasdaq/symbols/~3/cO7oFM-PLYA/will-health-insurers-have-to-rework-under-acha-cm799054,Though the health insurance industry has always faced regulations the Affordable Care Act ACA or Obamacare enacted in 2010 was so heavy on regulatory oversight that it made health insurance almost synonymous with regulations The reform with its numerous provisions took away
SEM,SEM:US,BBG000QCHMH9,"Select Medical Holdings Corp. – Value Analysis (NYSE:SEM) : June 2, 2017",2017-06-02 19:04:21 +0000,http://finance.yahoo.com/r/8072e09f-b651-3d8d-af21-64b0309cb48d/select-medical-holdings-corp-value-analysis-nysesem-june-2-2017?yptr=yahoo&.tsrc=rss,"Categories:  Fundamental Analysis Yahoo FinanceClick here to see latest analysis Capitalcube gives Select Medical Holdings Corp. a score of 38. Our analysis is based on comparing Select Medical Holdings Corp. with the following peers – HealthSouth Corporation, U.S. Physical Therapy, Inc., Tenet Healthcare Corporation, Community Health Systems, Inc., Universal Health Services, Inc. Class B, Netcare Limited Unsponsored ADR, Genesis ... Read more
<b>(Read more...)</b>"
SEM,SEM:US,BBG000QCHMH9,"Select Medical Holdings Corp. breached its 50 day moving average in a Bearish Manner : SEM-US : June 1, 2017",2017-06-01 12:41:47 +0000,http://finance.yahoo.com/r/cb89fcbc-1100-3fc3-bb9e-2b390a231966/select-medical-holdings-corp-breached-its-50-day-moving-average-in-a-bearish-manner-sem-us-june-1-2017?yptr=yahoo&.tsrc=rss,"Categories:  ETFs Yahoo FinanceClick here to see latest analysis *Disclaimer : This is as of previous day’s closing price. Technical Indicators Below is a quick look at 5 technical indicators for Select Medical Holdings Corp.. More studies are available on the Technical Chart. Indicator Signal Closing Price above/below 50 Day Moving Average Bearish Closing Price above/below 200 Day ... Read more
<b>(Read more...)</b>"
SEM,SEM:US,BBG000QCHMH9,The 3 Best Hospital Stocks to Buy in 2017,2017-05-17 22:14:36 +0000,http://articlefeeds.nasdaq.com/~r/nasdaq/symbols/~3/j2LFBQppOTQ/the-3-best-hospital-stocks-to-buy-in-2017-cm790899,Hospital stocks boomed as the Affordable Care Act rolled out in the first half of the decade However the future of Obamacare is now up in the air And hospital stocks aren t faring nearly as well There are still some hospital stocks that could be smart picks over the long run
SEM,SEM:US,BBG000QCHMH9,The 3 Best Hospital Stocks to Buy in 2017,2017-05-17 20:42:00 +0000,http://finance.yahoo.com/r/4002cae2-30d5-36a1-b0d2-14e28725cb58/the-3-best-hospital-stocks-to-buy-in-2017.aspx?yptr=yahoo&.tsrc=rss,"Looking for hospital stocks to buy? Here&apos;s why HCA Healthcare, Select Medical Holdings, and Tenet Healthcare rank at the top."
SEM,SEM:US,BBG000QCHMH9,Edited Transcript of SEM earnings conference call or presentation 5-May-17 1:00pm GMT,2017-05-09 23:46:30 +0000,http://finance.yahoo.com/news/edited-transcript-sem-earnings-conference-124539592.html?.tsrc=rss,Q1 2017 Select Medical Holdings Corp Earnings Call
SEM,SEM:US,BBG000QCHMH9,Select Medical beats 1Q profit forecasts,2017-05-05 09:03:50 +0000,http://finance.yahoo.com/news/select-medical-beats-1q-profit-090350731.html?.tsrc=rss,"On a per-share basis, the Mechanicsburg, Pennsylvania-based company said it had net income of 12 cents. Earnings, adjusted for non-recurring costs, were 21 cents per share. The results exceeded Wall Street ..."
SEM,SEM:US,BBG000QCHMH9,"Select Medical Holdings Corporation Announces Results for First Quarter Ended March 31, 2017",2017-05-04 20:30:00 +0000,http://finance.yahoo.com/news/select-medical-holdings-corporation-announces-203000435.html?.tsrc=rss,"MECHANICSBURG, Pa., May 4, 2017 /PRNewswire/ -- Select Medical Holdings Corporation (""Select Medical"") (NYSE: SEM) today announced results for its first quarter ended March 31, 2017. For the ..."
SEM,SEM:US,BBG000QCHMH9,Centene (CNC) Beats Q1 Earnings on HealthNet Acquisition,2017-04-25 20:07:53 +0000,http://articlefeeds.nasdaq.com/~r/nasdaq/symbols/~3/k8ZUnKiZhbM/centene-cnc-beats-q1-earnings-on-healthnet-acquisition-cm779013,Centene Inc CNC reported first quarter 2017 adjusted net income per share of 1 12 cents which beat the Zacks Consensus Estimate by 5 7 Earnings also improved 51 26 year over year primarily on the back of higher revenues Adjusted net earnings from continuing operations soared
SEM,SEM:US,BBG000QCHMH9,Top Ranked Value Stocks to Buy for April 19th,2017-04-19 11:52:11 +0000,http://finance.yahoo.com/news/top-ranked-value-stocks-buy-115211566.html?.tsrc=rss,Top Ranked Value Stocks to Buy for April 19th
SEM,SEM:US,BBG000QCHMH9,"Select Medical Holdings Corporation to Announce First Quarter 2017 Results on Thursday, May 4",2017-04-17 21:00:00 +0000,http://finance.yahoo.com/news/select-medical-holdings-corporation-announce-210000128.html?.tsrc=rss,"MECHANICSBURG, Pa., April 17, 2017 /PRNewswire/ -- Select Medical Holdings Corporation (""Select Medical"") (NYSE: SEM), will release the financial results for its first quarter ended March 31, ..."
SEM,SEM:US,BBG000QCHMH9,"Select Medical Holdings Corp. breached its 50 day moving average in a Bullish Manner : SEM-US : April 3, 2017",2017-04-03 12:17:27 +0000,http://finance.yahoo.com/r/37b03ef3-00fa-3e60-9c42-fb5b9793d5cf/select-medical-holdings-corp-breached-its-50-day-moving-average-in-a-bullish-manner-sem-us-april-3-2017?yptr=yahoo&.tsrc=rss,"Categories:   ETFs Yahoo Finance Click here to see latest analysis *Disclaimer : This is as of previous day’s closing price. Technical Indicators Below is a quick look at 5 technical indicators for Select Medical Holdings Corp.. More studies are available on the Technical Chart. Indicator Signal Closing Price above/below 50 Day Moving Average Bullish Closing Price above/below 200 Day ... Read more    
<b>(Read more...)</b>"
SEM,SEM:US,BBG000QCHMH9,"Select Medical Holdings Corp. breached its 50 day moving average in a Bullish Manner : SEM-US : April 3, 2017",2017-04-03 12:17:27 +0000,http://www.capitalcube.com/blog/index.php/select-medical-holdings-corp-breached-its-50-day-moving-average-in-a-bullish-manner-sem-us-april-3-2017/,"Select Medical Holdings Corp. breached its 50 day moving average in a Bullish Manner : SEM-US : April 3, 2017"
SEM,SEM:US,BBG000QCHMH9,Coverage initiated on Select Medical by The Benchmark Company,2017-03-31 12:45:29 +0000,http://finance.yahoo.com/q/ud?s=SEM,Coverage initiated on Select Medical by The Benchmark Company
SEM,SEM:US,BBG000QCHMH9,Select Medical And Riverside Health Enter Joint Venture To Build And Operate Specialty Hospitals Serving The Coastal Virginia Region,2017-03-30 13:25:00 +0000,http://finance.yahoo.com/news/select-medical-riverside-health-enter-132500742.html,"[PR Newswire] - MECHANICSBURG, Pa. and NEWPORT NEWS, Va., March 30, 2017 /PRNewswire/ -- Select Medical Corporation, a wholly-owned subsidiary of Select Medical Holdings Corporation (NYSE: SEM), today announced a joint ..."
SEM,SEM:US,BBG000QCHMH9,Select Medical And Riverside Health Enter Joint Venture To Build And Operate Specialty Hospitals Serving The Coastal Virginia Region,2017-03-30 13:25:00 +0000,http://finance.yahoo.com/news/select-medical-riverside-health-enter-132500742.html?.tsrc=rss,"MECHANICSBURG, Pa. and NEWPORT NEWS, Va., March 30, 2017 /PRNewswire/ -- Select Medical Corporation, a wholly-owned subsidiary of Select Medical Holdings Corporation (NYSE: SEM), today announced a joint ..."
SEM,SEM:US,BBG000QCHMH9,Select Medical And Spectrum Health Form Joint Venture To Provide Long-Term Acute Care To Grand Rapids Community,2017-03-30 12:05:00 +0000,http://finance.yahoo.com/news/select-medical-spectrum-health-form-120500402.html?.tsrc=rss,"MECHANICSBURG, Pa. and GRAND RAPIDS, Mich., March 30, 2017 /PRNewswire/ -- Select Medical Corporation, a wholly-owned subsidiary of Select Medical Holdings Corporation (NYSE: SEM), and Spectrum Health, ..."
SEM,SEM:US,BBG000QCHMH9,Select Medical And Spectrum Health Form Joint Venture To Provide Long-Term Acute Care To Grand Rapids Community,2017-03-30 12:05:00 +0000,http://finance.yahoo.com/news/select-medical-spectrum-health-form-120500402.html,"[PR Newswire] - MECHANICSBURG, Pa. and GRAND RAPIDS, Mich., March 30, 2017 /PRNewswire/ -- Select Medical Corporation, a wholly-owned subsidiary of Select Medical Holdings Corporation (NYSE: SEM), and Spectrum Health, ..."
SEM,SEM:US,BBG000QCHMH9,"North Tide Capital, Llc Buys Impax Laboratories, Allergan PLC, Accuray, Sells Community Health ...",2017-03-11 20:10:11 +0000,http://articlefeeds.nasdaq.com/~r/nasdaq/symbols/~3/Ozc1O_O6Eqs/north-tide-capital-llc-buys-impax-laboratories-allergan-plc-accuray-sells-community-health-cm759673,North Tide Capital Llc New Purchases IPXL AGN ARAY Added Positions MYGN KND Reduced Positions MYL SEM SVU GILD LPNT Sold Out CYH VRX PRGO AFAM ADUS New Purchases IPXL AGN ARAY New Purchases IPXL
SEM,SEM:US,BBG000QCHMH9,"SELECT MEDICAL HOLDINGS CORP Files SEC form 8-K, Regulation FD Disclosure, Financial Statements and Exhibits",2017-03-08 21:48:51 +0000,http://biz.yahoo.com/e/170308/sem8-k.html,"SELECT MEDICAL HOLDINGS CORP Files SEC form 8-K, Regulation FD Disclosure, Financial Statements and Exhibits"
SEM,SEM:US,BBG000QCHMH9,"North Tide Capital, Llc Buys Impax Laboratories, Allergan PLC, Accuray, Sells Community Health ...",2017-03-08 20:12:20 +0000,http://articlefeeds.nasdaq.com/~r/nasdaq/symbols/~3/IuodXHOEyHA/north-tide-capital-llc-buys-impax-laboratories-allergan-plc-accuray-sells-community-health-cm758098,North Tide Capital Llc New Purchases IPXL AGN ARAY Added Positions MYGN KND Reduced Positions MYL SEM SVU GILD LPNT Sold Out CYH VRX PRGO AFAM ADUS New Purchases IPXL AGN ARAY New Purchases IPXL
SEM,SEM:US,BBG000QCHMH9,Select Medical And Dignity Health Form Joint Venture To Build Acute Inpatient Rehabilitation Hospital In Las Vegas Area,2017-03-08 14:03:00 +0000,http://finance.yahoo.com/news/select-medical-dignity-health-form-140300962.html,"[PR Newswire] - MECHANICSBURG, Pa. and HENDERSON, Nev., March 8, 2017 /PRNewswire/ -- Select Medical Corporation, a wholly-owned subsidiary of Select Medical Holdings Corporation (NYSE: SEM), today announced a joint venture ..."
SEM,SEM:US,BBG000QCHMH9,Select Medical And Dignity Health Form Joint Venture To Build Acute Inpatient Rehabilitation Hospital In Las Vegas Area,2017-03-08 14:03:00 +0000,http://finance.yahoo.com/news/select-medical-dignity-health-form-140300962.html?.tsrc=rss,"MECHANICSBURG, Pa. and HENDERSON, Nev., March 8, 2017 /PRNewswire/ -- Select Medical Corporation, a wholly-owned subsidiary of Select Medical Holdings Corporation (NYSE: SEM), today announced a joint venture ..."
SEM,SEM:US,BBG000QCHMH9,Post Earnings Coverage as Community Health Exceeded Earnings Expectations; Adjusted EBITDA Grew 7%,2017-03-08 13:15:00 +0000,http://finance.yahoo.com/news/post-earnings-coverage-community-health-131500239.html,"[Accesswire] - Upcoming AWS Coverage on Select Medical Holdings Post-Earnings Results LONDON, UK / ACCESSWIRE / March 8, 2017 / Active Wall St. announces its post-earnings coverage on Community Health Systems, Inc. (NYSE: ..."
SEM,SEM:US,BBG000QCHMH9,Post Earnings Coverage as Community Health Exceeded Earnings Expectations; Adjusted EBITDA Grew 7%,2017-03-08 13:15:00 +0000,http://finance.yahoo.com/news/post-earnings-coverage-community-health-131500239.html?.tsrc=rss,"Upcoming AWS Coverage on Select Medical Holdings Post-Earnings Results LONDON, UK / ACCESSWIRE / March 8, 2017 / Active Wall St. announces its post-earnings coverage on Community Health Systems, Inc. (NYSE: ..."
SEM,SEM:US,BBG000QCHMH9,"SELECT MEDICAL HOLDINGS CORP Files SEC form 8-K, Entry into a Material Definitive Agreement, Creation of a Direct Fin",2017-03-07 11:03:27 +0000,http://biz.yahoo.com/e/170307/sem8-k.html,"SELECT MEDICAL HOLDINGS CORP Files SEC form 8-K, Entry into a Material Definitive Agreement, Creation of a Direct Fin"
SEM,SEM:US,BBG000QCHMH9,Penn State Hershey Rehabilitation Hospital Earns Prestigious CARF Accreditation For Stroke Specialty Program,2017-03-06 15:00:00 +0000,http://finance.yahoo.com/news/penn-state-hershey-rehabilitation-hospital-150000056.html,"[PR Newswire] - HERSHEY, Pa., March 6, 2017 /PRNewswire/ -- Penn State Hershey Rehabilitation Hospital, a joint venture partnership between Select Medical and Penn State Health Milton S. Hershey Medical Center, today announced that it received CARF International accreditation for a period of three years for its stroke specialty program. The prestigious accreditation marks a provider's commitment to continually enhance the quality of services and programs with a focus on patient satisfaction and outcomes."
SEM,SEM:US,BBG000QCHMH9,Penn State Hershey Rehabilitation Hospital Earns Prestigious CARF Accreditation For Stroke Specialty Program,2017-03-06 15:00:00 +0000,http://finance.yahoo.com/news/penn-state-hershey-rehabilitation-hospital-150000056.html?.tsrc=rss,"HERSHEY, Pa., March 6, 2017 /PRNewswire/ -- Penn State Hershey Rehabilitation Hospital, a joint venture partnership between Select Medical and Penn State Health Milton S. Hershey Medical Center, today announced that it received CARF International accreditation for a period of three years for its stroke specialty program.  The prestigious accreditation marks a provider's commitment to continually enhance the quality of services and programs with a focus on patient satisfaction and outcomes."
SEM,SEM:US,BBG000QCHMH9,"North Tide Capital, Llc Buys Impax Laboratories, Allergan PLC, Accuray, Sells Community Health ...",2017-03-03 20:12:07 +0000,http://articlefeeds.nasdaq.com/~r/nasdaq/symbols/~3/1jN7Nn4oyfc/north-tide-capital-llc-buys-impax-laboratories-allergan-plc-accuray-sells-community-health-cm756152,North Tide Capital Llc New Purchases IPXL AGN ARAY Added Positions MYGN KND Reduced Positions MYL SEM SVU GILD LPNT Sold Out CYH VRX PRGO AFAM ADUS New Purchases IPXL AGN ARAY New Purchases IPXL
SEM,SEM:US,BBG000QCHMH9,SELECT MEDICAL HOLDINGS CORP Financials,2017-03-01 18:04:11 +0000,http://finance.yahoo.com/q/is?s=sem,SELECT MEDICAL HOLDINGS CORP Financials
SEM,SEM:US,BBG000QCHMH9,"Select Medical Holdings Corp. :SEM-US: Earnings Analysis: 2016 By the Numbers : March 1, 2017",2017-03-01 17:44:08 +0000,http://finance.yahoo.com/r/3264f250-6ccf-34e6-9568-965f9f482ee0/select-medical-holdings-corp-sem-us-earnings-analysis-2016-by-the-numbers-march-1-2017?yptr=yahoo&.tsrc=rss,"Categories:   Yahoo Finance Get free summary analysis Select Medical Holdings Corp. reports financial results for the year ended December 31, 2016. We analyze the earnings along side the following peers of Select Medical Holdings Corp. – HealthSouth Corporation, Tenet Healthcare Corporation, Community Health Systems, Inc., National HealthCare Corporation, Genesis Healthcare Inc Class A and Kindred Healthcare, Inc. (HLS-US, ... Read more    
<b>(Read more...)</b>"
SEM,SEM:US,BBG000QCHMH9,"Select Medical Holdings Corp. :SEM-US: Earnings Analysis: 2016 By the Numbers : March 1, 2017",2017-03-01 17:44:08 +0000,http://www.capitalcube.com/blog/index.php/select-medical-holdings-corp-sem-us-earnings-analysis-2016-by-the-numbers-march-1-2017/,"Select Medical Holdings Corp. :SEM-US: Earnings Analysis: 2016 By the Numbers : March 1, 2017"
SEM,SEM:US,BBG000QCHMH9,"North Tide Capital, Llc Buys Impax Laboratories, Allergan PLC, Accuray, Sells Community Health ...",2017-02-28 19:49:17 +0000,http://articlefeeds.nasdaq.com/~r/nasdaq/symbols/~3/4C-kLu33Wgk/north-tide-capital-llc-buys-impax-laboratories-allergan-plc-accuray-sells-community-health-cm754423,North Tide Capital Llc New Purchases IPXL AGN ARAY Added Positions MYGN KND Reduced Positions MYL SEM SVU GILD LPNT Sold Out CYH VRX PRGO AFAM ADUS New Purchases IPXL AGN ARAY New Purchases IPXL
SEM,SEM:US,BBG000QCHMH9,"Select Medical (SEM) Q4 Earnings Miss, Keeps 2017 Guidance",2017-02-28 16:53:03 +0000,http://articlefeeds.nasdaq.com/~r/nasdaq/symbols/~3/v35cd0iBh8M/select-medical-sem-q4-earnings-miss-keeps-2017-guidance-cm754245,Select Medical Holdings Corp SEM reported fourth quarter 2016 earnings of 12 cents per share which missed the Zacks Consensus Estimate by a couple of cents Also earnings declined by a dime from the year ago level In spite of an improvement in revenues the bottom line growth
SEM,SEM:US,BBG000QCHMH9,"Select Medical (SEM) Q4 Earnings Miss, Keeps 2017 Guidance",2017-02-28 14:23:02 +0000,http://finance.yahoo.com/news/select-medical-sem-q4-earnings-142302075.html?.tsrc=rss,"Select Medical Holdings Corp. (SEM) reported fourth-quarter 2016 earnings of 12 cents per share, which missed the Zacks Consensus Estimate by a couple of cents."
SEM,SEM:US,BBG000QCHMH9,"Select Medical (SEM) Q4 Earnings Miss, Keeps 2017 Guidance",2017-02-28 14:23:02 +0000,http://finance.yahoo.com/news/select-medical-sem-q4-earnings-142302075.html,"Select Medical (SEM) Q4 Earnings Miss, Keeps 2017 Guidance"
SEM,SEM:US,BBG000QCHMH9,"Select Medical Holdings Corp. :SEM-US: Earnings Analysis: Q4, 2016 By the Numbers : February 27, 2017",2017-02-27 15:33:27 +0000,http://www.capitalcube.com/blog/index.php/select-medical-holdings-corp-sem-us-earnings-analysis-q4-2016-by-the-numbers-february-27-2017/,"Select Medical Holdings Corp. :SEM-US: Earnings Analysis: Q4, 2016 By the Numbers : February 27, 2017"
SEM,SEM:US,BBG000QCHMH9,Edited Transcript of SEM earnings conference call or presentation 24-Feb-17 2:00pm GMT,2017-02-24 18:29:16 +0000,http://finance.yahoo.com/news/edited-transcript-sem-earnings-conference-182916663.html?.tsrc=rss,Q4 2016 Select Medical Holdings Corp Earnings Call
SEM,SEM:US,BBG000QCHMH9,Edited Transcript of SEM earnings conference call or presentation 24-Feb-17 2:00pm GMT,2017-02-24 18:29:16 +0000,http://finance.yahoo.com/news/edited-transcript-sem-earnings-conference-182916663.html,Edited Transcript of SEM earnings conference call or presentation 24-Feb-17 2:00pm GMT
SEM,SEM:US,BBG000QCHMH9,Select Medical beats 4Q profit forecasts,2017-02-24 00:55:41 +0000,http://finance.yahoo.com/news/select-medical-beats-4q-profit-005541231.html?.tsrc=rss,"The Mechanicsburg, Pennsylvania-based company said it had net income of 15 cents per share. Earnings, adjusted for non-recurring gains, were 12 cents per share. The results exceeded Wall Street expectations. ..."
SEM,SEM:US,BBG000QCHMH9,Select Medical beats 4Q profit forecasts,2017-02-24 00:55:41 +0000,http://sg.finance.yahoo.com/news/select-medical-beats-4q-profit-005541500.html,Select Medical beats 4Q profit forecasts
SEM,SEM:US,BBG000QCHMH9,"SELECT MEDICAL HOLDINGS CORP Files SEC form 8-K, Results of Operations and Financial Condition, Financial Statements",2017-02-23 22:15:49 +0000,http://biz.yahoo.com/e/170223/sem8-k.html,"SELECT MEDICAL HOLDINGS CORP Files SEC form 8-K, Results of Operations and Financial Condition, Financial Statements"
SEM,SEM:US,BBG000QCHMH9,"SELECT MEDICAL HOLDINGS CORP Files SEC form 10-K, Annual Report",2017-02-23 22:12:33 +0000,http://biz.yahoo.com/e/170223/sem10-k.html,"SELECT MEDICAL HOLDINGS CORP Files SEC form 10-K, Annual Report"
SEM,SEM:US,BBG000QCHMH9,"4:36 pm Select Medical beats by $0.01, reports revs in-line; reaffirms FY17 guidance",2017-02-23 21:36:00 +0000,http://finance.yahoo.com/news/inplay-briefing-com-055139997.html#sem,"4:36 pm Select Medical beats by $0.01, reports revs in-line; reaffirms FY17 guidance"
SEM,SEM:US,BBG000QCHMH9,"Select Medical Holdings Corporation Announces Results for Fourth Quarter and Year Ended December 31, 2016",2017-02-23 21:30:00 +0000,http://finance.yahoo.com/news/select-medical-holdings-corporation-announces-213000164.html,"[PR Newswire] - MECHANICSBURG, Pa., Feb. 23, 2017 /PRNewswire/ -- Select Medical Holdings Corporation (""Select Medical"") (NYSE: SEM) today announced results for its fourth quarter and year ended December 31, ..."
SEM,SEM:US,BBG000QCHMH9,"North Tide Capital, Llc Buys Impax Laboratories, Allergan PLC, Accuray, Sells Community Health ...",2017-02-23 19:49:01 +0000,http://articlefeeds.nasdaq.com/~r/nasdaq/symbols/~3/nVvn7zeEDOw/north-tide-capital-llc-buys-impax-laboratories-allergan-plc-accuray-sells-community-health-cm752297,North Tide Capital Llc New Purchases IPXL AGN ARAY Added Positions MYGN KND Reduced Positions MYL SEM SVU GILD LPNT Sold Out CYH VRX PRGO AFAM ADUS New Purchases IPXL AGN ARAY New Purchases IPXL
SEM,SEM:US,BBG000QCHMH9,Q4 2016 Select Medical Holdings Corp Earnings Release - After Market Close,2017-02-23 12:07:05 +0000,http://biz.yahoo.com/research/earncal/20170223.html?t=sem,Q4 2016 Select Medical Holdings Corp Earnings Release - After Market Close
SEM,SEM:US,BBG000QCHMH9,"Healthcare Earnings to Watch on Feb 23: ACHC, SEM & More",2017-02-22 15:54:05 +0000,http://articlefeeds.nasdaq.com/~r/nasdaq/symbols/~3/KuYY-pNcQ2A/healthcare-earnings-to-watch-on-feb-23-achc-sem-more-cm751240,We are in the tail end of the Q4 reporting cycle which is on track to witness the highest growth momentum in the last two years As of Feb 17 2017 411 S amp P 500 members accounting for 88 4 of the index s total market capitalization have reported results according to the latest
SEM,SEM:US,BBG000QCHMH9,"Healthcare Earnings to Watch on Feb 23: ACHC, SEM & More",2017-02-22 14:09:02 +0000,http://finance.yahoo.com/news/healthcare-earnings-watch-feb-23-140902986.html?.tsrc=rss,We take a sneak peek at two healthcare stocks scheduled to report fourth-quarter figures on Feb 23.
SEM,SEM:US,BBG000QCHMH9,"Healthcare Earnings to Watch on Feb 23: ACHC, SEM & More",2017-02-22 14:09:02 +0000,http://finance.yahoo.com/news/healthcare-earnings-watch-feb-23-140902986.html,"Healthcare Earnings to Watch on Feb 23: ACHC, SEM & More"
SEM,SEM:US,BBG000QCHMH9,SEM April 21st Options Begin Trading,2017-02-21 19:07:06 +0000,http://articlefeeds.nasdaq.com/~r/nasdaq/symbols/~3/WbXwIYmNTHs/sem-april-21st-options-begin-trading-cm750771,Investors in Select Medical Holdings Corp Symbol SEM saw new options begin trading today for the April 21st expiration At Stock Options Channel our YieldBoost formula has looked up and down the SEM options chain for the new April 21st contracts and identified the following call contract
SEM,SEM:US,BBG000QCHMH9,"SELECT MEDICAL HOLDINGS CORP Files SEC form 8-K, Change in Directors or Principal Officers, Regulation FD Disclosure,",2017-02-21 13:41:44 +0000,http://biz.yahoo.com/e/170221/sem8-k.html,"SELECT MEDICAL HOLDINGS CORP Files SEC form 8-K, Change in Directors or Principal Officers, Regulation FD Disclosure,"
SEM,SEM:US,BBG000QCHMH9,Select Medical Holdings Corporation Announces Appointment of Dr. Harold L. Paz to the Board of Directors,2017-02-21 13:00:00 +0000,http://finance.yahoo.com/news/select-medical-holdings-corporation-announces-130000020.html,"[PR Newswire] - MECHANICSBURG, Pa., Feb. 21, 2017 /PRNewswire/ -- Select Medical Holdings Corporation (""Select Medical"") (SEM) today announced the appointment of Dr. Harold L. Paz to its Board of Directors (the ""Board""), effective on March 1, 2017. ""We are delighted to welcome Dr. Paz to the Board,"" said Robert A. Ortenzio, Executive Chairman and Co-Founder of Select Medical."
SEM,SEM:US,BBG000QCHMH9,Select Medical Holdings Corporation Announces Appointment of Dr. Harold L. Paz to the Board of Directors,2017-02-21 13:00:00 +0000,http://finance.yahoo.com/news/select-medical-holdings-corporation-announces-130000020.html?.tsrc=rss,"MECHANICSBURG, Pa., Feb. 21, 2017 /PRNewswire/ -- Select Medical Holdings Corporation (""Select Medical"") (SEM) today announced the appointment of Dr. Harold L. Paz to its Board of Directors (the ""Board""), effective on March 1, 2017.  ""We are delighted to welcome Dr. Paz to the Board,"" said Robert A. Ortenzio, Executive Chairman and Co-Founder of Select Medical."
SEM,SEM:US,BBG000QCHMH9,"North Tide Capital, Llc Buys Impax Laboratories, Allergan PLC, Accuray, Sells Community Health ...",2017-02-15 21:53:28 +0000,http://articlefeeds.nasdaq.com/~r/nasdaq/symbols/~3/1oDyK5HlIfE/north-tide-capital-llc-buys-impax-laboratories-allergan-plc-accuray-sells-community-health-cm748594,North Tide Capital Llc New Purchases IPXL AGN ARAY Added Positions MYGN KND Reduced Positions MYL SEM SVU GILD LPNT Sold Out CYH VRX PRGO AFAM ADUS New Purchases IPXL AGN ARAY New Purchases IPXL
SEM,SEM:US,BBG000QCHMH9,Select Medical Holdings is Now Oversold (SEM),2017-02-01 22:31:08 +0000,http://articlefeeds.nasdaq.com/~r/nasdaq/symbols/~3/Ug0v1plmaf8/select-medical-holdings-is-now-oversold-sem-cm741843,Legendary investor Warren Buffett advises to be fearful when others are greedy and be greedy when others are fearful One way we can try to measure the level of fear in a given stock is through a technical analysis indicator called the Relative Strength Index or RSI which measures momentum on
SEM,SEM:US,BBG000QCHMH9,"Select Medical Holdings Corp. – Value Analysis (NYSE:SEM) : February 1, 2017",2017-02-01 20:00:27 +0000,http://www.capitalcube.com/blog/index.php/select-medical-holdings-corp-value-analysis-nysesem-february-1-2017/,"Select Medical Holdings Corp. – Value Analysis (NYSE:SEM) : February 1, 2017"
SEM,SEM:US,BBG000QCHMH9,"Select Medical Holdings Corp. – Value Analysis (NYSE:SEM) : February 1, 2017",2017-02-01 20:00:27 +0000,http://finance.yahoo.com/r/0333d779-a274-3383-b5db-486592b23c92/select-medical-holdings-corp-value-analysis-nysesem-february-1-2017?yptr=yahoo&.tsrc=rss,"Categories:   Fundamental Analysis Yahoo Finance Click here to see latest analysis Capitalcube gives Select Medical Holdings Corp. a score of 41. Our analysis is based on comparing Select Medical Holdings Corp. with the following peers – HealthSouth Corporation, U.S. Physical Therapy, Inc., Community Health Systems, Inc., Tenet Healthcare Corporation, Universal Health Services, Inc. Class B, Netcare Limited Unsponsored ADR, National ... Read more    
<b>(Read more...)</b>"
SEM,SEM:US,BBG000QCHMH9,"Select Medical Holdings Corp. breached its 50 day moving average in a Bearish Manner : SEM-US : January 31, 2017",2017-01-31 14:20:42 +0000,http://www.capitalcube.com/blog/index.php/select-medical-holdings-corp-breached-its-50-day-moving-average-in-a-bearish-manner-sem-us-january-31-2017/,"Select Medical Holdings Corp. breached its 50 day moving average in a Bearish Manner : SEM-US : January 31, 2017"
SEM,SEM:US,BBG000QCHMH9,"Select Medical Holdings Corp. breached its 50 day moving average in a Bearish Manner : SEM-US : January 31, 2017",2017-01-31 14:20:42 +0000,http://finance.yahoo.com/r/404dd9ae-1384-3660-9f4e-2d49a87b3752/select-medical-holdings-corp-breached-its-50-day-moving-average-in-a-bearish-manner-sem-us-january-31-2017?yptr=yahoo&.tsrc=rss,"Categories:   ETFs Yahoo Finance Click here to see latest analysis *Disclaimer : This is as of previous day’s closing price. Technical Indicators Below is a quick look at 5 technical indicators for Select Medical Holdings Corp.. More studies are available on the Technical Chart. Indicator Signal Closing Price above/below 50 Day Moving Average Bearish Closing Price above/below 200 Day ... Read more    
<b>(Read more...)</b>"
SEM,SEM:US,BBG000QCHMH9,SEM Crosses Below Key Moving Average Level,2017-01-30 22:31:28 +0000,http://articlefeeds.nasdaq.com/~r/nasdaq/symbols/~3/ZSG1ZmpVsDo/sem-crosses-below-key-moving-average-level-cm740479,In trading on Monday shares of Select Medical Holdings Corp Symbol SEM crossed below their 200 day moving average of 12 55 changing hands as low as 12 40 per share Select Medical Holdings Corp shares are currently trading down about 9 6 on the day The chart below shows the one
SEM,SEM:US,BBG000QCHMH9,Select Medical Corporation -- Moody's rates Select Medical's proposed senior secured credit facilities Ba2; other ratings unchanged,2017-01-27 16:01:03 +0000,http://finance.yahoo.com/r/de0f2862-6b6b-3deb-8680-c30a8a4224f0/viewresearchdoc.aspx?docid=PR_361260&WT.mc_id=AM~WWFob29fRmluYW5jZV9TQl9SYXRpbmcgTmV3c19BbGxfRW5n~20170127_PR_361260&yptr=yahoo&.tsrc=rss,"New York, January 27, 2017-- Moody's Investors Service, assigned a Ba2 rating to Select Medical Corporation's proposed senior secured credit facility, including a $450 million revolver due 2022 and $1.15 ..."
SEM,SEM:US,BBG000QCHMH9,Select Medical Corporation -- Moody's rates Select Medical's proposed senior secured credit facilities Ba2; other ratings unchanged,2017-01-27 16:01:03 +0000,http://www.moodys.com/page/viewresearchdoc.aspx?docid=PR_361260&WT.mc_id=AM~WWFob29fRmluYW5jZV9TQl9SYXRpbmcgTmV3c19BbGxfRW5n~20170127_PR_361260,Select Medical Corporation -- Moody's rates Select Medical's proposed senior secured credit facilities Ba2; other ratings unchanged
SEM,SEM:US,BBG000QCHMH9,"Select Medical Holdings Corporation Announces Estimate of Results for Fourth Quarter and Year Ended December 31, 2016 in connection with Refinancing Discussions",2017-01-27 13:00:00 +0000,http://finance.yahoo.com/news/select-medical-holdings-corporation-announces-130000001.html,"[PR Newswire] - MECHANICSBURG, Pa., Jan. 27, 2017 /PRNewswire/ -- In connection with discussions with its senior lenders regarding refinancing its senior secured credit facility, Select Medical Holdings Corporation (""Select ..."
SEM,SEM:US,BBG000QCHMH9,"Select Medical Holdings Corporation Announces Estimate of Results for Fourth Quarter and Year Ended December 31, 2016 in connection with Refinancing Discussions",2017-01-27 13:00:00 +0000,http://finance.yahoo.com/news/select-medical-holdings-corporation-announces-130000001.html?.tsrc=rss,"MECHANICSBURG, Pa., Jan. 27, 2017 /PRNewswire/ -- In connection with discussions with its senior lenders regarding refinancing its senior secured credit facility, Select Medical Holdings Corporation (""Select ..."
SEM,SEM:US,BBG000QCHMH9,Select Medical Holdings Corporation Announces Refinancing Discussions,2017-01-26 15:48:00 +0000,http://finance.yahoo.com/news/select-medical-holdings-corporation-announces-154800251.html?.tsrc=rss,"MECHANICSBURG, Pa., Jan. 26, 2017 /PRNewswire/ -- Select Medical Holdings Corporation (""Select Medical"") (SEM), today announced that it is in discussions with its senior lenders regarding refinancing its senior secured credit facility.  Select Medical began operations in 1997 and has grown to be one of the largest operators of specialty hospitals, outpatient rehabilitation clinics and occupational health centers in the United States based on the number of facilities.  As of December 31, 2016, Select Medical operated 103 long term acute care hospitals and 20 acute medical rehabilitation hospitals in 27 states and 1,611 outpatient rehabilitation clinics in 37 states and the District of Columbia.  Select Medical's joint venture subsidiary Concentra operated 300 centers in 38 states."
SEM,SEM:US,BBG000QCHMH9,Select Medical Holdings Corporation Announces Refinancing Discussions,2017-01-26 15:48:00 +0000,http://finance.yahoo.com/news/select-medical-holdings-corporation-announces-154800251.html,"[PR Newswire] - MECHANICSBURG, Pa., Jan. 26, 2017 /PRNewswire/ -- Select Medical Holdings Corporation (""Select Medical"") (SEM), today announced that it is in discussions with its senior lenders regarding refinancing its senior secured credit facility. Select Medical began operations in 1997 and has grown to be one of the largest operators of specialty hospitals, outpatient rehabilitation clinics and occupational health centers in the United States based on the number of facilities. As of December 31, 2016, Select Medical operated 103 long term acute care hospitals and 20 acute medical rehabilitation hospitals in 27 states and 1,611 outpatient rehabilitation clinics in 37 states and the District of Columbia. Select Medical's joint venture subsidiary Concentra operated 300 centers in 38 states."
SEM,SEM:US,BBG000QCHMH9,"ETFs with exposure to Select Medical Holdings Corp. : January 25, 2017",2017-01-25 18:33:10 +0000,http://www.capitalcube.com/blog/index.php/etfs-with-exposure-to-select-medical-holdings-corp-january-25-2017/,"ETFs with exposure to Select Medical Holdings Corp. : January 25, 2017"
SEM,SEM:US,BBG000QCHMH9,"ETFs with exposure to Select Medical Holdings Corp. : January 25, 2017",2017-01-25 18:33:10 +0000,http://finance.yahoo.com/r/5cee6589-e066-301b-b2ec-6ec1145eead6/etfs-with-exposure-to-select-medical-holdings-corp-january-25-2017?yptr=yahoo&.tsrc=rss,"Categories:   ETFs Yahoo Finance Click here to see latest analysis ETFs with exposure to Select Medical Holdings Corp. Here are 5 ETFs with the largest exposure to SEM-US. Comparing the performance and risk of Select Medical Holdings Corp. with the ETFs that have exposure to it gives us some ETF choices that could give us similar returns with lower ... Read more    
<b>(Read more...)</b>"
SEM,SEM:US,BBG000QCHMH9,Can HCA Holdings Retain its Business Strength in 2017?,2017-01-12 17:00:42 +0000,http://articlefeeds.nasdaq.com/~r/nasdaq/symbols/~3/tdNXMsFzQrc/can-hca-holdings-retain-its-business-strength-in-2017-cm732792,HCA Holdings Inc HCA recently gave a glimpse of its 2016 preliminary results The company expects income before taxes and adjusted EBITDA of approximately 4 5 billion and 8 2 billion both up 13 and 3 5 year over year respectively The guidance reflects its strong business in
SEM,SEM:US,BBG000QCHMH9,Can HCA Holdings Retain its Business Strength in 2017?,2017-01-12 14:31:02 +0000,http://finance.yahoo.com/news/hca-holdings-retain-business-strength-143102639.html,Can HCA Holdings Retain its Business Strength in 2017?
SEM,SEM:US,BBG000QCHMH9,"ETFs with exposure to Select Medical Holdings Corp. : January 9, 2017",2017-01-09 19:06:23 +0000,http://www.capitalcube.com/blog/index.php/etfs-with-exposure-to-select-medical-holdings-corp-january-9-2017/,"ETFs with exposure to Select Medical Holdings Corp. : January 9, 2017"
SEM,SEM:US,BBG000QCHMH9,"SELECT MEDICAL HOLDINGS CORP Files SEC form 8-K, Regulation FD Disclosure, Financial Statements and Exhibits",2017-01-09 18:19:00 +0000,http://biz.yahoo.com/e/170109/sem8-k.html,"SELECT MEDICAL HOLDINGS CORP Files SEC form 8-K, Regulation FD Disclosure, Financial Statements and Exhibits"
SEM,SEM:US,BBG000QCHMH9,Select Medical Holdings (SEM) Provides Guidance for 2017,2017-01-09 16:53:44 +0000,http://articlefeeds.nasdaq.com/~r/nasdaq/symbols/~3/jlBu27gg0TM/select-medical-holdings-sem-provides-guidance-for-2017-cm731095,Select Medical Holdings Corporation SEM recently unveiled its guidance for 2017 The company expects earnings per share between 73 cents and 91 cents on revenues of 4 4 4 6 billion in 2017 The Zacks Consensus Estimate currently stands at 96 cents per share on revenues of 4 53 billion
SEM,SEM:US,BBG000QCHMH9,Select Medical Holdings (SEM) Provides Guidance for 2017,2017-01-09 14:15:02 +0000,http://finance.yahoo.com/news/select-medical-holdings-sem-provides-141502751.html,Select Medical Holdings (SEM) Provides Guidance for 2017
SEM,SEM:US,BBG000QCHMH9,Select Medical Holdings (SEM) Provides Guidance for 2017,2017-01-09 14:15:02 +0000,http://finance.yahoo.com/news/select-medical-holdings-sem-provides-141502751.html?.tsrc=rss,Select Medical (SEM) recently unveiled its guidance for 2017 and expects earnings per share between 73 cents and 91 cents on revenues of $4.4???$4.6 billion in 2017.
SEM,SEM:US,BBG000QCHMH9,Select Medical Holdings Corporation Announces Business Outlook for 2017,2017-01-06 22:15:03 +0000,http://www.publicnow.com/view/22E9957EE9EB30D5C0CB3E8FBEE9FF82BF2FE692,"[at noodls] - R E L E A S E FOR IMMEDIATE RELEASE 4714 Gettysburg Road Mechanicsburg, PA 17055 NYSE Symbol: SEM MECHANICSBURG, PENNSYLVANIA - January 6, 2017 - Select Medical Holdings Corporation (""Select Medical"") ..."
SEM,SEM:US,BBG000QCHMH9,Select Medical Holdings Corporation Announces Business Outlook for 2017,2017-01-06 22:00:00 +0000,http://finance.yahoo.com/news/select-medical-holdings-corporation-announces-220000587.html,"[PR Newswire] - MECHANICSBURG, Pa., Jan. 6, 2017 /PRNewswire/ -- Select Medical Holdings Corporation (""Select Medical"") (NYSE: SEM), today announced its business outlook for calendar year 2017. Select Medical ..."
SEM,SEM:US,BBG000QCHMH9,"30 December, 2016 | Notices",2016-12-30 18:52:05 +0000,http://www.publicnow.com/view/C5B5B7E68555959993810BDEC4E9BEF82CD251E0,"[at noodls] - SEMAPA - Sociedade de Investimento e Gestão, SGPS, S.A. ... This is an abstract of the original noodl. To continue reading this document, click here for the original version."
SEM,SEM:US,BBG000QCHMH9,Select Medical Names Scott Nordlund to Lead Partnership Growth and Innovation,2016-12-21 20:52:07 +0000,http://www.publicnow.com/view/2653ED429B4CB0E77C22EE305453A876BEB0A18F,"[at noodls] - PRESS RELEASE SELECT MEDICAL NAMES SCOTT NORDLUND TO LEAD PARTNERSHIP GROWTH AND INNOVATION MECHANICSBURG, PENNSYLVANIA - November 22, 2016 - Select Medical Corporation, a wholly-owned subsidiary of Select ..."
SEM,SEM:US,BBG000QCHMH9,"Select Medical Holdings Corp. breached its 50 day moving average in a Bullish Manner : SEM-US : December 12, 2016",2016-12-12 12:20:25 +0000,http://www.capitalcube.com/blog/index.php/select-medical-holdings-corp-breached-its-50-day-moving-average-in-a-bullish-manner-sem-us-december-12-2016/,"Select Medical Holdings Corp. breached its 50 day moving average in a Bullish Manner : SEM-US : December 12, 2016"
SEM,SEM:US,BBG000QCHMH9,Hedge Funds Aren’t Crazy About Select Medical Holdings Corporation (SEM) Anymore,2016-12-08 12:36:46 +0000,http://www.insidermonkey.com/blog/hedge-funds-arent-crazy-about-select-medical-holdings-corporation-sem-anymore-501292/,Hedge Funds Aren’t Crazy About Select Medical Holdings Corporation (SEM) Anymore
SEM,SEM:US,BBG000QCHMH9,"ETFs with exposure to Select Medical Holdings Corp. : November 29, 2016",2016-11-29 19:21:37 +0000,http://www.capitalcube.com/blog/index.php/etfs-with-exposure-to-select-medical-holdings-corp-november-29-2016/,"ETFs with exposure to Select Medical Holdings Corp. : November 29, 2016"
SEM,SEM:US,BBG000QCHMH9,"SELECT MEDICAL HOLDINGS CORP Files SEC form 8-K, Regulation FD Disclosure, Financial Statements and Exhibits",2016-11-29 12:24:33 +0000,http://biz.yahoo.com/e/161129/sem8-k.html,"SELECT MEDICAL HOLDINGS CORP Files SEC form 8-K, Regulation FD Disclosure, Financial Statements and Exhibits"
SEM,SEM:US,BBG000QCHMH9,"Select Medical Holdings Corp. breached its 50 day moving average in a Bullish Manner : SEM-US : November 28, 2016",2016-11-28 12:17:42 +0000,http://www.capitalcube.com/blog/index.php/select-medical-holdings-corp-breached-its-50-day-moving-average-in-a-bullish-manner-sem-us-november-28-2016/,"Select Medical Holdings Corp. breached its 50 day moving average in a Bullish Manner : SEM-US : November 28, 2016"
SEM,SEM:US,BBG000QCHMH9,Select Medical Names Scott Nordlund To Lead Partnership Growth And Innovation,2016-11-22 13:32:00 +0000,http://finance.yahoo.com/news/select-medical-names-scott-nordlund-133200422.html,"[PR Newswire] - MECHANICSBURG, Pa., Nov. 22, 2016 /PRNewswire/ -- Select Medical Corporation, a wholly-owned subsidiary of Select Medical Holdings Corporation (NYSE: SEM), today announced the appointment of Scott Nordlund ..."
SEM,SEM:US,BBG000QCHMH9,"ETFs with exposure to Select Medical Holdings Corp. : November 18, 2016",2016-11-18 18:34:22 +0000,http://www.capitalcube.com/blog/index.php/etfs-with-exposure-to-select-medical-holdings-corp-november-18-2016/,"ETFs with exposure to Select Medical Holdings Corp. : November 18, 2016"
SEM,SEM:US,BBG000QCHMH9,"Select Medical Holdings Corp. :SEM-US: Earnings Analysis: Q3, 2016 By the Numbers : November 16, 2016",2016-11-16 14:44:48 +0000,http://www.capitalcube.com/blog/index.php/select-medical-holdings-corp-sem-us-earnings-analysis-q3-2016-by-the-numbers-november-16-2016/,"Select Medical Holdings Corp. :SEM-US: Earnings Analysis: Q3, 2016 By the Numbers : November 16, 2016"
SEM,SEM:US,BBG000QCHMH9,"Should You Buy Select Medical Holdings Corporation (SEM), Healthways, Inc. (HWAY) & Two Other Healthcare Stocks?",2016-11-12 20:42:33 +0000,http://www.insidermonkey.com/blog/should-you-buy-select-medical-holdings-corporation-sem-healthways-inc-hway-two-other-healthcare-stocks-487636/,"Should You Buy Select Medical Holdings Corporation (SEM), Healthways, Inc. (HWAY) & Two Other Healthcare Stocks?"
SEM,SEM:US,BBG000QCHMH9,"7 November, 2016 | Payment of Coupons",2016-11-07 17:44:11 +0000,http://www.publicnow.com/view/587E8CCB0D5FA7F7D1C200C3B1EEE3F0DEB9D6EB,"[at noodls] - SEMAPA - Sociedade de Investimento e Gestão, SGPS, S.A. ... This is an abstract of the original noodl. To continue reading this document, click here for the original version."
SEM,SEM:US,BBG000QCHMH9,Edited Transcript of SEM earnings conference call or presentation 4-Nov-16 1:00pm GMT,2016-11-04 20:41:59 +0000,http://finance.yahoo.com/news/edited-transcript-sem-earnings-conference-204159279.html,Edited Transcript of SEM earnings conference call or presentation 4-Nov-16 1:00pm GMT
SEM,SEM:US,BBG000QCHMH9,Notable Two Hundred Day Moving Average Cross - SEM,2016-11-04 17:11:46 +0000,http://articlefeeds.nasdaq.com/~r/nasdaq/symbols/~3/Lgj07WwhrBw/notable-two-hundred-day-moving-average-cross-sem-cm704233,In trading on Friday shares of Select Medical Holdings Corp Symbol SEM crossed below their 200 day moving average of 11 62 changing hands as low as 10 20 per share Select Medical Holdings Corp shares are currently trading off about 7 3 on the day The chart below shows the one
SEM,SEM:US,BBG000QCHMH9,Select Medical misses 3Q profit forecasts,2016-11-03 23:54:40 +0000,http://sg.finance.yahoo.com/news/select-medical-misses-3q-profit-235440599.html,Select Medical misses 3Q profit forecasts
SEM,SEM:US,BBG000QCHMH9,"November 3, 2016 - Select Medical Holdings Corporation Announces Results for Third Quarter Ended September 30, 2016",2016-11-03 20:55:15 +0000,http://www.publicnow.com/view/463DAC234A5C3405E1AB49BF03A2939C72F22628,"[at noodls] - R E L E A S E FOR IMMEDIATE RELEASE 4714 Gettysburg Road Mechanicsburg, PA 17055 NYSE Symbol: SEM Select Medical Holdings Corporation Announces Results for Third Quarter Ended September 30, 2016 MECHANICSBURG, ..."
SEM,SEM:US,BBG000QCHMH9,"SELECT MEDICAL HOLDINGS CORP Files SEC form 8-K, Results of Operations and Financial Condition, Financial Statements",2016-11-03 20:46:45 +0000,http://biz.yahoo.com/e/161103/sem8-k.html,"SELECT MEDICAL HOLDINGS CORP Files SEC form 8-K, Results of Operations and Financial Condition, Financial Statements"
SEM,SEM:US,BBG000QCHMH9,"SELECT MEDICAL HOLDINGS CORP Files SEC form 10-Q, Quarterly Report",2016-11-03 20:39:53 +0000,http://biz.yahoo.com/e/161103/sem10-q.html,"SELECT MEDICAL HOLDINGS CORP Files SEC form 10-Q, Quarterly Report"
SEM,SEM:US,BBG000QCHMH9,"Select Medical Holdings Corporation Announces Results for Third Quarter Ended September 30, 2016",2016-11-03 20:30:00 +0000,http://finance.yahoo.com/news/select-medical-holdings-corporation-announces-203000496.html,"[PR Newswire] - MECHANICSBURG, Pa., Nov. 3, 2016 /PRNewswire/ -- Select Medical Holdings Corporation (""Select Medical"") (NYSE: SEM) today announced results for its third quarter ended September 30, 2016. For ..."
SEM,SEM:US,BBG000QCHMH9,"3 November, 2016 | Payment of Coupons",2016-11-03 17:28:05 +0000,http://www.publicnow.com/view/9FAC163EEADCD1E8B8E34AEC68E374A6992A7748,"[at noodls] - SEMAPA - Sociedade de Investimento e Gestão, SGPS, S.A. ... This is an abstract of the original noodl. To continue reading this document, click here for the original version."
SEM,SEM:US,BBG000QCHMH9,Q3 2016 Select Medical Holdings Corp Earnings Release - After Market Close,2016-11-03 11:07:05 +0000,http://biz.yahoo.com/research/earncal/20161103.html?t=sem,Q3 2016 Select Medical Holdings Corp Earnings Release - After Market Close
SEM,SEM:US,BBG000QCHMH9,"28 October, 2016 | Privileged Information - Quarterly Results",2016-10-28 17:28:02 +0000,http://www.publicnow.com/view/FAF68BE4F8FEB8239D71EECD6FCBF5F76CB8DD4D,"[at noodls] - Presentation of Results First 9 Months of 2016 Semapa - Sociedade de Investimento e Gestão, SGPS, S.A. Public Company Av. Fontes Pereira de Melo, nº 14, 10º, 1050-121 Lisboa Companies Registry and Corporate ..."
SEM,SEM:US,BBG000QCHMH9,"Select Medical Holdings Corp. breached its 50 day moving average in a Bearish Manner : SEM-US : October 27, 2016",2016-10-27 12:27:37 +0000,http://www.capitalcube.com/blog/index.php/select-medical-holdings-corp-breached-its-50-day-moving-average-in-a-bearish-manner-sem-us-october-27-2016/,"Select Medical Holdings Corp. breached its 50 day moving average in a Bearish Manner : SEM-US : October 27, 2016"
SEM,SEM:US,BBG000QCHMH9,5 Best Hospital Stocks to Buy Right Now,2016-10-14 21:42:15 +0000,http://articlefeeds.nasdaq.com/~r/nasdaq/symbols/~3/ycbDvkww5E8/5-best-hospital-stocks-to-buy-right-now-cm693690,Image source Getty Images Investors searching for healthcare stocks might tend to focus on biotechs and drugmakers and fail to consider another alternative hospital stocks Hospitals provide medical services for which demand is increasing with the aging U S population Here are
SEM,SEM:US,BBG000QCHMH9,5 Best Hospital Stocks to Buy Right Now,2016-10-14 20:32:48 +0000,http://www.fool.com/investing/2016/10/14/5-best-hospital-stocks-to-buy-right-now.aspx?source=yahoo-2&utm_campaign=article&utm_medium=feed&utm_source=yahoo-2,5 Best Hospital Stocks to Buy Right Now
SEM,SEM:US,BBG000QCHMH9,"October 7, 2016 - Select Medical Holdings Corporation to Announce Third Quarter 2016 Results on Thursday, November 3",2016-10-07 20:49:05 +0000,http://www.publicnow.com/view/C6E75F0FC574921C5E59EABC9A6AE3EAB9709378,"[at noodls] - R E L E A S E FOR IMMEDIATE RELEASE 4714 Gettysburg Road Mechanicsburg, PA 17055 NYSE Symbol: SEM Select Medical Holdings Corporation to Announce Third Quarter 2016 Results on Thursday, November 3 MECHANICSBURG, ..."
SEM,SEM:US,BBG000QCHMH9,"Select Medical Holdings Corporation to Announce Third Quarter 2016 Results on Thursday, November 3",2016-10-07 20:30:00 +0000,http://finance.yahoo.com/news/select-medical-holdings-corporation-announce-203000184.html,"[PR Newswire] - MECHANICSBURG, Pa., Oct. 7, 2016 /PRNewswire/ -- Select Medical Holdings Corporation (""Select Medical"") (NYSE: SEM), will release the financial results for its third quarter ended September 30, ..."
SEM,SEM:US,BBG000QCHMH9,Select Medical (SEM) Stock Downgraded at JMP Securities,2016-09-28 21:33:00 +0000,https://www.thestreet.com/story/13792964/1/select-medical-sem-stock-downgraded-at-jmp-securities.html?puc=yahoo&cm_ven=YAHOO,Select Medical (SEM) Stock Downgraded at JMP Securities
SEM,SEM:US,BBG000QCHMH9,"SELECT MEDICAL HOLDINGS CORP Files SEC form 8-K, Entry into a Material Definitive Agreement, Creation of a Direct Fin",2016-09-28 21:23:52 +0000,http://biz.yahoo.com/e/160928/sem8-k.html,"SELECT MEDICAL HOLDINGS CORP Files SEC form 8-K, Entry into a Material Definitive Agreement, Creation of a Direct Fin"
SEM,SEM:US,BBG000QCHMH9,"21 September, 2016 | First Half Report",2016-09-21 17:41:07 +0000,http://www.publicnow.com/view/49071CC71A1AE782BD17AEC096CF6BC0C4FEDF0A,[at noodls] - HALF-YEARLY ACCOUNTS lST HALF 20l6 HALF-YEARLY ACCOUNTS PART l MANAGEMENT REPORT 3 PART 2 DECLARATION REQUIRED UNDER ARTICLE 246.l C) OF THE SECURITIES CODE 36 PART 3 DISCLOSURES REQUIRED BY SUB-PARAGRAPHS ...
SEM,SEM:US,BBG000QCHMH9,"15 September, 2016 | Payment of Coupons",2016-09-15 16:58:01 +0000,http://www.publicnow.com/view/16A220DDB504ECD5373D944EFC16CE4F571D3E8A,"[at noodls] - SEMAPA - Sociedade de Investimento e Gestão, SGPS, S.A. ... This is an abstract of the original noodl. To continue reading this document, click here for the original version."
SEM,SEM:US,BBG000QCHMH9,Concentra Inc. -- Moody's downgrades Concentra's first lien revolver and term loan to B2; affirms B2 CFR; outlook is stable,2016-09-12 14:41:03 +0000,http://www.moodys.com/page/viewresearchdoc.aspx?docid=PR_354831&WT.mc_id=AM~WWFob29fRmluYW5jZV9TQl9SYXRpbmcgTmV3c19BbGxfRW5n~20160912_PR_354831,Concentra Inc. -- Moody's downgrades Concentra's first lien revolver and term loan to B2; affirms B2 CFR; outlook is stable
SEM,SEM:US,BBG000QCHMH9,"31 August, 2016 | Privileged Information - First Half Results",2016-08-31 17:13:01 +0000,http://www.publicnow.com/view/2B0FE5F79B96A83994C002092B9EA559BA15D843,"[at noodls] - Presentation of Results 1st Half 2016 Semapa - Sociedade de lnvestimento e Gestao, SGPS, S.A. Public Company Av. Fontes Pereira de Melo, n° 14, 10°, 1050-121 Lisboa Companies Registry and Corporate Person ..."
SEM,SEM:US,BBG000QCHMH9,"ETF’s with exposure to Select Medical Holdings Corp. : August 22, 2016",2016-08-22 16:01:09 +0000,http://www.capitalcube.com/blog/index.php/etfs-with-exposure-to-select-medical-holdings-corp-august-22-2016/,"ETF’s with exposure to Select Medical Holdings Corp. : August 22, 2016"
SEM,SEM:US,BBG000QCHMH9,"Select Medical Holdings Corp. breached its 50 day moving average in a Bullish Manner : SEM-US : August 19, 2016",2016-08-19 12:12:24 +0000,http://www.capitalcube.com/blog/index.php/select-medical-holdings-corp-breached-its-50-day-moving-average-in-a-bullish-manner-sem-us-august-19-2016/,"Select Medical Holdings Corp. breached its 50 day moving average in a Bullish Manner : SEM-US : August 19, 2016"
SEM,SEM:US,BBG000QCHMH9,"Select Medical Holdings Corp. :SEM-US: Earnings Analysis: Q2, 2016 By the Numbers : August 12, 2016",2016-08-12 14:24:44 +0000,http://www.capitalcube.com/blog/index.php/select-medical-holdings-corp-sem-us-earnings-analysis-q2-2016-by-the-numbers-august-12-2016/,"Select Medical Holdings Corp. :SEM-US: Earnings Analysis: Q2, 2016 By the Numbers : August 12, 2016"
SEM,SEM:US,BBG000QCHMH9,"ETF’s with exposure to Select Medical Holdings Corp. : August 9, 2016",2016-08-09 18:07:04 +0000,http://www.capitalcube.com/blog/index.php/etfs-with-exposure-to-select-medical-holdings-corp-august-9-2016/,"ETF’s with exposure to Select Medical Holdings Corp. : August 9, 2016"
SEM,SEM:US,BBG000QCHMH9,Select Medical Holdings Corp.: Strong price momentum but will it sustain?,2016-08-08 20:08:31 +0000,http://www.capitalcube.com/blog/index.php/select-medical-holdings-corp-strong-price-momentum-but-will-it-sustain-2/,Select Medical Holdings Corp.: Strong price momentum but will it sustain?
SEM,SEM:US,BBG000QCHMH9,"Select Medical (SEM) Lags Q2 Earnings, Revises 2016 View",2016-08-08 14:18:40 +0000,http://articlefeeds.nasdaq.com/~r/nasdaq/symbols/~3/pE908LsC4BU/select-medical-sem-lags-q2-earnings-revises-2016-view-cm661649,"Select Medical Holdings Corp.SEM reported second quarter 2016 earnings of 23 cents per share, which missed the Zacks Consensus Estimate of 24 cents by 4.2%. Also, earnings declined 17.9% from the year ago level. Select Medical Holdings Corporation (SEM)"
SEM,SEM:US,BBG000QCHMH9,"Select Medical (SEM) Lags Q2 Earnings, Revises 2016 View",2016-08-08 12:31:12 +0000,http://finance.yahoo.com/news/select-medical-sem-lags-q2-123112359.html,"Select Medical (SEM) Lags Q2 Earnings, Revises 2016 View"
SEM,SEM:US,BBG000QCHMH9,"Select Medical Holdings Corp. breached its 50 day moving average in a Bullish Manner : SEM-US : August 8, 2016",2016-08-08 12:18:08 +0000,http://www.capitalcube.com/blog/index.php/select-medical-holdings-corp-breached-its-50-day-moving-average-in-a-bullish-manner-sem-us-august-8-2016/,"Select Medical Holdings Corp. breached its 50 day moving average in a Bullish Manner : SEM-US : August 8, 2016"
SEM,SEM:US,BBG000QCHMH9,"SELECT MEDICAL HOLDINGS CORP Files SEC form 8-K, Change in Directors or Principal Officers",2016-08-05 21:21:19 +0000,http://biz.yahoo.com/e/160805/sem8-k.html,"SELECT MEDICAL HOLDINGS CORP Files SEC form 8-K, Change in Directors or Principal Officers"
SEM,SEM:US,BBG000QCHMH9,Edited Transcript of SEM earnings conference call or presentation 5-Aug-16 1:00pm GMT,2016-08-05 16:10:59 +0000,http://finance.yahoo.com/news/edited-transcript-sem-earnings-conference-161059688.html,Edited Transcript of SEM earnings conference call or presentation 5-Aug-16 1:00pm GMT
SEM,SEM:US,BBG000QCHMH9,SEM Crosses Above Key Moving Average Level,2016-08-05 15:54:21 +0000,http://articlefeeds.nasdaq.com/~r/nasdaq/symbols/~3/DvxbFY29Nqs/sem-crosses-above-key-moving-average-level-cm661180,"In trading on Friday, shares of Select Medical Holdings Corp (Symbol SEM) crossed above their 200 day moving average of $11.33, changing hands as high as $12.50 per share. Select Medical Holdings Corp shares are currently trading up about"
SEM,SEM:US,BBG000QCHMH9,Select Medical misses 2Q profit forecasts,2016-08-05 11:12:32 +0000,http://sg.finance.yahoo.com/news/select-medical-misses-2q-profit-111232234.html,Select Medical misses 2Q profit forecasts
SEM,SEM:US,BBG000QCHMH9,"August 4, 2016 - Select Medical Holdings Corporation Announces Results for Second Quarter Ended June 30, 2016",2016-08-04 21:24:08 +0000,http://www.publicnow.com/view/F4571448F753502C324F12FE49F57A9395348EE4,"[at noodls] - R E L E A S E FOR IMMEDIATE RELEASE 4714 Gettysburg Road Mechanicsburg, PA 17055 NYSE Symbol: SEM Select Medical Holdings Corporation Announces Results for Second Quarter Ended June 30, 2016 MECHANICSBURG, ..."
SEM,SEM:US,BBG000QCHMH9,"SELECT MEDICAL HOLDINGS CORP Files SEC form 8-K, Results of Operations and Financial Condition, Financial Statements",2016-08-04 21:13:20 +0000,http://biz.yahoo.com/e/160804/sem8-k.html,"SELECT MEDICAL HOLDINGS CORP Files SEC form 8-K, Results of Operations and Financial Condition, Financial Statements"
SEM,SEM:US,BBG000QCHMH9,Kindred Healthcare Reports Second Quarter 2016 Results at High End of Guidance Range,2016-08-04 21:04:02 +0000,http://www.publicnow.com/view/0D769A7887ED546523D70DD138866A3AB0A1B4D8,"[at noodls] - Company Reaffirms Full Year Outlook for 2016 Consolidated Revenues of $1.84 billion, GAAP Income from Continuing Operations of $34 million, GAAP Diluted EPS from Continuing Operations of $0.23 and EBITDAR ..."
SEM,SEM:US,BBG000QCHMH9,"SELECT MEDICAL HOLDINGS CORP Files SEC form 10-Q, Quarterly Report",2016-08-04 20:49:16 +0000,http://biz.yahoo.com/e/160804/sem10-q.html,"SELECT MEDICAL HOLDINGS CORP Files SEC form 10-Q, Quarterly Report"
SEM,SEM:US,BBG000QCHMH9,"Select Medical Holdings Corporation Announces Results for Second Quarter Ended June 30, 2016",2016-08-04 20:30:00 +0000,http://finance.yahoo.com/news/select-medical-holdings-corporation-announces-203000772.html,"[PR Newswire] - MECHANICSBURG, Pa., Aug. 4, 2016 /PRNewswire/ -- Select Medical Holdings Corporation (""Select Medical"") (NYSE: SEM) today announced results for its second quarter ended June 30, 2016. For the ..."
SEM,SEM:US,BBG000QCHMH9,Q2 2016 Select Medical Holdings Corp Earnings Release - After Market Close,2016-08-04 11:07:04 +0000,http://biz.yahoo.com/research/earncal/20160804.html?t=sem,Q2 2016 Select Medical Holdings Corp Earnings Release - After Market Close
SEM,SEM:US,BBG000QCHMH9,"Healthcare Q2 Earnings Lined Up for Aug 4: SEM, AIRM & AHS",2016-08-03 15:58:37 +0000,http://articlefeeds.nasdaq.com/~r/nasdaq/symbols/~3/0WphxocZV9E/healthcare-q2-earnings-lined-up-for-aug-4-sem-airm-ahs-cm659639,We now have second quarter results from 317 S&P 500 members that combined account for 73.5% of the index's total market capitalization as per the Earnings Preview report. Total earnings for these 317 companies are down 3.3% from the
SEM,SEM:US,BBG000QCHMH9,"Healthcare Q2 Earnings Lined Up for Aug 4: SEM, AIRM & AHS",2016-08-03 13:51:01 +0000,http://finance.yahoo.com/news/healthcare-q2-earnings-lined-aug-135101312.html,"Healthcare Q2 Earnings Lined Up for Aug 4: SEM, AIRM & AHS"
SEM,SEM:US,BBG000QCHMH9,"27 July, 2016 | Own Shares",2016-07-27 16:58:14 +0000,http://www.publicnow.com/view/DE17918CC5E713C2E52395732EEE44A011774E42,"[at noodls] - SEMAPA - Sociedade de Investimento e Gestão, SGPS, S.A. ... This is an abstract of the original noodl. To continue reading this document, click here for the original version."
SEM,SEM:US,BBG000QCHMH9,"22 July, 2016 | Own Shares",2016-07-22 16:58:05 +0000,http://www.publicnow.com/view/B2BC972B878A9CF4C32CDF66F95582353E5648EE,"[at noodls] - e39c22c1-867f-4765-9b99-645c0a937ed4.pdf DISCLOSURE ACQUISITION OF OWN SHARES As required by item b) of number 2 of article 11 and article 13 of CMVM (Securities Market Commission) Regulation 5/2008, Semapa ..."
SEM,SEM:US,BBG000QCHMH9,"Zacks.com featured highlights: Select Comfort, Select Medical Holdings, WEX, NuVasive and Post Holdings",2016-07-20 17:17:20 +0000,http://articlefeeds.nasdaq.com/~r/nasdaq/symbols/~3/0VsiFGWjeR0/zackscom-featured-highlights-select-comfort-select-medical-holdings-wex-nuvasive-and-post-holdings-cm652047,"For Immediate Release Chicago, IL July 20, 2016 Stocks in this week's article include Select Comfort Corporation ( SCSS ), Select Medical Holdings Corporation ( SEM ), WEX Inc. ( WEX ), NuVasive, Inc. ( NUVA ) and Post"
SEM,SEM:US,BBG000QCHMH9,"Zacks.com featured highlights: Select Comfort, Select Medical Holdings, WEX, NuVasive and Post Holdings",2016-07-20 13:30:01 +0000,http://finance.yahoo.com/news/zacks-com-featured-highlights-select-133001802.html,"Zacks.com featured highlights: Select Comfort, Select Medical Holdings, WEX, NuVasive and Post Holdings"
SEM,SEM:US,BBG000QCHMH9,5 Best Stocks with Upgraded Broker Ratings,2016-07-19 16:16:59 +0000,http://articlefeeds.nasdaq.com/~r/nasdaq/symbols/~3/VApJmSoVTNs/5-best-stocks-with-upgraded-broker-ratings-cm651375,"As things stand today, with overall market sentiments fairly positive, you must be thinking picking stocks is the easiest thing on earth. However, with almost all the stocks witnessing a bullish trend, you might end up choosing the wrong"
SEM,SEM:US,BBG000QCHMH9,UnitedHealth (UNH) Beats on Q2 Earnings: Will Stock Gain?,2016-07-19 15:19:26 +0000,http://articlefeeds.nasdaq.com/~r/nasdaq/symbols/~3/7SEnBjUFQTg/unitedhealth-unh-beats-on-q2-earnings-will-stock-gain-cm651282,"UnitedHealth Group Inc.UNH  reported second quarter 2016 earnings of $1.96 per share, beating the Zacks Consensus Estimate of $1.89. Earnings improved 13% year over year. UnitedHealth Group Inc. (UNH) Street Actual & Estimate EPS Last 5 Quarters | FindTheCompany"
SEM,SEM:US,BBG000QCHMH9,5 Best Stocks with Upgraded Broker Ratings,2016-07-19 13:41:01 +0000,http://finance.yahoo.com/news/5-best-stocks-upgraded-broker-134101308.html,5 Best Stocks with Upgraded Broker Ratings
SEM,SEM:US,BBG000QCHMH9,"15 July, 2016 | Own Shares",2016-07-15 17:49:02 +0000,http://www.publicnow.com/view/4AAC06A8CB6D2AA6F0A108B71079A381D6D44189,"[at noodls] - 2fa1888e-a7c4-40b7-af24-8ecaa010d945.pdf DISCLOSURE ACQUISITION OF OWN SHARES As required by item b) of number 2 of article 11 and article 13 of CMVM (Securities Market Commission) Regulation 5/2008, Semapa ..."
SEM,SEM:US,BBG000QCHMH9,Aetna Inks Deal with Gateway Health to Form Affordable ACO,2016-07-14 16:34:20 +0000,http://articlefeeds.nasdaq.com/~r/nasdaq/symbols/~3/QEcibdDtC6Q/aetna-inks-deal-with-gateway-health-to-form-affordable-aco-cm649299,"Aetna Inc.AET recently joined forces with Gateway Health to form a commercial and product based Accountable Care Organization (""ACO""). The aforesaid commercial health care program, Aetna Whole Health Gateway Health, will become effective from Jan 1, 2017. The ACO"
SEM,SEM:US,BBG000QCHMH9,Molina Improves Operation With VCE Vblock and all-flash,2016-07-14 16:32:49 +0000,http://articlefeeds.nasdaq.com/~r/nasdaq/symbols/~3/voAtLrApZKQ/molina-improves-operation-with-vce-vblock-and-all-flash-cm649274,Molina Healthcare Inc . MOH is upgrading its data center with VCE Vblock System 740s converged infrastructure and the added power of all flash. The upgrade is expected to enhance service deployment and the infrastructure supporting Molina's high volume
SEM,SEM:US,BBG000QCHMH9,The 3 Most Unbelievably Undervalued Healthcare Stocks,2016-07-13 13:54:17 +0000,http://articlefeeds.nasdaq.com/~r/nasdaq/symbols/~3/b_FpfhQNyZ4/the-3-most-unbelievably-undervalued-healthcare-stocks-cm648464,"Image source  Getty Images.  It's been a volatile first half of the year for the stock market, but the healthcare sector has really stood out as an underperformer. Specifically, drugmakers have taken it"
SEM,SEM:US,BBG000QCHMH9,SEM Makes Bullish Cross Above Critical Moving Average,2016-07-12 16:48:54 +0000,http://articlefeeds.nasdaq.com/~r/nasdaq/symbols/~3/Qhv6ufejxoE/sem-makes-bullish-cross-above-critical-moving-average-cm648006,"In trading on Tuesday, shares of Select Medical Holdings Corp (Symbol SEM) crossed above their 200 day moving average of $11.29, changing hands as high as $11.37 per share. Select Medical Holdings Corp shares are currently trading up about"
SEM,SEM:US,BBG000QCHMH9,Looking for Bargain Stocks? Pick These 5 with Low P/B Ratio,2016-07-11 16:51:43 +0000,http://articlefeeds.nasdaq.com/~r/nasdaq/symbols/~3/3XY2gk6Z8bg/looking-for-bargain-stocks-pick-these-5-with-low-pb-ratio-cm647230,"It's not easy to find value stocks. Being aware of a company's key financial numbers like earnings per share and sales growth can help investors identify stocks that are trading for less than they're worth. However, a proper analysis"
SEM,SEM:US,BBG000QCHMH9,Looking for Bargain Stocks? Pick These 5 with Low P/B Ratio,2016-07-11 14:57:02 +0000,http://finance.yahoo.com/news/looking-bargain-stocks-pick-5-145702516.html,Looking for Bargain Stocks? Pick These 5 with Low P/B Ratio
SEM,SEM:US,BBG000QCHMH9,"8 July, 2016 | Own Shares",2016-07-08 16:41:05 +0000,http://www.publicnow.com/view/BDA993A2BDDDDA0B77A5CF2F2E44F95920B4586B,"[at noodls] - e223fc7b-f82a-4bfe-b478-72d33dc7f3c7.pdf DISCLOSURE ACQUISITION OF OWN SHARES As required by item b) of number 2 of article 11 and article 13 of CMVM (Securities Market Commission) Regulation 5/2008, Semapa ..."
SEM,SEM:US,BBG000QCHMH9,"Zacks.com featured highlights: DeVry Education Group, PharMerica, Trinity Industries, Select Medical and Tower International",2016-07-08 15:47:27 +0000,http://articlefeeds.nasdaq.com/~r/nasdaq/symbols/~3/bPPeTDTcR74/zackscom-featured-highlights-devry-education-group-pharmerica-trinity-industries-select-medical-and-tower-international-cm646411,"For Immediate Release Chicago, IL July 08, 2016 Stocks in this week's article include DeVry Education Group Inc. ( DV ), PharMerica Corporation ( PMC ), Trinity Industries Inc. ( TRN ), Select Medical Holdings Corporation ( SEM )"
SEM,SEM:US,BBG000QCHMH9,"Zacks.com featured highlights: DeVry Education Group, PharMerica, Trinity Industries, Select Medical and Tower International",2016-07-08 13:30:01 +0000,http://finance.yahoo.com/news/zacks-com-featured-highlights-devry-133001115.html,"Zacks.com featured highlights: DeVry Education Group, PharMerica, Trinity Industries, Select Medical and Tower International"
SEM,SEM:US,BBG000QCHMH9,5 Low Price-to-Cash-Flow Stocks for Assured Returns,2016-07-07 15:46:29 +0000,http://articlefeeds.nasdaq.com/~r/nasdaq/symbols/~3/FEbbnvAOS7w/5-low-price-to-cash-flow-stocks-for-assured-returns-cm645822,"Investors always try to hit the jackpot while picking stocks. But striking the right chord each time is not easy unless you know the magic trick. When it comes to the investment market, experts consider value style as one"
SEM,SEM:US,BBG000QCHMH9,5 Low Price-to-Cash-Flow Stocks for Assured Returns,2016-07-07 13:29:01 +0000,http://finance.yahoo.com/news/5-low-price-cash-flow-132901014.html,5 Low Price-to-Cash-Flow Stocks for Assured Returns
SEM,SEM:US,BBG000QCHMH9,Coverage Initiated on Select Hospitals Equities,2016-07-06 12:55:49 +0000,http://news.investornetwork.com/2016/07/06/coverage-initiated-on-select-hospitals-equities/?1=1&1467809749,Coverage Initiated on Select Hospitals Equities
SEM,SEM:US,BBG000QCHMH9,"July 5, 2016 - Select Medical Holdings Corporation to Announce Second Quarter 2016 Results on Thursday, August 4",2016-07-05 16:41:08 +0000,http://www.publicnow.com/view/80095567361D5338697BE91F4D1C3C52E6A362E3,"[at noodls] - Select Medical Corporation Prices Shares in Initial Public Offering R E L E A S E FOR IMMEDIATE RELEASE 4714 Gettysburg Road Mechanicsburg, PA 17055 NYSE Symbol: SEM Select Medical Holdings Corporation ..."
SEM,SEM:US,BBG000QCHMH9,"Select Medical Holdings Corporation to Announce Second Quarter 2016 Results on Thursday, August 4",2016-07-05 16:00:00 +0000,http://finance.yahoo.com/news/select-medical-holdings-corporation-announce-160000234.html,"[PR Newswire] - MECHANICSBURG, Pa., July 5, 2016 /PRNewswire/ -- Select Medical Holdings Corporation (""Select Medical"") (NYSE: SEM), will release the financial results for its second quarter ended June 30, 2016 ..."
SEM,SEM:US,BBG000QCHMH9,UnitedHealth Group and its Units Gets Rated by A.M. Best,2016-07-01 15:53:50 +0000,http://articlefeeds.nasdaq.com/~r/nasdaq/symbols/~3/bUlYryeXm7w/unitedhealth-group-and-its-units-gets-rated-by-am-best-cm643843,"UnitedHealth Group IncorporatedUNH recently received rating action from A.M. Best. The rating agency affirmed the financial strength rating of A (Excellent) and the issuer credit ratings (ICR) of ""a"" of most of the insurance subsidiaries of the insurer. Also,"
SEM,SEM:US,BBG000QCHMH9,Kindred Healthcare and Select Medical Holdings Corporation Complete Acquisition of Additional Hospitals from Each Other,2016-06-28 12:21:01 +0000,http://www.publicnow.com/view/0F1A0DF77F9217711C14D0805596310142B45593,"[at noodls] - LOUISVILLE, Ky.--(BUSINESS WIRE)--Jun. 28, 2016-- Kindred Healthcare, Inc. ('Kindred' or the 'Company') (NYSE:KND) today announced that it has completed the acquisition of an additional transitional care ..."
SEM,SEM:US,BBG000QCHMH9,"Select Medical Holdings Corporation Announces Completion of Exchange of Hospitals with Kindred Healthcare, Inc.",2016-06-28 12:00:00 +0000,http://finance.yahoo.com/news/select-medical-holdings-corporation-announces-120000658.html,"[PR Newswire] - MECHANICSBURG, Pa., June 28, 2016 /PRNewswire/ -- Select Medical Holdings Corporation (""Select"") (SEM) today announced that it has completed an exchange of long term acute care hospitals with Kindred Healthcare, Inc. (""Kindred"") (KND), as part of a previously-announced transaction. Select has transferred a hospital in San Antonio, TX to Kindred. Kindred has transferred a hospital in Atlanta, GA to Select. Select Medical began operations in 1997 and has grown to be one of the largest operators of specialty hospitals, outpatient rehabilitation clinics and occupational health centers in the United States based on the number of facilities. As of March 31, 2016, Select Medical operated 109 long term acute care hospitals and 18 acute medical rehabilitation hospitals in 27 states and 1,615 outpatient rehabilitation clinics in 37 states and the District of Columbia. Select Medical's joint venture subsidiary Concentra operated 301 centers in 39 states."
SEM,SEM:US,BBG000QCHMH9,"27 June, 2016 | Own Shares",2016-06-27 16:51:11 +0000,http://www.publicnow.com/view/382D4370F60B9FDFEFB870404D8579887143008B,"[at noodls] - e79b4204-2341-4602-8677-ee4d041b323a.pdf DISCLOSURE ACQUISITION OF OWN SHARES As required by item b) of number 2 of article 11 and article 13 of CMVM (Securities Market Commission) Regulation 5/2008, Semapa ..."
SEM,SEM:US,BBG000QCHMH9,"22 June, 2016 | Own Shares",2016-06-22 16:49:02 +0000,http://www.publicnow.com/view/3F5314879AE42F0F4D5C3C2F387C7A52FAC1D52C,"[at noodls] - a8f43778-b92a-4c3f-be2c-9947f9d2ca12.pdf DISCLOSURE ACQUISITION OF OWN SHARES As required by item b) of number 2 of article 11 and article 13 of CMVM (Securities Market Commission) Regulation 5/2008, Semapa ..."
SEM,SEM:US,BBG000QCHMH9,Friday's ETF with Unusual Volume: IHF,2016-06-17 20:02:28 +0000,http://articlefeeds.nasdaq.com/~r/nasdaq/symbols/~3/XO8r4mTIuac/fridays-etf-with-unusual-volume-ihf-cm637195,"The iShares U.S. Healthcare Providers ETF ( IHF ) is seeing unusually high volume in afternoon trading Friday, with over 367,000 shares traded versus three month average volume of about 61,000. Shares of IHF were down about 0.6% on"
SEM,SEM:US,BBG000QCHMH9,"17 June, 2016 | Own Shares",2016-06-17 16:59:21 +0000,http://www.publicnow.com/view/2A7170060725C9D5B88A2219D8D494D06CA964C7,"[at noodls] - 7553af28-db67-4559-a817-a5b93d8f5826.pdf DISCLOSURE ACQUISITION OF OWN SHARES As required by item b) of number 2 of article 11 and article 13 of CMVM (Securities Market Commission) Regulation 5/2008, Semapa ..."
SEM,SEM:US,BBG000QCHMH9,"14 June, 2016 | Acções Próprias",2016-06-14 16:49:04 +0000,http://www.publicnow.com/view/B5C40D9DE9BEAF7E4CED8BCA601BA9B3A119E88C,"[at noodls] - e1515b99-4b04-4b0f-aa81-093e0c0dcc06.pdf DISCLOSURE ACQUISITION OF OWN SHARES As required by item b) of number 2 of article 11 and article 13 of CMVM (Securities Market Commission) Regulation 5/2008, Semapa ..."
SEM,SEM:US,BBG000QCHMH9,"9 June, 2016 | Own Shares",2016-06-09 17:19:06 +0000,http://www.publicnow.com/view/7500B2D0579A0113668BA7A8427711E8081FF969,"[at noodls] - 49ee59ac-536c-4e76-aad8-547f91433ecc.pdf DISCLOSURE ACQUISITION OF OWN SHARES As required by item b) of number 2 of article 11 and article 13 of CMVM (Securities Market Commission) Regulation 5/2008, Semapa ..."
SEM,SEM:US,BBG000QCHMH9,"6 June, 2016 | Own Shares",2016-06-06 16:58:07 +0000,http://www.publicnow.com/view/FED2B6CBE90302C99CBD210068F9A0D02406DEBC,"[at noodls] - d4233ad8-166e-4395-8689-608cef4eb1c0.pdf DISCLOSURE ACQUISITION OF OWN SHARES As required by item b) of number 2 of article 11 and article 13 of CMVM (Securities Market Commission) Regulation 5/2008, Semapa ..."
SEM,SEM:US,BBG000QCHMH9,"2 June, 2016 | Privileged Information",2016-06-02 17:15:12 +0000,http://www.publicnow.com/view/8F49596D5C597AED1A8A145CB10541BAAFF1278D,"[at noodls] - 33a9a486-7f82-45f5-82b1-ca8c09c8ce68.pdf SEMAPA - Sociedade de Investimento e Gestão, SGPS, S.A. ... This is an abstract of the original noodl. To continue reading this document, click here for the original ..."
SEM,SEM:US,BBG000QCHMH9,"Select Medical Holdings Corporation Announces Partial Completion of Exchange of Hospitals with Kindred Healthcare, Inc.",2016-06-01 13:03:08 +0000,http://www.publicnow.com/view/72E560BC19515119374E3F8746C9212CBB34A9D8,"[at noodls] - _ R E L E A S E FOR IMMEDIATE RELEASE 4714 Gettysburg Road Mechanicsburg, PA 17055 NYSE Symbol: SEM MECHANICSBURG, PENNSYLVANIA - June 1, 2016 - Select Medical Holdings Corporation (""Select"") ..."
SEM,SEM:US,BBG000QCHMH9,Kindred Healthcare and Select Medical Holdings Corporation Complete Acquisition of Hospitals from Each Other,2016-06-01 12:53:09 +0000,http://www.publicnow.com/view/20A3BF85980BF8EBD8F9A179CCC2BBF37B881306,"[at noodls] - LOUISVILLE, Ky.--(BUSINESS WIRE)--Jun. 1, 2016-- Kindred Healthcare, Inc. ('Kindred' or the 'Company') (NYSE:KND) today announced that it has completed the sale of two of its transitional care hospitals ..."
SEM,SEM:US,BBG000QCHMH9,"31 May, 2016 | Quarterly Report",2016-05-31 18:53:01 +0000,http://www.publicnow.com/view/81BADFC64BC5B58EE9AE34E7A572FB6C64F5041B,[at noodls] - 213e604e-3839-47b0-8532-105dc7006c14.pdf QUARTERLY ACCOUNTS lST QUARTER 20l6 QUARTERLY ACCOUNTS PART l MANAGEMENT REPORT 3 PART 2 CONSOLIDATED FINANCIAL STATEMENTS 29 SEMAPA - Sociedade de lnvestimento ...
SEM,SEM:US,BBG000QCHMH9,"30 May, 2016 | Own Shares",2016-05-30 17:20:02 +0000,http://www.publicnow.com/view/CB055A4651E94E37D87FAC789AD26D08D24AE33E,"[at noodls] - Microsoft Word - 2016 05 30 SEM Acções Próprias - EN.docx SEMAPA - Sociedade de Investimento e Gestão, SGPS, S.A. ... This is an abstract of the original noodl. To continue reading this document, click ..."
SEM,SEM:US,BBG000QCHMH9,"23 May, 2016 | Own Shares",2016-05-23 17:16:05 +0000,http://www.publicnow.com/view/1F5230A44A5FE990F8CE12BCC4905493A1CC6018,[at noodls] - Microsoft Word - 2016 05 23 SEM Acções Próprias - EN.docx DISCLOSURE ACQUISITION OF OWN SHARES As required by item b) of number 2 of article 11 and article 13 of CMVM (Securities Market Commission) Regulation ...
SEM,SEM:US,BBG000QCHMH9,Select Medical beats 4Q profit forecasts,2016-02-26 00:29:50 +0000,http://sg.finance.yahoo.com/news/select-medical-beats-4q-profit-002950122.html,Select Medical beats 4Q profit forecasts
SEM,SEM:US,BBG000QCHMH9,Select Medical tops Street 1Q forecasts,2015-04-30 21:57:45 +0000,http://sg.finance.yahoo.com/news/select-medical-tops-street-1q-215745452.html,Select Medical tops Street 1Q forecasts
SEM,SEM:US,BBG000QCHMH9,Select Medical meets 4Q profit forecasts,2015-02-20 00:15:59 +0000,http://sg.finance.yahoo.com/news/select-medical-meets-4q-profit-001559440.html,Select Medical meets 4Q profit forecasts
