RESULT_COUNT: 103,PAGE_SIZE: 10000,CURRENT_PAGE: 1,TOTAL_PAGES: 1,API_CALL_CREDITS: 1
TICKER,FIGI_TICKER,FIGI,TITLE,PUBLICATION_DATE,URL,SUMMARY
TIG,TIG:UW,BBG00BRBNGM6,European ADRs Edge Higher in Tuesday Session,2017-10-10 16:30:28 +0000,http://articlefeeds.nasdaq.com/~r/nasdaq/symbols/~3/EfPWzKImOgE/european-adrs-edge-higher-in-tuesday-session-cm857634,American depository shares of European stocks were trading 0 6 higher at 139 88 on the Bank of New York Mellon Europe ADR index on Tuesday morning American depository shares of European stocks were trading 0 6 higher at 139 88 on the Bank of New York Mellon Europe ADR index on Tuesday
TIG,TIG:UW,BBG00BRBNGM6,TiGenix to present positive 52-week Phase III results of Cx601 at World Congress of Gastroenterology at ACG 2017 meeting,2017-10-05 05:01:29 +0000,https://finance.yahoo.com/news/tigenix-present-positive-52-week-050129045.html?.tsrc=rss,"TiGenix to present positive 52- week Phase III results of Cx601 at World Congress of Gastroenterology at ACG 2017 meeting. Leuven- October 5, 2017, 07:00 h CET- TiGenix NV, an advanced biopharmaceutical ..."
TIG,TIG:UW,BBG00BRBNGM6,TiGenix Announces Positive 52-week Phase III Results Of Cx601; Shares Up,2017-10-05 03:50:00 +0000,http://articlefeeds.nasdaq.com/~r/nasdaq/symbols/~3/vMIlhwcm_4A/tigenix-announces-positive-52week-phase-iii-results-of-cx601-shares-up-20171005-00106,TiGenix Announces Positive 52-week Phase III Results Of Cx601; Shares Up
TIG,TIG:UW,BBG00BRBNGM6,TiGenix to host Analyst and Investor Event in New York City,2017-10-02 05:03:23 +0000,https://finance.yahoo.com/news/tigenix-host-analyst-investor-event-050323968.html?.tsrc=rss,"TiGenix to host Analyst and Investor Event in New York City. Leuven- October 2, 2017, 07:00 h CET- TiGenix NV, an advanced biopharmaceutical company focused on exploiting the anti-inflammatory properties ..."
TIG,TIG:UW,BBG00BRBNGM6,TiGenix to participate and present at key investor and business development meetings,2017-09-28 05:02:03 +0000,https://finance.yahoo.com/news/tigenix-participate-present-key-investor-050203283.html?.tsrc=rss,"TiGenix to participate and present at key investor and business development meetings. Leuven- September 28, 2017, 07:00 h CET- TiGenix NV, an advanced biopharmaceutical company focused on exploiting the ..."
TIG,TIG:UW,BBG00BRBNGM6,"TiGenix NV :TIG-US: Earnings Analysis: For the six months ended June 30, 2017 : September 26, 2017",2017-09-26 13:59:36 +0000,http://finance.yahoo.com/r/13bef1ea-5e0c-3e58-bdae-ef91349baf35/tigenix-nv-tig-us-earnings-analysis-for-the-six-months-ended-june-30-2017-september-26-2017?yptr=yahoo&.tsrc=rss,"Categories:  Yahoo FinanceGet free summary analysis TiGenix NV reports financial results for the half-year ended June 30, 2017. We analyze the earnings along side the following peers of TiGenix NV – Neovasc Inc. (NVCN-CA) that have also reported for this period. Highlights Summary numbers: Revenues of USD 0.64 million, Net Earnings of USD -28.67 million. Earnings rose ... Read more
<b>(Read more...)</b>"
TIG,TIG:UW,BBG00BRBNGM6,European ADRs Edge Higher as Pharmaceutical Stocks See Mixed Fortunes,2017-09-19 15:56:10 +0000,http://articlefeeds.nasdaq.com/~r/nasdaq/symbols/~3/AhJAfWAVF0s/european-adrs-edge-higher-as-pharmaceutical-stocks-see-mixed-fortunes-cm847795,American depository receipts of European stocks were 0 4 higher at 138 68 on the Bank of New York Mellon Europe ADR Index on Tuesday morning American depository receipts of European stocks were 0 4 higher at 138 68 on the Bank of New York Mellon Europe ADR Index on Tuesday morning Gainers
TIG,TIG:UW,BBG00BRBNGM6,TiGenix Business and Financial Update for the First Half 2017,2017-09-19 05:03:15 +0000,https://finance.yahoo.com/news/tigenix-business-financial-first-half-050315234.html?.tsrc=rss,"TiGenix Business and Financial Update for the First Half 2017. Leuven- September 19, 2017, 07:00 h CET- TiGenix NV, an advanced biopharmaceutical company focused on exploiting the anti-inflammatory properties ..."
TIG,TIG:UW,BBG00BRBNGM6,European ADRs Edge Higher as Manufacturers Log Gains,2017-09-14 15:36:28 +0000,http://articlefeeds.nasdaq.com/~r/nasdaq/symbols/~3/fXvbKY7B3zw/european-adrs-edge-higher-as-manufacturers-log-gains-cm845731,American depositary receipts of European stocks were 0 1 higher at 137 86 on the Bank of New York Mellon Europe ADR Index on Thursday morning American depositary receipts of European stocks were 0 1 higher at 137 86 on the Bank of New York Mellon Europe ADR Index on Thursday morning Gainers
TIG,TIG:UW,BBG00BRBNGM6,TiGenix strengthens US operations with senior appointments,2017-09-12 05:02:19 +0000,https://finance.yahoo.com/news/tigenix-strengthens-us-operations-senior-050219443.html?.tsrc=rss,"TiGenix strengthens US operations with senior appointments. Gregory Gordon appointed as Head of Medical Department. -Annette Valles-Sukkar appointed as Associate Director, Clinical Project."
TIG,TIG:UW,BBG00BRBNGM6,TiGenix obtains commercial production license for expanded manufacturing facility,2017-09-05 05:02:30 +0000,https://finance.yahoo.com/news/tigenix-obtains-commercial-production-license-050230728.html?.tsrc=rss,"TiGenix obtains commercial production license for expanded manufacturing facility. -Provides capacity for potential European commercial roll out of investigational stem cell therapy, Cx601. -Expanded facility ..."
TIG,TIG:UW,BBG00BRBNGM6,European ADRs Move Lower in Friday Trading,2017-07-07 16:03:59 +0000,http://articlefeeds.nasdaq.com/~r/nasdaq/symbols/~3/0rrrOvomGLg/european-adrs-move-lower-in-friday-trading-cm813068,American depository receipts of European stocks were trading 0 20 lower at 132 84 on the Bank of New York Mellon Europe ADR Index on Friday American depository receipts of European stocks were trading 0 20 lower at 132 84 on the Bank of New York Mellon Europe ADR Index on Friday In
TIG,TIG:UW,BBG00BRBNGM6,European ADRs Move Lower in Thursday Trading,2017-06-29 15:02:41 +0000,http://articlefeeds.nasdaq.com/~r/nasdaq/symbols/~3/I2UrOCpYvp8/european-adrs-move-lower-in-thursday-trading-cm809927,American depository receipts of European stocks were trading 0 07 lower at 134 98 on the Bank of New York Mellon Europe ADR Index on Thursday American depository receipts of European stocks were trading 0 07 lower at 134 98 on the Bank of New York Mellon Europe ADR Index on Thursday
TIG,TIG:UW,BBG00BRBNGM6,"TiGenix opens US headquarters in Cambridge, MA",2017-06-29 09:31:39 +0000,https://finance.yahoo.com/news/tigenix-opens-us-headquarters-cambridge-093139825.html?.tsrc=rss,"TiGenix opens US headquarters in Cambridge, MA. Decision follows NASDAQ IPO in 2016 and the launch of the global phase III trial for Cx601 Operations to be based in Cambridge at heart of Boston area biotech ..."
TIG,TIG:UW,BBG00BRBNGM6,European ADRs Move Higher in Monday Trading,2017-06-26 15:49:34 +0000,http://articlefeeds.nasdaq.com/~r/nasdaq/symbols/~3/kJdIkquxXAU/european-adrs-move-higher-in-monday-trading-cm808134,American depository receipts of European stocks were trading 0 69 higher at 134 42 on the Bank of New York Mellon Europe ADR Index on Monday American depository receipts of European stocks were trading 0 69 higher at 134 42 on the Bank of New York Mellon Europe ADR Index on Monday In
TIG,TIG:UW,BBG00BRBNGM6,European ADRs Move Higher in Friday Trading,2017-06-23 15:29:04 +0000,http://articlefeeds.nasdaq.com/~r/nasdaq/symbols/~3/YpPgbxC687c/european-adrs-move-higher-in-friday-trading-cm807475,American depositary receipts of European stocks were trading 0 12 higher at 133 32 on the Bank of New York Mellon Europe ADR Index on Friday American depositary receipts of European stocks were trading 0 12 higher at 133 32 on the Bank of New York Mellon Europe ADR Index on Friday In
TIG,TIG:UW,BBG00BRBNGM6,"TiGenix to present at the 7th TERMIS-EU Conference in Davos, Switzerland",2017-06-23 05:01:53 +0000,https://finance.yahoo.com/news/tigenix-present-7th-termis-eu-050153303.html?.tsrc=rss,"TiGenix to present at the 7 th TERMIS-EU Conference in Davos, Switzerland. Leuven- June 23, 2017, 07:00 h CEST- TiGenix NV, an advanced biopharmaceutical company focused on exploiting the anti-inflammatory ..."
TIG,TIG:UW,BBG00BRBNGM6,European ADRs Edge Higher as Pharma Gains Offset Oil Stocks' Contractions,2017-06-21 16:20:28 +0000,http://articlefeeds.nasdaq.com/~r/nasdaq/symbols/~3/4fCA00hTjJI/european-adrs-edge-higher-as-pharma-gains-offset-oil-stocks-contractions-cm806312,American depository receipts of European stocks were 0 1 higher at 132 71 on the Bank of New York Mellon Europe ADR Index on Wednesday morning American depository receipts of European stocks were 0 1 higher at 132 71 on the Bank of New York Mellon Europe ADR Index on Wednesday morning Gainers
TIG,TIG:UW,BBG00BRBNGM6,Takeda and TiGenix announce that Swissmedic has accepted for review the file on Cx601 for the treatment of complex perianal fistulas in Crohn's disease patients,2017-06-20 05:01:32 +0000,https://finance.yahoo.com/news/takeda-tigenix-announce-swissmedic-accepted-050132166.html?.tsrc=rss,"Takeda and TiGenix announce that Swissmedic has accepted for review the file on Cx601 for the treatment of complex perianal fistulas in Crohn's disease patients. Pfäffikon, SZ, June 20, 2017, and Leuven, ..."
TIG,TIG:UW,BBG00BRBNGM6,European ADRs Move Higher in Friday Trading,2017-06-16 15:46:41 +0000,http://articlefeeds.nasdaq.com/~r/nasdaq/symbols/~3/ePzzRNatu8w/european-adrs-move-higher-in-friday-trading-cm804431,American depository receipts of European stocks were trading 0 45 higher at 132 87 on the Bank of New York Mellon Europe ADR Index on Friday American depository receipts of European stocks were trading 0 45 higher at 132 87 on the Bank of New York Mellon Europe ADR Index on Friday In
TIG,TIG:UW,BBG00BRBNGM6,TiGenix Partners with U.S. and European Patient Advocacy Groups Focused on Crohn's Disease and Ulcerative Colitis,2017-06-15 05:03:49 +0000,https://finance.yahoo.com/news/tigenix-partners-u-european-patient-050349853.html?.tsrc=rss,TiGenix Partners with U.S. and European Patient Advocacy Groups Focused on Crohn's Disease and Ulcerative Colitis. -Joins the Crohn's and Colitis Foundation's President's Corporate Circle. -Signs Sponsorship ...
TIG,TIG:UW,BBG00BRBNGM6,European ADRs Move Higher in Wednesday Trading,2017-06-14 16:26:11 +0000,http://articlefeeds.nasdaq.com/~r/nasdaq/symbols/~3/gcMXuzRRKeQ/european-adrs-move-higher-in-wednesday-trading-cm803372,American depository receipts of European stocks were trading 0 07 higher at 134 29 on the Bank of New York Mellon Europe ADR Index on Wednesday American depository receipts of European stocks were trading 0 07 higher at 134 29 on the Bank of New York Mellon Europe ADR Index on Wednesday
TIG,TIG:UW,BBG00BRBNGM6,European ADRs Move Higher in Tuesday Trading,2017-06-13 16:27:25 +0000,http://articlefeeds.nasdaq.com/~r/nasdaq/symbols/~3/9JpB_GBX_CE/european-adrs-move-higher-in-tuesday-trading-cm802801,American depository receipts of European stocks were trading 0 34 higher at 133 95 on the Bank of New York Mellon Europe ADR Index on Tuesday American depository receipts of European stocks were trading 0 34 higher at 133 95 on the Bank of New York Mellon Europe ADR Index on Tuesday
TIG,TIG:UW,BBG00BRBNGM6,InPlay from Briefing.com,2017-06-13 07:57:05 +0000,https://finance.yahoo.com/news/inplay-briefing-com-125529772.html?.tsrc=rss,InPlay from Briefing.com
TIG,TIG:UW,BBG00BRBNGM6,TiGenix Launches Global Phase III Trial for Cx601,2017-06-13 05:01:52 +0000,https://finance.yahoo.com/news/tigenix-launches-global-phase-iii-050152649.html?.tsrc=rss,"TiGenix Launches Global Phase III Trial for Cx601. Leuven- June 13, 2017, 07:00 h CEST- TiGenix NV, an advanced biopharmaceutical company focused on exploiting the anti-inflammatory properties of allogeneic, ..."
TIG,TIG:UW,BBG00BRBNGM6,TiGenix announces final equity payment for cardiac platform acquisition,2017-06-12 05:01:31 +0000,https://finance.yahoo.com/news/tigenix-announces-final-equity-payment-050131443.html?.tsrc=rss,"PRESS R ELEASE regulated information. Leuven- June 12, 2017, 07:00 h CEST- TiGenix NV, an advanced biopharmaceutical company focused on exploiting the anti-inflammatory properties of allogeneic, or donor-derived, ..."
TIG,TIG:UW,BBG00BRBNGM6,"Gainers & Losers Of June 5: LOXO, CLSN, RDUS, GLYC, JUNO...",2017-06-05 22:09:00 +0000,http://articlefeeds.nasdaq.com/~r/nasdaq/symbols/~3/nkjIXwy7ShE/gainers--losers-of-june-5-loxo-clsn-rdus-glyc-juno-20170605-01326,"Gainers & Losers Of June 5: LOXO, CLSN, RDUS, GLYC, JUNO..."
TIG,TIG:UW,BBG00BRBNGM6,European ADRs Fractionally Higher Despite Banking Contractions,2017-06-01 16:11:07 +0000,http://articlefeeds.nasdaq.com/~r/nasdaq/symbols/~3/rJwx8SqcsfY/european-adrs-fractionally-higher-despite-banking-contractions-cm797525,American depository receipts of European stocks were 0 1 higher at 135 27 on the Bank of New York Mellon Europe ADR Index on Thursday morning American depository receipts of European stocks were 0 1 higher at 135 27 on the Bank of New York Mellon Europe ADR Index on Thursday morning Gainers
TIG,TIG:UW,BBG00BRBNGM6,TiGenix to present at the Jefferies 2017 Global Healthcare Conference in New York,2017-06-01 05:01:23 +0000,https://finance.yahoo.com/news/tigenix-present-jefferies-2017-global-050123817.html?.tsrc=rss,"TiGenix to present at the Jefferies 2017 Global Healthcare Conference in New York. Leuven- June 1, 2017, 07:00 h CEST- TiGenix NV, an advanced biopharmaceutical company focused on exploiting the anti-inflammatory ..."
TIG,TIG:UW,BBG00BRBNGM6,European ADRs Advance as Pharmaceutical Stocks' Gains Offset Manufacturers' Contractions,2017-05-31 15:51:06 +0000,http://articlefeeds.nasdaq.com/~r/nasdaq/symbols/~3/SPVRmzhMrX8/european-adrs-advance-as-pharmaceutical-stocks-gains-offset-manufacturers-contractions-cm796880,American depository receipts of European stocks were 0 5 higher at 135 41 on the Bank of New York Mellon Europe ADR Index on Wednesday morning American depository receipts of European stocks were 0 5 higher at 135 41 on the Bank of New York Mellon Europe ADR Index on Wednesday morning Gainers
TIG,TIG:UW,BBG00BRBNGM6,InPlay from Briefing.com,2017-05-31 07:51:25 +0000,https://finance.yahoo.com/news/inplay-briefing-com-115750752.html?.tsrc=rss,InPlay from Briefing.com
TIG,TIG:UW,BBG00BRBNGM6,TiGenix provides regulatory update on Cx601 EU Marketing Authorization Application procedure,2017-05-31 05:01:49 +0000,https://finance.yahoo.com/news/tigenix-provides-regulatory-cx601-eu-050149946.html?.tsrc=rss,"TiGenix provides regulatory update on Cx601 EU Marketing Authorization Application procedure. Leuven- May 31, 2017, 07:00 h CEST- TiGenix NV, an advanced biopharmaceutical company focused on exploiting ..."
TIG,TIG:UW,BBG00BRBNGM6,European ADRs Fractionally Higher as Banks Log Gains,2017-05-18 15:31:32 +0000,http://articlefeeds.nasdaq.com/~r/nasdaq/symbols/~3/aEAYhm7Fi3A/european-adrs-fractionally-higher-as-banks-log-gains-cm791260,American depository receipts of European stocks were 0 03 higher at 134 24 on the Bank of New York Mellon Europe ADR Index on Thursday morning American depository receipts of European stocks were 0 03 higher at 134 24 on the Bank of New York Mellon Europe ADR Index on Thursday morning Gainers
TIG,TIG:UW,BBG00BRBNGM6,TiGenix to present at Bank of America Merrill Lynch 2017 Healthcare Conference in Las Vegas,2017-05-11 05:04:49 +0000,http://finance.yahoo.com/news/tigenix-present-bank-america-merrill-050449395.html?.tsrc=rss,"TiGenix to present at Bank of America Merrill Lynch 2017 Healthcare Conference in Las Vegas. Leuven- May 11, 2017, 07:00 h CEST- TiGenix NV, an advanced biopharmaceutical company focused on exploiting ..."
TIG,TIG:UW,BBG00BRBNGM6,TiGenix to present at the Crohn's and Colitis Foundation's Novel Technologies in Inflammatory Bowel Disease workshop in New York,2017-05-10 05:03:18 +0000,http://finance.yahoo.com/news/tigenix-present-crohns-colitis-foundations-050318799.html?.tsrc=rss,"TiGenix to present at the Crohn's and Colitis Foundation's Novel Technologies in Inflammatory Bowel Disease workshop in New York. Leuven- May 10, 2017, 07:00 h CEST- TiGenix NV, an advanced biopharmaceutical ..."
TIG,TIG:UW,BBG00BRBNGM6,European ADRs Fractionally Higher Despite Banking Losses,2017-05-09 15:40:14 +0000,http://articlefeeds.nasdaq.com/~r/nasdaq/symbols/~3/OJbWoHR3MVY/european-adrs-fractionally-higher-despite-banking-losses-cm786574,American depository receipts of European stocks were 0 1 higher at 132 98 on the Bank of New York Mellon Europe ADR Index on Tuesday morning American depository receipts of European stocks were 0 1 higher at 132 98 on the Bank of New York Mellon Europe ADR Index on Tuesday morning Gainers
TIG,TIG:UW,BBG00BRBNGM6,European ADRs Edge Higher as Pharmaceutical Stocks See Mixed Fortunes,2017-05-04 15:52:20 +0000,http://articlefeeds.nasdaq.com/~r/nasdaq/symbols/~3/UyFxuRc4exI/european-adrs-edge-higher-as-pharmaceutical-stocks-see-mixed-fortunes-cm784197,American depository receipts of European stocks were 0 6 higher at 131 45 on the Bank of New York Mellon Europe ADR Index on Thursday morning American depository receipts of European stocks were 0 6 higher at 131 45 on the Bank of New York Mellon Europe ADR Index on Thursday morning Gainers
TIG,TIG:UW,BBG00BRBNGM6,TiGenix Cx601 positive long-term results to be presented at Digestive Disease Week,2017-05-04 05:01:59 +0000,http://finance.yahoo.com/news/tigenix-cx601-positive-long-term-050159614.html?.tsrc=rss,"TiGenix Cx601 positive long-term results to be presented at Digestive Disease Week. Leuven- May 4, 2017, 07:00 h CEST- TiGenix NV, an advanced biopharmaceutical company focused on exploiting the anti-inflammatory ..."
TIG,TIG:UW,BBG00BRBNGM6,TiGenix: CONVENING NOTICE TO THE ANNUAL SHAREHOLDERS' MEETING TO BE HELD ON 1 JUNE 2017,2017-05-02 05:01:38 +0000,http://finance.yahoo.com/news/tigenix-convening-notice-annual-shareholders-050138266.html?.tsrc=rss,TiGenix Naamloze vennootschap die een openbaar beroep doet of heeft gedaan op het spaarwezen Romeinse straat 12 box 2 3001 Leuven VAT BE 0471.340. 123 RLE Leuven. CONVENING NOTICE TO the ANNUAL shareholders' ...
TIG,TIG:UW,BBG00BRBNGM6,European ADRs Edge Lower as Miners Head South,2017-04-26 15:03:52 +0000,http://articlefeeds.nasdaq.com/~r/nasdaq/symbols/~3/bHz1GAciJIk/european-adrs-edge-lower-as-miners-head-south-cm779471,American depository receipts of European stocks were 0 2 lower at 129 92 on the Bank of New York Mellon Europe ADR Index on Wednesday morning American depository receipts of European stocks were 0 2 lower at 129 92 on the Bank of New York Mellon Europe ADR Index on Wednesday morning Decliners
TIG,TIG:UW,BBG00BRBNGM6,"TiGenix NV :TIG-US: Earnings Analysis: For the six months ended December 31, 2016 : April 13, 2017",2017-04-13 13:15:52 +0000,http://finance.yahoo.com/r/a10a9ad8-00ce-361b-8674-fb407dc70cce/tigenix-nv-tig-us-earnings-analysis-for-the-six-months-ended-december-31-2016-april-13-2017?yptr=yahoo&.tsrc=rss,"Categories:  Yahoo FinanceGet free summary analysis TiGenix NV reports financial results for the half-year ended December 31, 2016. Highlights Summary numbers: Revenues of USD 28.29 million, Net Earnings of USD 14.43 million. Earnings growth from operating margin improvements as well as one-time items. The table below shows the preliminary results and recent trends for key metrics such ... Read more
<b>(Read more...)</b>"
TIG,TIG:UW,BBG00BRBNGM6,"European ADRs Edge Higher as Pharma Stocks, Miners See Mixed Fortunes",2017-04-10 15:33:47 +0000,http://articlefeeds.nasdaq.com/~r/nasdaq/symbols/~3/JHT_ydQDh4E/european-adrs-edge-higher-as-pharma-stocks-miners-see-mixed-fortunes-cm772194,American depository receipts of European stocks were 0 2 higher at 126 47 on the Bank of New York Mellon Europe ADR Index on Monday morning American depository receipts of European stocks were 0 2 higher at 126 47 on the Bank of New York Mellon Europe ADR Index on Monday morning Gainers
TIG,TIG:UW,BBG00BRBNGM6,European ADRs Advance as Pharmaceutical Stocks See Mixed Fortunes,2017-04-06 15:13:20 +0000,http://articlefeeds.nasdaq.com/~r/nasdaq/symbols/~3/Ny1yJ3vxrfQ/european-adrs-advance-as-pharmaceutical-stocks-see-mixed-fortunes-cm770739,American depository receipts of European stocks were 0 48 higher at 126 74 on the Bank of New York Mellon Europe ADR Index on Thursday morning American depository receipts of European stocks were 0 48 higher at 126 74 on the Bank of New York Mellon Europe ADR Index on Thursday morning Gainers
TIG,TIG:UW,BBG00BRBNGM6,TiGenix reports 2016 full year results,2017-04-06 05:02:56 +0000,http://finance.yahoo.com/news/tigenix-reports-2016-full-results-050256203.html?.tsrc=rss,"PRESS RELEASE Regulated information insider information. TiGenix reports 2016 full year results. Leuven- April 6, 2017, 07:00 h CEST- TiGenix NV, an advanced biopharmaceutical company developing and commercializing ..."
TIG,TIG:UW,BBG00BRBNGM6,TiGenix to participate in key investor conferences in April 2017,2017-04-05 05:02:03 +0000,http://finance.yahoo.com/news/tigenix-participate-key-investor-conferences-050203369.html?.tsrc=rss,"TiGenix to participate in key investor conferences in April 2017. Leuven- April 5, 2017, 07:00 h CEST- TiGenix NV, an advanced biopharmaceutical company developing and commercializing novel therapeutics ..."
TIG,TIG:UW,BBG00BRBNGM6,"TiGenix to present at the dbVIC - Deutsche Bank ADR Virtual Investor Conference on March 23, 2017",2017-03-22 16:51:00 +0000,http://finance.yahoo.com/news/tigenix-present-dbvic-deutsche-bank-165100592.html?.tsrc=rss,"Company invites individual and institutional investors, as well as advisors, to attend interactive, real-time virtual event LEUVEN, Belgium, March 22, 2017 /PRNewswire/ --  TiGenix NV (Euronext Brussels ..."
TIG,TIG:UW,BBG00BRBNGM6,"TiGenix to present at the dbVIC - Deutsche Bank ADR Virtual Investor Conference on March 23, 2017",2017-03-22 16:51:00 +0000,http://finance.yahoo.com/news/tigenix-present-dbvic-deutsche-bank-165100592.html,"[PR Newswire] - Company invites individual and institutional investors, as well as advisors, to attend interactive, real-time virtual event LEUVEN, Belgium, March 22, 2017 /PRNewswire/ -- TiGenix NV (Euronext Brussels ..."
TIG,TIG:UW,BBG00BRBNGM6,"International companies to host live webcasts at Deutsche Bank's Depositary Receipts Virtual Investor Conference on March 22nd and 23rd, 2017",2017-03-16 12:37:00 +0000,http://finance.yahoo.com/news/international-companies-host-live-webcasts-123700493.html?.tsrc=rss,"NEW YORK, March 16, 2017 /PRNewswire/ -- Deutsche Bank today announced the lineup for its Depositary Receipts Virtual Investor Conference (""dbVIC"") on March 22 nd and 23 rd , featuring live webcast ..."
TIG,TIG:UW,BBG00BRBNGM6,"International companies to host live webcasts at Deutsche Bank's Depositary Receipts Virtual Investor Conference on March 22nd and 23rd, 2017",2017-03-16 12:37:00 +0000,http://finance.yahoo.com/news/international-companies-host-live-webcasts-123700493.html,"[PR Newswire] - NEW YORK, March 16, 2017 /PRNewswire/ -- Deutsche Bank today announced the lineup for its Depositary Receipts Virtual Investor Conference (""dbVIC"") on March 22 nd and 23 rd , featuring live webcast ..."
TIG,TIG:UW,BBG00BRBNGM6,3:37 am TiGenix reports top-line Phase I/II results of AlloCSC-01; all safety objectives met,2017-03-14 07:37:00 +0000,http://finance.yahoo.com/news/inplay-briefing-com-055139997.html#tig,3:37 am TiGenix reports top-line Phase I/II results of AlloCSC-01; all safety objectives met
TIG,TIG:UW,BBG00BRBNGM6,European ADRs Edge Higher as Pharma Stocks See Mixed Fortunes,2017-03-13 15:05:19 +0000,http://articlefeeds.nasdaq.com/~r/nasdaq/symbols/~3/Ij1HVi2JlwM/european-adrs-edge-higher-as-pharma-stocks-see-mixed-fortunes-cm759949,American depository receipts of European stocks were 0 3 higher at 125 32 on the Bank of New York Mellon Europe ADR Index on Monday morning American depository receipts of European stocks were 0 3 higher at 125 32 on the Bank of New York Mellon Europe ADR Index on Monday morning Gainers
TIG,TIG:UW,BBG00BRBNGM6,TiGenix Announces Top-Line Phase I/II Results of AlloCSC-01 in Acute Myocardial Infarction,2017-03-13 06:01:23 +0000,http://finance.yahoo.com/news/tigenix-announces-top-line-phase-060123824.html,"[GlobeNewswire] - PRESS RELEASE REGULATED INFORMATION INSIDE INFORMATION. TiGenix Announces Top-Line Phase I/II Results of AlloCSC-01 in Acute Myocardial Infarction. Leuven- March 13, 2017, 07:00 h CET- TiGenix NV, an advanced ..."
TIG,TIG:UW,BBG00BRBNGM6,TiGenix Announces Top-Line Phase I/II Results of AlloCSC-01 in Acute Myocardial Infarction,2017-03-13 06:01:23 +0000,http://finance.yahoo.com/news/tigenix-announces-top-line-phase-060123824.html?.tsrc=rss,"PRESS RELEASE REGULATED INFORMATION INSIDE INFORMATION. TiGenix Announces Top-Line Phase I/II Results of AlloCSC-01 in Acute Myocardial Infarction. Leuven- March 13, 2017, 07:00 h CET- TiGenix NV, an advanced ..."
TIG,TIG:UW,BBG00BRBNGM6,TiGenix Reports Positive Data for Crohn's Disease Therapy (TIG),2017-03-10 20:40:00 +0000,http://www.investopedia.com/news/tigenix-reports-positive-data-crohns-disease-therapy-tig/?partner=YahooSA,TiGenix Reports Positive Data for Crohn's Disease Therapy (TIG)
TIG,TIG:UW,BBG00BRBNGM6,TiGenix Reports Positive Data for Crohn's Disease Therapy (TIG),2017-03-10 20:40:00 +0000,http://finance.yahoo.com/r/9358b234-9051-3687-9ee7-ec0237465ca2/tigenix-reports-positive-data-crohns-disease-therapy-tig?partner=YahooSA&yptr=yahoo&.tsrc=rss,TiGenix’s key drug Cx601 for treating perianal fistulas in Crohn's disease patients reported positive safety results.
TIG,TIG:UW,BBG00BRBNGM6,European ADRs Edge Higher as Pharma Stocks Rally,2017-03-09 16:12:52 +0000,http://articlefeeds.nasdaq.com/~r/nasdaq/symbols/~3/SIOjQlV4Qt4/european-adrs-edge-higher-as-pharma-stocks-rally-cm758542,American depository receipts of European stocks were 0 63 higher at 123 69 on the Bank of New York Mellon Europe ADR Index on Thursday morning American depository receipts of European stocks were 0 63 higher at 123 69 on the Bank of New York Mellon Europe ADR Index on Thursday morning Gainers
TIG,TIG:UW,BBG00BRBNGM6,TiGenix Announces Positive Topline Week-104 Data for Cx601 ADMIRE-CD Trial,2017-03-09 06:03:46 +0000,http://finance.yahoo.com/news/tigenix-announces-positive-topline-week-060346880.html,"[GlobeNewswire] - TiGenix Announces Positive Topline Week-104 Data for Cx601 ADMIRE-CD Trial. Leuven- 9 th March, 2017, 7:00 am CET- TiGenix NV, an advanced biopharmaceutical company focused on developing and commercializing ..."
TIG,TIG:UW,BBG00BRBNGM6,TiGenix Announces Positive Topline Week-104 Data for Cx601 ADMIRE-CD Trial,2017-03-09 06:03:46 +0000,http://finance.yahoo.com/news/tigenix-announces-positive-topline-week-060346880.html?.tsrc=rss,"TiGenix Announces Positive Topline Week-104 Data for Cx601 ADMIRE-CD Trial. Leuven- 9 th March, 2017, 7:00 am CET- TiGenix NV, an advanced biopharmaceutical company focused on developing and commercializing ..."
TIG,TIG:UW,BBG00BRBNGM6,TiGenix Receives Positive Feedback from the FDA on Cx601 Global Phase III Trial Protocol,2017-03-07 06:02:25 +0000,http://finance.yahoo.com/news/tigenix-receives-positive-feedback-fda-060225553.html?.tsrc=rss,"TiGenix Receives Positive Feedback from the FDA on Cx601 Global Phase III Trial Protocol. Leuven- 7 th March, 2017, 7:00 am CET- TiGenix NV, an advanced biopharmaceutical company focused on developing ..."
TIG,TIG:UW,BBG00BRBNGM6,TiGenix Receives Positive Feedback from the FDA on Cx601 Global Phase III Trial Protocol,2017-03-07 06:02:25 +0000,http://finance.yahoo.com/news/tigenix-receives-positive-feedback-fda-060225553.html,"[GlobeNewswire] - TiGenix Receives Positive Feedback from the FDA on Cx601 Global Phase III Trial Protocol. Leuven- 7 th March, 2017, 7:00 am CET- TiGenix NV, an advanced biopharmaceutical company focused on developing ..."
TIG,TIG:UW,BBG00BRBNGM6,TiGenix Provides Update on Cx601 Marketing Authorization Application procedure in Europe,2017-03-06 06:01:24 +0000,http://finance.yahoo.com/news/tigenix-provides-cx601-marketing-authorization-060124343.html,"[GlobeNewswire] - TiGenix Provides Update on Cx601 Marketing Authorization Application procedure in Europe. Leuven- 6 th March, 2017, 7:00 am CET- TiGenix NV, an advanced biopharmaceutical company focused on developing ..."
TIG,TIG:UW,BBG00BRBNGM6,TiGenix Provides Update on Cx601 Marketing Authorization Application procedure in Europe,2017-03-06 06:01:24 +0000,http://finance.yahoo.com/news/tigenix-provides-cx601-marketing-authorization-060124343.html?.tsrc=rss,"TiGenix Provides Update on Cx601 Marketing Authorization Application procedure in Europe. Leuven- 6 th March, 2017, 7:00 am CET- TiGenix NV, an advanced biopharmaceutical company focused on developing ..."
TIG,TIG:UW,BBG00BRBNGM6,TiGenix to present at Cowen's 37th Annual Health Care Conference in Boston,2017-03-01 06:01:38 +0000,http://finance.yahoo.com/news/tigenix-present-cowens-37th-annual-060138955.html?.tsrc=rss,"TiGenix to present at Cowen's 37th Annual Health Care Conference in Boston. Leuven- 1 st March, 2017, 07:00 h CET- TiGenix NV, an advanced biopharmaceutical company focused on developing and commercializing ..."
TIG,TIG:UW,BBG00BRBNGM6,TiGenix to present at Cowen's 37th Annual Health Care Conference in Boston,2017-03-01 06:01:38 +0000,http://finance.yahoo.com/news/tigenix-present-cowens-37th-annual-060138955.html,"[GlobeNewswire] - TiGenix to present at Cowen's 37th Annual Health Care Conference in Boston. Leuven- 1 st March, 2017, 07:00 h CET- TiGenix NV, an advanced biopharmaceutical company focused on developing and commercializing ..."
TIG,TIG:UW,BBG00BRBNGM6,Takeda and TiGenix Report New Data Highlighting Maintenance of Long-Term Remission of Complex Perianal Fistulas in Crohn’s Disease Patients with Cx601,2017-02-17 08:10:00 +0000,http://au.finance.yahoo.com/news/takeda-tigenix-report-data-highlighting-081000305.html,"[Business Wire] - OSAKA, Japan & LEUVEN, Belgium--(BUSINESSWIRE)-- Takeda Pharmaceutical Company Limited (TSE:4502) (“Takeda”) and TiGenix NV (Euronext Brussels and Nasdaq:TIG) (“TiGenix”) today announced new data from the Phase 3 ADMIRE-CD clinical trial, which indicated that investigational compound Cx601, a suspension of allogeneic expanded adipose-derived stem cells (eASC), maintained long-term remission of treatment refractory complex perianal fistulas in patients with Crohn’s disease over 52 weeks.1 Results were presented at the 12th Congress of the European Crohn’s and Colitis Organisation (ECCO)."
TIG,TIG:UW,BBG00BRBNGM6,Takeda and TiGenix Report New Data Highlighting Maintenance of Long-Term Remission of Complex Perianal Fistulas in Crohn’s Disease Patients with Cx601,2017-02-17 08:10:00 +0000,http://finance.yahoo.com/news/takeda-tigenix-report-data-highlighting-081000142.html?.tsrc=rss,"Takeda Pharmaceutical Company Limited and TiGenix NV today announced new data from the Phase 3 ADMIRE-CD clinical trial, which indicated that investigational compound Cx601, a suspension of allogeneic expanded adipose-derived stem cells , maintained long-term remission of treatment refractory complex perianal fistulas in patients with Crohn’s disease over 52 weeks.1 Results were presented at the 12th ..."
TIG,TIG:UW,BBG00BRBNGM6,Takeda and TiGenix Report New Data Highlighting Maintenance of Long-Term Remission of Complex Perianal Fistulas in Crohn's Disease Patients with Cx601,2017-02-17 08:02:36 +0000,http://finance.yahoo.com/news/takeda-tigenix-report-data-highlighting-080236979.html,[GlobeNewswire] - Takeda and TiGenix Report New Data Highlighting Maintenance of Long-Term Remission of Complex Perianal Fistulas in Crohn's Disease Patients with Cx601. 52- week results of the Phase 3 ADMIRE-CD trial presented ...
TIG,TIG:UW,BBG00BRBNGM6,European ADRs Edge Higher as Telecom Stocks See Mixed Fortunes,2017-02-09 16:37:31 +0000,http://articlefeeds.nasdaq.com/~r/nasdaq/symbols/~3/MQMkHLljwgg/european-adrs-edge-higher-as-telecom-stocks-see-mixed-fortunes-cm745552,American depository receipts of European stocks were 0 8 higher at 123 24 on the Bank of New York Mellon Europe ADR Index on Thursday morning American depository receipts of European stocks were 0 8 higher at 123 24 on the Bank of New York Mellon Europe ADR Index on Thursday morning Gainers
TIG,TIG:UW,BBG00BRBNGM6,TiGenix announces acceptance of Cx601 abstract for oral presentation at 12th Congress of ECCO,2017-02-06 06:31:36 +0000,http://finance.yahoo.com/news/tigenix-announces-acceptance-cx601-abstract-063136439.html,"[GlobeNewswire] - TiGenix announces acceptance of Cx601 abstract for oral presentation at 12 th Congress of ECCO. Leuven- 6 th February, 2017, 07:30 h CET- TiGenix NV, an advanced biopharmaceutical company focused on developing ..."
TIG,TIG:UW,BBG00BRBNGM6,TiGenix announces acceptance of Cx601 abstract for oral presentation at 12th Congress of ECCO,2017-02-06 06:31:36 +0000,http://finance.yahoo.com/news/tigenix-announces-acceptance-cx601-abstract-063136439.html?.tsrc=rss,"TiGenix announces acceptance of Cx601 abstract for oral presentation at 12 th Congress of ECCO. Leuven- 6 th February, 2017, 07:30 h CET- TiGenix NV, an advanced biopharmaceutical company focused on developing ..."
TIG,TIG:UW,BBG00BRBNGM6,European ADRs Edge Higher as Miners Advance,2017-01-31 16:31:48 +0000,http://articlefeeds.nasdaq.com/~r/nasdaq/symbols/~3/DdATynpdtT4/european-adrs-edge-higher-as-miners-advance-cm740895,American depository receipts of European stocks were 0 3 higher at 122 43 on the Bank of New York Mellon Europe ADR Index on Tuesday morning American depository receipts of European stocks were 0 3 higher at 122 43 on the Bank of New York Mellon Europe ADR Index on Tuesday morning Gainers
TIG,TIG:UW,BBG00BRBNGM6,TiGenix Enrolls First Patient in Phase Ib/IIa Clinical Trial of Cx611 in Severe Sepsis,2017-01-31 06:08:04 +0000,http://finance.yahoo.com/news/tigenix-enrolls-first-patient-phase-060804537.html,"[GlobeNewswire] - TiGenix Enrolls First Patient in Phase Ib/IIa Clinical Trial of Cx611 in Severe Sepsis. Leuven- January 31 st, 2017, 07:00 h CET- TiGenix NV, an advanced biopharmaceutical company focused on developing ..."
TIG,TIG:UW,BBG00BRBNGM6,TiGenix Enrolls First Patient in Phase Ib/IIa Clinical Trial of Cx611 in Severe Sepsis,2017-01-31 06:08:04 +0000,http://finance.yahoo.com/news/tigenix-enrolls-first-patient-phase-060804537.html?.tsrc=rss,"TiGenix Enrolls First Patient in Phase Ib/IIa Clinical Trial of Cx611 in Severe Sepsis. Leuven- January 31 st, 2017, 07:00 h CET- TiGenix NV, an advanced biopharmaceutical company focused on developing ..."
TIG,TIG:UW,BBG00BRBNGM6,IIROC Trading Resumption - TIG,2017-01-26 21:35:00 +0000,http://finance.yahoo.com/news/iiroc-trading-resumption-tig-213500077.html,[CNW Group] - IIROC Trading Resumption - TIG
TIG,TIG:UW,BBG00BRBNGM6,IIROC Trading Resumption - TIG,2017-01-26 21:35:00 +0000,http://finance.yahoo.com/news/iiroc-trading-resumption-tig-213500809.html?.tsrc=rss,"VANCOUVER, Jan. 26, 2017 /CNW/ - Trading resumes in: Company: Triumph Gold Corp. TSX-Venture Symbol: TIG Resumption (ET): January 27, 2017 8:00 AM IIROC can make a decision to impose a temporary suspension ..."
TIG,TIG:UW,BBG00BRBNGM6,IIROC Trading Halt - TIG,2017-01-26 15:12:00 +0000,http://finance.yahoo.com/news/iiroc-trading-halt-tig-151200928.html?.tsrc=rss,IIROC Trading Halt - TIG
TIG,TIG:UW,BBG00BRBNGM6,IIROC Trading Halt - TIG,2017-01-26 15:12:00 +0000,http://finance.yahoo.com/news/iiroc-trading-halt-tig-151200928.html,[CNW Group] - IIROC Trading Halt - TIG
TIG,TIG:UW,BBG00BRBNGM6,"TiGenix NV (TIG﻿), Interview with Eduardo Bravo, CEO",2017-01-23 20:15:23 +0000,http://articlefeeds.nasdaq.com/~r/nasdaq/symbols/~3/FKoTtb1y4KY/tigenix-nv-tig-interview-with-eduardo-bravo-ceo-cm736970,"Watch the  CEO Signature Series interview  with Eduardo Bravo, Chief Executive Officer of TiGenix NV ( TIG ).     Eduardo Bravo, CEO       CEO Bio:   Mr. Eduardo Bravo has more than twenty-five years experience in the biopharmaceutical industry. He has been CEO of TiGenix since May 2011. Prior to joining TiGenix in"
TIG,TIG:UW,BBG00BRBNGM6,Coverage initiated on TiGenix by BofA/Merrill,2017-01-09 12:39:49 +0000,http://finance.yahoo.com/q/ud?s=TIG,Coverage initiated on TiGenix by BofA/Merrill
TIG,TIG:UW,BBG00BRBNGM6,Takeda notifies 4.48% shareholding in TiGenix,2017-01-09 06:05:10 +0000,http://finance.yahoo.com/news/takeda-notifies-4-48-shareholding-060510881.html,"[GlobeNewswire] - TiGenix NV publishes today a transparency notification pursuant to Article 14 of the Belgian Law of May 2, 2007 regarding the publication of major holdings in issuers whose securities are admitted to trading ..."
TIG,TIG:UW,BBG00BRBNGM6,TiGenix: Transparency Information,2016-12-29 21:05:37 +0000,http://finance.yahoo.com/news/tigenix-transparency-information-210537836.html,"[GlobeNewswire] - Leuven- December 29, 2016, 22:01 h CET- TiGenix NV publishes information in accordance with articles 15 and 18 of the Belgian Law of May 2, 2007 regarding the publication of major holdings in issuers whose ..."
TIG,TIG:UW,BBG00BRBNGM6,TiGenix: notice in relation to the convertible bonds due 2018,2016-12-23 21:03:49 +0000,http://finance.yahoo.com/news/tigenix-notice-relation-convertible-bonds-210349471.html,"[GlobeNewswire] - TiGenix: notice in relation to the convertible bonds due 2018. Leuven- December 23, 2016, 22:01 h CET- TiGenix NV, an advanced biopharmaceutical company focused on developing and commercializing novel ..."
TIG,TIG:UW,BBG00BRBNGM6,TiGenix Submits Day 120 Responses to European Medicines Agency for Cx601 Marketing Authorization,2016-12-22 21:03:27 +0000,http://finance.yahoo.com/news/tigenix-submits-day-120-responses-210327684.html,"[GlobeNewswire] - TiGenix Submits Day 120 Responses to European Medicines Agency for Cx601 Marketing Authorization. Leuven- December 22, 2016, 22:01 h CET- TiGenix NV, an advanced biopharmaceutical company focused on developing ..."
TIG,TIG:UW,BBG00BRBNGM6,TiGenix: Takeda Exercises its Option to Develop and Commercialize Cx601 in both Japan and Canada,2016-12-21 21:07:45 +0000,http://finance.yahoo.com/news/tigenix-takeda-exercises-option-develop-210745581.html,"[GlobeNewswire] - PRESS RELEASE REGULATED INFORMATION INSIDE INFORMATION. Takeda Exercises its Option to Develop and Commercialize Cx601 in both Japan and Canada. Leuven: December 21, 2016, 22:01 h CET- TiGenix NV, an advanced ..."
TIG,TIG:UW,BBG00BRBNGM6,Takeda makes €10 million equity investment in TiGenix,2016-12-20 21:05:02 +0000,http://finance.yahoo.com/news/takeda-makes-10-million-equity-210502767.html,Takeda makes €10 million equity investment in TiGenix
TIG,TIG:UW,BBG00BRBNGM6,Deutsche Bank Appointed as Depositary Bank for the Sponsored Level III American Depositary Receipt Program of TiGenix NV,2016-12-20 18:38:00 +0000,http://uk.finance.yahoo.com/news/deutsche-bank-appointed-depositary-bank-183800981.html,Deutsche Bank Appointed as Depositary Bank for the Sponsored Level III American Depositary Receipt Program of TiGenix NV
TIG,TIG:UW,BBG00BRBNGM6,TiGenix announces closing of NASDAQ IPO,2016-12-20 15:20:45 +0000,http://finance.yahoo.com/news/tigenix-announces-closing-nasdaq-ipo-152045460.html,"[GlobeNewswire] - Leuven- December 20, 2016, 16:00 h CET- TiGenix NV, an advanced biopharmaceutical company focused on developing and commercializing novel therapeutics from its proprietary platforms of allogeneic expanded ..."
TIG,TIG:UW,BBG00BRBNGM6,US IPO Weekly Recap: Last 3 IPOs of 2016 include trivago pricing down and the worst first day of the year,2016-12-16 23:57:26 +0000,http://articlefeeds.nasdaq.com/~r/nasdaq/symbols/~3/MN_S73b0QgY/us-ipo-weekly-recap-last-3-ipos-of-2016-include-trivago-pricing-down-and-the-worst-first-day-of-the-year-cm722806,This past week saw the last three IPOs of 2016 raise 735 million IPO investors were stubborn until the end All three had to price at large discounts to public peers and below expectations Markets absorbed the Fed s long anticipated rate hike and the news of three potential increases next
TIG,TIG:UW,BBG00BRBNGM6,Stock market closes lower after China seizes U.S. underwater drone,2016-12-16 21:25:09 +0000,http://www.marketwatch.com/News/Story/Story.aspx?guid=CBFFC636-C36D-11E6-BB09-47C32D1B660C&siteid=yhoof2,Stock market closes lower after China seizes U.S. underwater drone
TIG,TIG:UW,BBG00BRBNGM6,"Pre-Market Most Active for Dec 16, 2016 :  SAN, GPOR, BAC, AZN, HZNP, DCIX, TLT, CHK, TIG, SYT, SDRL, QQQ",2016-12-16 13:56:48 +0000,http://articlefeeds.nasdaq.com/~r/nasdaq/symbols/~3/6p8WRyYkM9I/pre-market-most-active-for-dec-16-2016-san-gpor-bac-azn-hznp-dcix-tlt-chk-tig-syt-sdrl-qqq-cm722340,The NASDAQ 100 Pre Market Indicator is up 8 17 to 4 941 58 The total Pre Market volume is currently 5 330 833 shares traded The following are the most active stocks for the pre market session Banco Santander S A SAN is 0 05 at 5 19 with 1 259 819 shares
TIG,TIG:UW,BBG00BRBNGM6,Nasdaq Welcomes TiGenix NV (Nasdaq: TIG) to The Nasdaq Stock Market,2016-12-15 22:20:31 +0000,http://finance.yahoo.com/news/nasdaq-welcomes-tigenix-nv-nasdaq-222031082.html,Nasdaq Welcomes TiGenix NV (Nasdaq: TIG) to The Nasdaq Stock Market
TIG,TIG:UW,BBG00BRBNGM6,TiGenix NV (Nasdaq: TIG) to Ring The Nasdaq Stock Market Closing Bell in Celebration of its IPO,2016-12-15 11:00:00 +0000,http://finance.yahoo.com/news/tigenix-nv-nasdaq-tig-ring-110000977.html,"[GlobeNewswire] - What: TiGenix NV, an advanced biopharmaceutical company focused on developing and commercializing novel therapeutics from its proprietary platforms of allogeneic expanded stem cells, will visit the Nasdaq ..."
TIG,TIG:UW,BBG00BRBNGM6,"TiGenix prices US IPO at $15.50, a 14% discount to Brussels-traded shares",2016-12-15 00:55:56 +0000,http://articlefeeds.nasdaq.com/~r/nasdaq/symbols/~3/D9T6A-mK2xU/tigenix-prices-us-ipo-at-1550-a-14-discount-to-brussels-traded-shares-cm721652,TiGenix which is developing injectable stem cell therapies for the treatment of perianal fistulas raised 36 million by offering 2 3 million shares at 15 50 a 14 discount to its Brussels traded shares TiGenix plans to list on the Nasdaq under the symbol TIG It is also listed on the
TIG,TIG:UW,BBG00BRBNGM6,The Week Ahead In The IPO Market,2016-12-12 19:18:37 +0000,http://finance.yahoo.com/news/week-ahead-ipo-market-191837711.html,The Week Ahead In The IPO Market
TIG,TIG:UW,BBG00BRBNGM6,US IPO Week Ahead: 3 deals lined up to close out 2016 IPO market,2016-12-10 00:57:16 +0000,http://articlefeeds.nasdaq.com/~r/nasdaq/symbols/~3/7ZNEX82nhe0/us-ipo-week-ahead-3-deals-lined-up-to-close-out-2016-ipo-market-cm719688,Three companies are set to close out the 2016 IPO class in the upcoming week Hotel search aggregator 160 trivago oil and gas E amp P 160 Wildhorse Resource Development 160 and stemcell therapy company 160 TiGenix 160 are set to push the number of IPOs to 105 for the year
TIG,TIG:UW,BBG00BRBNGM6,"TiGenix, a Belgian stem cell biotech, sets terms for $53 million IPO",2016-12-06 21:21:32 +0000,http://articlefeeds.nasdaq.com/~r/nasdaq/symbols/~3/Ea8zd9hS2tw/tigenix-a-belgian-stem-cell-biotech-sets-terms-for-53-million-ipo-cm717434,TiGenix which is developing injectable stem cell therapies for the treatment of perianal fistulas announced terms for its IPO on Monday The Leuven Belgium based company is currently traded on the Euronext Belgium under ticker symbol TIG and is planning to be dual listed post IPO It
TIG,TIG:UW,BBG00BRBNGM6,"DIVIDED AMERICA: Yearning for unity, enduring divisiveness",2016-10-25 04:15:38 +0000,http://finance.yahoo.com/news/divided-america-yearning-unity-enduring-divisiveness-041517918--election.html,"DIVIDED AMERICA: Yearning for unity, enduring divisiveness"
TIG,TIG:UW,BBG00BRBNGM6,TiGenix: Cx601 For Perianal Fistula Gets Orphan Drug Designation In Switzerland,2016-10-17 01:39:00 +0000,http://articlefeeds.nasdaq.com/~r/nasdaq/symbols/~3/2DXKKlnRp6Y/tigenix-cx601-for-perianal-fistula-gets-orphan-drug-designation-in-switzerland-20161017-00023,TiGenix: Cx601 For Perianal Fistula Gets Orphan Drug Designation In Switzerland
TIG,TIG:UW,BBG00BRBNGM6,"DIVIDED AMERICA: To some, Trump is a desperate survival bid",2016-07-18 14:30:08 +0000,http://sg.finance.yahoo.com/news/divided-america-trump-desperate-survival-143008684.html,"DIVIDED AMERICA: To some, Trump is a desperate survival bid"
TIG,TIG:UW,BBG00BRBNGM6,DIVIDED AMERICA: Town and country offer differing realities,2016-07-05 11:38:48 +0000,http://sg.finance.yahoo.com/news/divided-america-town-country-offer-040236753.html,DIVIDED AMERICA: Town and country offer differing realities
TIG,TIG:UW,BBG00BRBNGM6,DIVIDED AMERICA: Rosy economic averages bypass many in US,2016-06-16 05:56:08 +0000,http://sg.finance.yahoo.com/news/divided-america-rosy-economic-averages-055608872.html,DIVIDED AMERICA: Rosy economic averages bypass many in US
TIG,TIG:UW,BBG00BRBNGM6,Insider Q&A: EIG's John Lettieri on the uneven US recovery,2016-03-27 17:29:22 +0000,http://sg.finance.yahoo.com/news/insider-q-eigs-john-lettieri-172922596.html,Insider Q&A: EIG's John Lettieri on the uneven US recovery
TIG,TIG:UW,BBG00BRBNGM6,AP survey: Voter anxiety at odds with economists' optimism,2016-03-01 15:55:58 +0000,http://sg.finance.yahoo.com/news/ap-survey-voter-anxiety-odds-155558562.html,AP survey: Voter anxiety at odds with economists' optimism
